time="2026-06-29T02:38:20+03:00" level=warning msg="M:\\job already web for jobs\\E-Career\\docker-compose.yml: the attribute `version` is obsolete, it will be ignored, please remove it to avoid potential confusion"
Scraping 101 active sources...
Greenhouse scrape failed for 1047-games-greenhouse: 404 Client Error: Not Found for url: https://api.greenhouse.io/v1/boards/1047-games-greenhouse/jobs?content=true
Greenhouse scrape failed for 2k-greenhouse: 404 Client Error: Not Found for url: https://api.greenhouse.io/v1/boards/2k-greenhouse/jobs?content=true
Lever scrape failed for airship-syndicate-lever: 404 Client Error: Not Found for url: https://api.lever.co/v0/postings/airship-syndicate-lever?mode=json
Greenhouse scrape failed for allergan-data-labs-greenhouse: 404 Client Error: Not Found for url: https://api.greenhouse.io/v1/boards/allergan-data-labs-greenhouse/jobs?content=true
Greenhouse scrape failed for applovin-greenhouse: 404 Client Error: Not Found for url: https://api.greenhouse.io/v1/boards/applovin-greenhouse/jobs?content=true
Greenhouse scrape failed for attune-greenhouse: 404 Client Error: Not Found for url: https://api.greenhouse.io/v1/boards/attune-greenhouse/jobs?content=true
Ashby scrape failed for aviator-ashby: 404 Client Error: Not Found for url: https://api.ashbyhq.com/posting-api/job-board/aviator-ashby
BambooHR scrape failed for bitwise-alchemy-bamboohr: 403 Client Error: Forbidden for url: https://www.bamboohr.com
Greenhouse scrape failed for bungie-greenhouse: 404 Client Error: Not Found for url: https://api.greenhouse.io/v1/boards/bungie-greenhouse/jobs?content=true
Greenhouse scrape failed for canonical-greenhouse: 404 Client Error: Not Found for url: https://api.greenhouse.io/v1/boards/canonical-greenhouse/jobs?content=true
Greenhouse scrape failed for chartboost-greenhouse: 404 Client Error: Not Found for url: https://api.greenhouse.io/v1/boards/chartboost-greenhouse/jobs?content=true
BambooHR scrape failed for community-gaming-bamboohr: 403 Client Error: Forbidden for url: https://www.bamboohr.com
Lever scrape failed for creadits-lever: 404 Client Error: Not Found for url: https://api.lever.co/v0/postings/creadits-lever?mode=json
Greenhouse scrape failed for crystal-dynamics-greenhouse: 404 Client Error: Not Found for url: https://api.greenhouse.io/v1/boards/crystal-dynamics-greenhouse/jobs?content=true
Lever scrape failed for crytek-lever: 404 Client Error: Not Found for url: https://api.lever.co/v0/postings/crytek-lever?mode=json
Lever scrape failed for demiurge-studios-lever: 404 Client Error: Not Found for url: https://api.lever.co/v0/postings/demiurge-studios-lever?mode=json
BambooHR scrape failed for dimension-bamboohr: 403 Client Error: Forbidden for url: https://www.bamboohr.com
Greenhouse scrape failed for discord-greenhouse: 404 Client Error: Not Found for url: https://api.greenhouse.io/v1/boards/discord-greenhouse/jobs?content=true
Lever scrape failed for disruptive-games-lever: 404 Client Error: Not Found for url: https://api.lever.co/v0/postings/disruptive-games-lever?mode=json
Lever scrape failed for elodie-games-lever: 404 Client Error: Not Found for url: https://api.lever.co/v0/postings/elodie-games-lever?mode=json
Lever scrape failed for eneba-games-lever: 404 Client Error: Not Found for url: https://api.lever.co/v0/postings/eneba-games-lever?mode=json
Greenhouse scrape failed for epic-games-greenhouse: 404 Client Error: Not Found for url: https://api.greenhouse.io/v1/boards/epic-games-greenhouse/jobs?content=true
Lever scrape failed for ex-populus-lever: 404 Client Error: Not Found for url: https://api.lever.co/v0/postings/ex-populus-lever?mode=json
Lever scrape failed for fanatee-lever: 404 Client Error: Not Found for url: https://api.lever.co/v0/postings/fanatee-lever?mode=json
BambooHR scrape failed for final-strike-games-bamboohr: 403 Client Error: Forbidden for url: https://www.bamboohr.com
Greenhouse scrape failed for firewalk-studios-greenhouse: 404 Client Error: Not Found for url: https://api.greenhouse.io/v1/boards/firewalk-studios-greenhouse/jobs?content=true
Ashby scrape failed for gardens-interactive-ashby: 404 Client Error: Not Found for url: https://api.ashbyhq.com/posting-api/job-board/gardens-interactive-ashby
Ashby scrape failed for givebutter-ashby: 404 Client Error: Not Found for url: https://api.ashbyhq.com/posting-api/job-board/givebutter-ashby
Greenhouse scrape failed for gram-games-greenhouse: 404 Client Error: Not Found for url: https://api.greenhouse.io/v1/boards/gram-games-greenhouse/jobs?content=true
Greenhouse scrape failed for hb-studios-greenhouse: 404 Client Error: Not Found for url: https://api.greenhouse.io/v1/boards/hb-studios-greenhouse/jobs?content=true
Greenhouse scrape failed for hardsuit-labs-greenhouse: 404 Client Error: Not Found for url: https://api.greenhouse.io/v1/boards/hardsuit-labs-greenhouse/jobs?content=true
Ashby scrape failed for hayden-ai-ashby: 404 Client Error: Not Found for url: https://api.ashbyhq.com/posting-api/job-board/hayden-ai-ashby
Lever scrape failed for hi-rez-studios-lever: 404 Client Error: Not Found for url: https://api.lever.co/v0/postings/hi-rez-studios-lever?mode=json
Greenhouse scrape failed for hightouch-greenhouse: 404 Client Error: Not Found for url: https://api.greenhouse.io/v1/boards/hightouch-greenhouse/jobs?content=true
BambooHR scrape failed for hothead-games-bamboohr: 403 Client Error: Forbidden for url: https://www.bamboohr.com
Greenhouse scrape failed for hypixel-studios-greenhouse: 404 Client Error: Not Found for url: https://api.greenhouse.io/v1/boards/hypixel-studios-greenhouse/jobs?content=true
Lever scrape failed for illumix-lever: 404 Client Error: Not Found for url: https://api.lever.co/v0/postings/illumix-lever?mode=json
Lever scrape failed for improbable-lever: 404 Client Error: Not Found for url: https://api.lever.co/v0/postings/improbable-lever?mode=json
Lever scrape failed for jagex-lever: 404 Client Error: Not Found for url: https://api.lever.co/v0/postings/jagex-lever?mode=json
Lever scrape failed for jam-city-lever: 404 Client Error: Not Found for url: https://api.lever.co/v0/postings/jam-city-lever?mode=json
BambooHR scrape failed for kixeye-bamboohr: 403 Client Error: Forbidden for url: https://www.bamboohr.com
Lever scrape failed for kabam-lever: 404 Client Error: Not Found for url: https://api.lever.co/v0/postings/kabam-lever?mode=json
Lever scrape failed for kwalee-lever: 404 Client Error: Not Found for url: https://api.lever.co/v0/postings/kwalee-lever?mode=json
Greenhouse scrape failed for la-clippers-greenhouse: 404 Client Error: Not Found for url: https://api.greenhouse.io/v1/boards/la-clippers-greenhouse/jobs?content=true
Greenhouse scrape failed for media-molecule-greenhouse: 404 Client Error: Not Found for url: https://api.greenhouse.io/v1/boards/media-molecule-greenhouse/jobs?content=true
Greenhouse scrape failed for mojang-studios-greenhouse: 404 Client Error: Not Found for url: https://api.greenhouse.io/v1/boards/mojang-studios-greenhouse/jobs?content=true
Ashby scrape failed for mona-ashby: 404 Client Error: Not Found for url: https://api.ashbyhq.com/posting-api/job-board/mona-ashby
Greenhouse scrape failed for naughty-dog-greenhouse: 404 Client Error: Not Found for url: https://api.greenhouse.io/v1/boards/naughty-dog-greenhouse/jobs?content=true
Greenhouse scrape failed for niantic-greenhouse: 404 Client Error: Not Found for url: https://api.greenhouse.io/v1/boards/niantic-greenhouse/jobs?content=true
Greenhouse scrape failed for nimble-giant-entertainment-greenhouse: 404 Client Error: Not Found for url: https://api.greenhouse.io/v1/boards/nimble-giant-entertainment-greenhouse/jobs?content=true
Greenhouse scrape failed for op-labs-greenhouse: 404 Client Error: Not Found for url: https://api.greenhouse.io/v1/boards/op-labs-greenhouse/jobs?content=true
Greenhouse scrape failed for oni-studios-greenhouse: 404 Client Error: Not Found for url: https://api.greenhouse.io/v1/boards/oni-studios-greenhouse/jobs?content=true
Ashby scrape failed for opensea-ashby: 404 Client Error: Not Found for url: https://api.ashbyhq.com/posting-api/job-board/opensea-ashby
Ashby scrape failed for patreon-ashby: 404 Client Error: Not Found for url: https://api.ashbyhq.com/posting-api/job-board/patreon-ashby
Greenhouse scrape failed for penn-interactive-greenhouse: 404 Client Error: Not Found for url: https://api.greenhouse.io/v1/boards/penn-interactive-greenhouse/jobs?content=true
Lever scrape failed for peoplefun-lever: 404 Client Error: Not Found for url: https://api.lever.co/v0/postings/peoplefun-lever?mode=json
Greenhouse scrape failed for playgig-greenhouse: 404 Client Error: Not Found for url: https://api.greenhouse.io/v1/boards/playgig-greenhouse/jobs?content=true
Greenhouse scrape failed for playstation-london-studio-greenhouse: 404 Client Error: Not Found for url: https://api.greenhouse.io/v1/boards/playstation-london-studio-greenhouse/jobs?content=true
Greenhouse scrape failed for playq-greenhouse: 404 Client Error: Not Found for url: https://api.greenhouse.io/v1/boards/playq-greenhouse/jobs?content=true
Ashby scrape failed for pocket-worlds-ashby: 404 Client Error: Not Found for url: https://api.ashbyhq.com/posting-api/job-board/pocket-worlds-ashby
Greenhouse scrape failed for rec-room-greenhouse: 404 Client Error: Not Found for url: https://api.greenhouse.io/v1/boards/rec-room-greenhouse/jobs?content=true
Ashby scrape failed for regression-games-ashby: 404 Client Error: Not Found for url: https://api.ashbyhq.com/posting-api/job-board/regression-games-ashby
Greenhouse scrape failed for roblox-greenhouse: 404 Client Error: Not Found for url: https://api.greenhouse.io/v1/boards/roblox-greenhouse/jobs?content=true
Greenhouse scrape failed for rockstar-games-greenhouse: 404 Client Error: Not Found for url: https://api.greenhouse.io/v1/boards/rockstar-games-greenhouse/jobs?content=true
BambooHR scrape failed for schell-games-bamboohr: 403 Client Error: Forbidden for url: https://www.bamboohr.com
Greenhouse scrape failed for seam-greenhouse: 404 Client Error: Not Found for url: https://api.greenhouse.io/v1/boards/seam-greenhouse/jobs?content=true
Greenhouse scrape failed for sony-interactive-entertainment-greenhouse: 404 Client Error: Not Found for url: https://api.greenhouse.io/v1/boards/sony-interactive-entertainment-greenhouse/jobs?content=true
Ashby scrape failed for speckle-ashby: 404 Client Error: Not Found for url: https://api.ashbyhq.com/posting-api/job-board/speckle-ashby
Ashby scrape failed for spellbrush-ashby: 404 Client Error: Not Found for url: https://api.ashbyhq.com/posting-api/job-board/spellbrush-ashby
/usr/local/lib/python3.11/site-packages/django/db/models/fields/__init__.py:1595: RuntimeWarning: DateTimeField Job.expires_at received a naive datetime (2026-09-26 23:39:04.631937) while time zone support is active.
  warnings.warn(
Failed to process job: null value in column "experience_level" of relation "jobs_job" violates not-null constraint
DETAIL:  Failing row contains (3, 2026-06-28 23:39:04.632265+00, 2026-06-28 23:39:04.632275+00, c53150da-4f5e-4918-9595-49eb0d45ea20, Account Executive, Commercial Hunter (Japanese fluency), stripe-account-executive-commercial-hunter-japanese-fluen-778953..., Japan, , , null, &lt;h2&gt;&lt;strong&gt;Who we are&lt;/strong&gt;&lt;/h2&gt;
&lt..., null, null, USD, , null, null, active, 0, 0, 1, 1, null, null, f, 7789539, greenhouse, https://stripe.com/jobs/search?gh_jid=7789539, null, 2026-09-26 23:39:04.631937+00, f, ["Missing or invalid company name"], 0.8, {"id": 7789539, "title": "Account Executive, Commercial Hunter (..., null, EGP, null, null, 2026-06-28 23:39:04.631932+00, , scraped).

/usr/local/lib/python3.11/site-packages/django/db/models/fields/__init__.py:1595: RuntimeWarning: DateTimeField Job.expires_at received a naive datetime (2026-09-26 23:39:04.646197) while time zone support is active.
  warnings.warn(
Failed to process job: null value in column "experience_level" of relation "jobs_job" violates not-null constraint
DETAIL:  Failing row contains (4, 2026-06-28 23:39:04.646365+00, 2026-06-28 23:39:04.646375+00, a596ccb4-2a84-4376-a992-70dc4e1b2c2a, Account Executive, Cross Border China, stripe-account-executive-cross-border-china-7893199, Singapore, , , null, &lt;h2&gt;Who we are&lt;/h2&gt;
&lt;h3&gt;About Stripe&lt;/h3&gt..., null, null, USD, , null, null, active, 0, 0, 1, 1, null, null, f, 7893199, greenhouse, https://stripe.com/jobs/search?gh_jid=7893199, null, 2026-09-26 23:39:04.646197+00, f, ["Missing or invalid company name"], 0.8, {"id": 7893199, "title": "Account Executive, Cross Border China"..., null, EGP, null, null, 2026-06-28 23:39:04.646193+00, , scraped).

/usr/local/lib/python3.11/site-packages/django/db/models/fields/__init__.py:1595: RuntimeWarning: DateTimeField Job.expires_at received a naive datetime (2026-09-26 23:39:04.650799) while time zone support is active.
  warnings.warn(
Failed to process job: null value in column "experience_level" of relation "jobs_job" violates not-null constraint
DETAIL:  Failing row contains (5, 2026-06-28 23:39:04.650964+00, 2026-06-28 23:39:04.650973+00, 72b9c0c9-2be6-4a08-b13b-fb50dc2b6bfa, Account Executive - Enterprise, Grower, stripe-account-executive-enterprise-grower-7993151, US-Remote, US-San Francisco, US-Chicago, US-New York, US-Seattle, , , null, &lt;h2&gt;&lt;strong&gt;Who we are&lt;/strong&gt;&lt;/h2&gt;
&lt..., null, null, USD, , null, null, active, 0, 0, 1, 1, null, null, f, 7993151, greenhouse, https://stripe.com/jobs/search?gh_jid=7993151, null, 2026-09-26 23:39:04.650799+00, f, ["Missing or invalid company name"], 0.8, {"id": 7993151, "title": "Account Executive - Enterprise, Grower..., null, EGP, null, null, 2026-06-28 23:39:04.650794+00, , scraped).

/usr/local/lib/python3.11/site-packages/django/db/models/fields/__init__.py:1595: RuntimeWarning: DateTimeField Job.expires_at received a naive datetime (2026-09-26 23:39:04.654388) while time zone support is active.
  warnings.warn(
Failed to process job: null value in column "experience_level" of relation "jobs_job" violates not-null constraint
DETAIL:  Failing row contains (6, 2026-06-28 23:39:04.654567+00, 2026-06-28 23:39:04.654577+00, cce94001-91bc-4720-83c5-a036bb50bf59, Account Executive, Enterprise - Grower, stripe-account-executive-enterprise-grower-7997555, US-New York, US-Chicago, US-Atlanta, US-San Francisco, , , null, &lt;h2&gt;&lt;strong&gt;Who we are&lt;/strong&gt;&lt;/h2&gt;
&lt..., null, null, USD, , null, null, active, 0, 0, 1, 1, null, null, f, 7997555, greenhouse, https://stripe.com/jobs/search?gh_jid=7997555, null, 2026-09-26 23:39:04.654388+00, f, ["Missing or invalid company name"], 0.8, {"id": 7997555, "title": "Account Executive, Enterprise - Grower..., null, EGP, null, null, 2026-06-28 23:39:04.654384+00, , scraped).

/usr/local/lib/python3.11/site-packages/django/db/models/fields/__init__.py:1595: RuntimeWarning: DateTimeField Job.expires_at received a naive datetime (2026-09-26 23:39:04.657755) while time zone support is active.
  warnings.warn(
Failed to process job: null value in column "experience_level" of relation "jobs_job" violates not-null constraint
DETAIL:  Failing row contains (7, 2026-06-28 23:39:04.65791+00, 2026-06-28 23:39:04.65792+00, c071de00-b842-4692-a8a2-5f3e5dd24ce8, Account Executive, Enterprise Grower (Australia), stripe-account-executive-enterprise-grower-australia-7717676, Sydney, Australia, , , null, &lt;h2&gt;Who we are&lt;/h2&gt;
&lt;h3&gt;About Stripe&lt;/h3&gt..., null, null, USD, , null, null, active, 0, 0, 1, 1, null, null, f, 7717676, greenhouse, https://stripe.com/jobs/search?gh_jid=7717676, null, 2026-09-26 23:39:04.657755+00, f, ["Missing or invalid company name"], 0.8, {"id": 7717676, "title": "Account Executive, Enterprise Grower (..., null, EGP, null, null, 2026-06-28 23:39:04.657751+00, , scraped).

/usr/local/lib/python3.11/site-packages/django/db/models/fields/__init__.py:1595: RuntimeWarning: DateTimeField Job.expires_at received a naive datetime (2026-09-26 23:39:04.661224) while time zone support is active.
  warnings.warn(
Failed to process job: null value in column "experience_level" of relation "jobs_job" violates not-null constraint
DETAIL:  Failing row contains (8, 2026-06-28 23:39:04.661549+00, 2026-06-28 23:39:04.661565+00, 272f6b93-a390-41ca-9759-b7ceaed267b5, Account Executive, Enterprise - Hunter, stripe-account-executive-enterprise-hunter-7994330, US-San Francisco, US-Chicago, US-New York, , , null, &lt;h2&gt;&lt;strong&gt;Who we are&lt;/strong&gt;&lt;/h2&gt;
&lt..., null, null, USD, , null, null, active, 0, 0, 1, 1, null, null, f, 7994330, greenhouse, https://stripe.com/jobs/search?gh_jid=7994330, null, 2026-09-26 23:39:04.661224+00, f, ["Missing or invalid company name"], 0.8, {"id": 7994330, "title": "Account Executive, Enterprise - Hunter..., null, EGP, null, null, 2026-06-28 23:39:04.66122+00, , scraped).

/usr/local/lib/python3.11/site-packages/django/db/models/fields/__init__.py:1595: RuntimeWarning: DateTimeField Job.expires_at received a naive datetime (2026-09-26 23:39:04.665903) while time zone support is active.
  warnings.warn(
Failed to process job: null value in column "experience_level" of relation "jobs_job" violates not-null constraint
DETAIL:  Failing row contains (9, 2026-06-28 23:39:04.666064+00, 2026-06-28 23:39:04.666072+00, 30d155ed-73d6-4341-bc0b-e7a29f094823, Account Executive, Enterprise Hunter (DACH Market)  , stripe-account-executive-enterprise-hunter-dach-market-7825578, Germany, , , null, &lt;h2&gt;Who we are&lt;/h2&gt;
&lt;h3&gt;About Stripe&lt;/h3&gt..., null, null, USD, , null, null, active, 0, 0, 1, 1, null, null, f, 7825578, greenhouse, https://stripe.com/jobs/search?gh_jid=7825578, null, 2026-09-26 23:39:04.665903+00, f, ["Missing or invalid company name"], 0.8, {"id": 7825578, "title": "Account Executive, Enterprise Hunter (..., null, EGP, null, null, 2026-06-28 23:39:04.665899+00, , scraped).

/usr/local/lib/python3.11/site-packages/django/db/models/fields/__init__.py:1595: RuntimeWarning: DateTimeField Job.expires_at received a naive datetime (2026-09-26 23:39:04.669537) while time zone support is active.
  warnings.warn(
Failed to process job: null value in column "experience_level" of relation "jobs_job" violates not-null constraint
DETAIL:  Failing row contains (10, 2026-06-28 23:39:04.669703+00, 2026-06-28 23:39:04.669713+00, 696d8582-628d-4b06-ab5b-c5fe089cbaee, Account Executive, Enterprise Hunter (French fluency), stripe-account-executive-enterprise-hunter-french-fluency-745883..., Paris, , , null, &lt;h2&gt;Who we are&lt;/h2&gt;
&lt;h3&gt;About Stripe&lt;/h3&gt..., null, null, USD, , null, null, active, 0, 0, 1, 1, null, null, f, 7458833, greenhouse, https://stripe.com/jobs/search?gh_jid=7458833, null, 2026-09-26 23:39:04.669537+00, f, ["Missing or invalid company name"], 0.8, {"id": 7458833, "title": "Account Executive, Enterprise Hunter (..., null, EGP, null, null, 2026-06-28 23:39:04.669533+00, , scraped).

/usr/local/lib/python3.11/site-packages/django/db/models/fields/__init__.py:1595: RuntimeWarning: DateTimeField Job.expires_at received a naive datetime (2026-09-26 23:39:04.673055) while time zone support is active.
  warnings.warn(
Failed to process job: null value in column "experience_level" of relation "jobs_job" violates not-null constraint
DETAIL:  Failing row contains (11, 2026-06-28 23:39:04.673204+00, 2026-06-28 23:39:04.673214+00, bb5b4937-e237-4e08-b4a9-0edf40b06908, Account Executive, Enterprise Hunter (Iberia Market) , stripe-account-executive-enterprise-hunter-iberia-market-7394627, Spain, , , null, &lt;h2&gt;Who we are&lt;/h2&gt;
&lt;h3&gt;About Stripe&lt;/h3&gt..., null, null, USD, , null, null, active, 0, 0, 1, 1, null, null, f, 7394627, greenhouse, https://stripe.com/jobs/search?gh_jid=7394627, null, 2026-09-26 23:39:04.673055+00, f, ["Missing or invalid company name"], 0.8, {"id": 7394627, "title": "Account Executive, Enterprise Hunter (..., null, EGP, null, null, 2026-06-28 23:39:04.673051+00, , scraped).

/usr/local/lib/python3.11/site-packages/django/db/models/fields/__init__.py:1595: RuntimeWarning: DateTimeField Job.expires_at received a naive datetime (2026-09-26 23:39:04.676710) while time zone support is active.
  warnings.warn(
Failed to process job: null value in column "experience_level" of relation "jobs_job" violates not-null constraint
DETAIL:  Failing row contains (12, 2026-06-28 23:39:04.676863+00, 2026-06-28 23:39:04.676873+00, 81fdb13b-6895-478e-b330-4d2f94792751, Account Executive, Enterprise Hunter (Japanese fluency), stripe-account-executive-enterprise-hunter-japanese-fluen-752881..., Tokyo, , , null, &lt;h2&gt;Who we are&lt;/h2&gt;
&lt;h3&gt;About Stripe&lt;/h3&gt..., null, null, USD, , null, null, active, 0, 0, 1, 1, null, null, f, 7528816, greenhouse, https://stripe.com/jobs/search?gh_jid=7528816, null, 2026-09-26 23:39:04.67671+00, f, ["Missing or invalid company name"], 0.8, {"id": 7528816, "title": "Account Executive, Enterprise Hunter (..., null, EGP, null, null, 2026-06-28 23:39:04.676706+00, , scraped).

/usr/local/lib/python3.11/site-packages/django/db/models/fields/__init__.py:1595: RuntimeWarning: DateTimeField Job.expires_at received a naive datetime (2026-09-26 23:39:04.680489) while time zone support is active.
  warnings.warn(
Failed to process job: null value in column "experience_level" of relation "jobs_job" violates not-null constraint
DETAIL:  Failing row contains (13, 2026-06-28 23:39:04.680633+00, 2026-06-28 23:39:04.680642+00, 697610d8-9082-41e6-b4d8-cf55dd0310ce, Account Executive, Enterprise Platforms (Grower), stripe-account-executive-enterprise-platforms-grower-7576967, San Francisco, CA; Chicago, IL & New York, NY, , , null, &lt;h2&gt;&lt;strong&gt;Who we are&lt;/strong&gt;&lt;/h2&gt;
&lt..., null, null, USD, , null, null, active, 0, 0, 1, 1, null, null, f, 7576967, greenhouse, https://stripe.com/jobs/search?gh_jid=7576967, null, 2026-09-26 23:39:04.680489+00, f, ["Missing or invalid company name"], 0.8, {"id": 7576967, "title": "Account Executive, Enterprise Platform..., null, EGP, null, null, 2026-06-28 23:39:04.680485+00, , scraped).

/usr/local/lib/python3.11/site-packages/django/db/models/fields/__init__.py:1595: RuntimeWarning: DateTimeField Job.expires_at received a naive datetime (2026-09-26 23:39:04.685010) while time zone support is active.
  warnings.warn(
Failed to process job: null value in column "experience_level" of relation "jobs_job" violates not-null constraint
DETAIL:  Failing row contains (14, 2026-06-28 23:39:04.685164+00, 2026-06-28 23:39:04.685173+00, 90e4c8a5-3984-4a3b-ba01-b955e6b6b7ed, Account Executive, Enterprise Platforms, Hunter, stripe-account-executive-enterprise-platforms-hunter-7961609, New York, NY; San Francisco, CA; Seattle, WA; Los Angeles, CA; D..., , , null, &lt;h2&gt;Who we are&lt;/h2&gt;
&lt;h3&gt;About Stripe&lt;/h3&gt..., null, null, USD, , null, null, active, 0, 0, 1, 1, null, null, f, 7961609, greenhouse, https://stripe.com/jobs/search?gh_jid=7961609, null, 2026-09-26 23:39:04.68501+00, f, ["Missing or invalid company name"], 0.8, {"id": 7961609, "title": "Account Executive, Enterprise Platform..., null, EGP, null, null, 2026-06-28 23:39:04.685006+00, , scraped).

/usr/local/lib/python3.11/site-packages/django/db/models/fields/__init__.py:1595: RuntimeWarning: DateTimeField Job.expires_at received a naive datetime (2026-09-26 23:39:04.688538) while time zone support is active.
  warnings.warn(
Failed to process job: null value in column "experience_level" of relation "jobs_job" violates not-null constraint
DETAIL:  Failing row contains (15, 2026-06-28 23:39:04.688688+00, 2026-06-28 23:39:04.688697+00, 958becf2-234f-4509-b7fe-9ec3dcfb55a6, Account Executive, Existing Business, Platforms, stripe-account-executive-existing-business-platforms-7922618, New York, NY, , , null, &lt;h2&gt;&lt;strong&gt;Who we are &lt;/strong&gt;&lt;/h2&gt;
&l..., null, null, USD, , null, null, active, 0, 0, 1, 1, null, null, f, 7922618, greenhouse, https://stripe.com/jobs/search?gh_jid=7922618, null, 2026-09-26 23:39:04.688538+00, f, ["Missing or invalid company name"], 0.8, {"id": 7922618, "title": "Account Executive, Existing Business, ..., null, EGP, null, null, 2026-06-28 23:39:04.688535+00, , scraped).

/usr/local/lib/python3.11/site-packages/django/db/models/fields/__init__.py:1595: RuntimeWarning: DateTimeField Job.expires_at received a naive datetime (2026-09-26 23:39:04.692075) while time zone support is active.
  warnings.warn(
Failed to process job: null value in column "experience_level" of relation "jobs_job" violates not-null constraint
DETAIL:  Failing row contains (16, 2026-06-28 23:39:04.692226+00, 2026-06-28 23:39:04.692235+00, c08f03c5-9ceb-4a25-8859-9898cf152e51, Account Executive, Funded Startups - Expansion, stripe-account-executive-funded-startups-expansion-8017336, Chicago, , , null, &lt;h2&gt;Who we are&lt;/h2&gt;
&lt;h3&gt;About Stripe&lt;/h3&gt..., null, null, USD, , null, null, active, 0, 0, 1, 1, null, null, f, 8017336, greenhouse, https://stripe.com/jobs/search?gh_jid=8017336, null, 2026-09-26 23:39:04.692075+00, f, ["Missing or invalid company name"], 0.8, {"id": 8017336, "title": "Account Executive, Funded Startups - E..., null, EGP, null, null, 2026-06-28 23:39:04.692071+00, , scraped).

/usr/local/lib/python3.11/site-packages/django/db/models/fields/__init__.py:1595: RuntimeWarning: DateTimeField Job.expires_at received a naive datetime (2026-09-26 23:39:04.696161) while time zone support is active.
  warnings.warn(
Failed to process job: null value in column "experience_level" of relation "jobs_job" violates not-null constraint
DETAIL:  Failing row contains (17, 2026-06-28 23:39:04.69636+00, 2026-06-28 23:39:04.696397+00, ea0a9310-7e68-424c-8178-b0e51918802d, Account Executive, Funded Startups - Expansion, stripe-account-executive-funded-startups-expansion-8024368, San Francisco, , , null, &lt;h2&gt;Who we are&lt;/h2&gt;
&lt;h3&gt;About Stripe&lt;/h3&gt..., null, null, USD, , null, null, active, 0, 0, 1, 1, null, null, f, 8024368, greenhouse, https://stripe.com/jobs/search?gh_jid=8024368, null, 2026-09-26 23:39:04.696161+00, f, ["Missing or invalid company name"], 0.8, {"id": 8024368, "title": "Account Executive, Funded Startups - E..., null, EGP, null, null, 2026-06-28 23:39:04.696157+00, , scraped).

/usr/local/lib/python3.11/site-packages/django/db/models/fields/__init__.py:1595: RuntimeWarning: DateTimeField Job.expires_at received a naive datetime (2026-09-26 23:39:04.699985) while time zone support is active.
  warnings.warn(
Failed to process job: null value in column "experience_level" of relation "jobs_job" violates not-null constraint
DETAIL:  Failing row contains (18, 2026-06-28 23:39:04.700123+00, 2026-06-28 23:39:04.700132+00, a522f8e1-eb88-40c5-a00c-3c6f98d63c0e, Account Executive, Funded Startups, Hunter, stripe-account-executive-funded-startups-hunter-7746888, San Francisco, New York City, , , null, &lt;h2&gt;Who we are&lt;/h2&gt;
&lt;h3&gt;About Stripe&lt;/h3&gt..., null, null, USD, , null, null, active, 0, 0, 1, 1, null, null, f, 7746888, greenhouse, https://stripe.com/jobs/search?gh_jid=7746888, null, 2026-09-26 23:39:04.699985+00, f, ["Missing or invalid company name"], 0.8, {"id": 7746888, "title": "Account Executive, Funded Startups, Hu..., null, EGP, null, null, 2026-06-28 23:39:04.699981+00, , scraped).

/usr/local/lib/python3.11/site-packages/django/db/models/fields/__init__.py:1595: RuntimeWarning: DateTimeField Job.expires_at received a naive datetime (2026-09-26 23:39:04.704586) while time zone support is active.
  warnings.warn(
Failed to process job: null value in column "experience_level" of relation "jobs_job" violates not-null constraint
DETAIL:  Failing row contains (19, 2026-06-28 23:39:04.704747+00, 2026-06-28 23:39:04.704758+00, 3416a996-8e5c-4b97-826c-8fc728b4bb45, Account Executive, Hunter (Portuguese Speaking), stripe-account-executive-hunter-portuguese-speaking-7908925, Madrid, , , null, &lt;p&gt;&lt;strong&gt;Who we are&lt;/strong&gt;&lt;/p&gt;
&lt;p..., null, null, USD, , null, null, active, 0, 0, 1, 1, null, null, f, 7908925, greenhouse, https://stripe.com/jobs/search?gh_jid=7908925, null, 2026-09-26 23:39:04.704586+00, f, ["Missing or invalid company name"], 0.8, {"id": 7908925, "title": "Account Executive, Hunter (Portuguese ..., null, EGP, null, null, 2026-06-28 23:39:04.704582+00, , scraped).

/usr/local/lib/python3.11/site-packages/django/db/models/fields/__init__.py:1595: RuntimeWarning: DateTimeField Job.expires_at received a naive datetime (2026-09-26 23:39:04.708244) while time zone support is active.
  warnings.warn(
Failed to process job: null value in column "experience_level" of relation "jobs_job" violates not-null constraint
DETAIL:  Failing row contains (20, 2026-06-28 23:39:04.708449+00, 2026-06-28 23:39:04.70846+00, b638a050-58ab-4d7f-93ba-89474d87c4db, Account Executive, Mid Market (Hunter), stripe-account-executive-mid-market-hunter-7863714, Chicago, , , null, &lt;h2&gt;&lt;strong&gt;Who we are&lt;/strong&gt;&lt;/h2&gt;
&lt..., null, null, USD, , null, null, active, 0, 0, 1, 1, null, null, f, 7863714, greenhouse, https://stripe.com/jobs/search?gh_jid=7863714, null, 2026-09-26 23:39:04.708244+00, f, ["Missing or invalid company name"], 0.8, {"id": 7863714, "title": "Account Executive, Mid Market (Hunter)..., null, EGP, null, null, 2026-06-28 23:39:04.708241+00, , scraped).

/usr/local/lib/python3.11/site-packages/django/db/models/fields/__init__.py:1595: RuntimeWarning: DateTimeField Job.expires_at received a naive datetime (2026-09-26 23:39:04.712471) while time zone support is active.
  warnings.warn(
Failed to process job: null value in column "experience_level" of relation "jobs_job" violates not-null constraint
DETAIL:  Failing row contains (21, 2026-06-28 23:39:04.712773+00, 2026-06-28 23:39:04.712787+00, 3c91062d-fb78-4890-a170-d5596bea8b18, Account Executive, Platforms, stripe-account-executive-platforms-7451366, London, , , null, &lt;h2&gt;Who we are&lt;/h2&gt;
&lt;h3&gt;About Stripe&lt;/h3&gt..., null, null, USD, , null, null, active, 0, 0, 1, 1, null, null, f, 7451366, greenhouse, https://stripe.com/jobs/search?gh_jid=7451366, null, 2026-09-26 23:39:04.712471+00, f, ["Missing or invalid company name"], 0.8, {"id": 7451366, "title": "Account Executive, Platforms", "locati..., null, EGP, null, null, 2026-06-28 23:39:04.712465+00, , scraped).

/usr/local/lib/python3.11/site-packages/django/db/models/fields/__init__.py:1595: RuntimeWarning: DateTimeField Job.expires_at received a naive datetime (2026-09-26 23:39:04.716122) while time zone support is active.
  warnings.warn(
Failed to process job: null value in column "experience_level" of relation "jobs_job" violates not-null constraint
DETAIL:  Failing row contains (22, 2026-06-28 23:39:04.716272+00, 2026-06-28 23:39:04.716283+00, ed0dd17e-1dbf-4df0-929b-81cc8cedba39, Account Executive, Platforms (French Speaking), stripe-account-executive-platforms-french-speaking-7984715, Dublin, Paris, , , null, &lt;p&gt;&lt;strong&gt;Who we are&lt;/strong&gt;&lt;/p&gt;
&lt;p..., null, null, USD, , null, null, active, 0, 0, 1, 1, null, null, f, 7984715, greenhouse, https://stripe.com/jobs/search?gh_jid=7984715, null, 2026-09-26 23:39:04.716122+00, f, ["Missing or invalid company name"], 0.8, {"id": 7984715, "title": "Account Executive, Platforms (French S..., null, EGP, null, null, 2026-06-28 23:39:04.716119+00, , scraped).

/usr/local/lib/python3.11/site-packages/django/db/models/fields/__init__.py:1595: RuntimeWarning: DateTimeField Job.expires_at received a naive datetime (2026-09-26 23:39:04.719990) while time zone support is active.
  warnings.warn(
Failed to process job: null value in column "experience_level" of relation "jobs_job" violates not-null constraint
DETAIL:  Failing row contains (23, 2026-06-28 23:39:04.720141+00, 2026-06-28 23:39:04.72015+00, 39ecca8c-5564-416f-935d-8624a88e3c31, Account Executive, Platforms Grower (AUNZ), stripe-account-executive-platforms-grower-aunz-7680548, Sydney Or Melbourne, , , null, &lt;h2&gt;Who we are&lt;/h2&gt;
&lt;h3&gt;About Stripe&lt;/h3&gt..., null, null, USD, , null, null, active, 0, 0, 1, 1, null, null, f, 7680548, greenhouse, https://stripe.com/jobs/search?gh_jid=7680548, null, 2026-09-26 23:39:04.71999+00, f, ["Missing or invalid company name"], 0.8, {"id": 7680548, "title": "Account Executive, Platforms Grower (A..., null, EGP, null, null, 2026-06-28 23:39:04.719987+00, , scraped).

/usr/local/lib/python3.11/site-packages/django/db/models/fields/__init__.py:1595: RuntimeWarning: DateTimeField Job.expires_at received a naive datetime (2026-09-26 23:39:04.724113) while time zone support is active.
  warnings.warn(
Failed to process job: null value in column "experience_level" of relation "jobs_job" violates not-null constraint
DETAIL:  Failing row contains (24, 2026-06-28 23:39:04.724566+00, 2026-06-28 23:39:04.724584+00, 80bb2899-fb6d-4aa0-89fe-1d2b88d0e3fc, Account Executive, Platforms Hunter (French fluency), stripe-account-executive-platforms-hunter-french-fluency-7857010, Paris, France, , , null, &lt;h3&gt;&lt;strong&gt;Who we are&lt;/strong&gt;&amp;nbsp;&lt;/..., null, null, USD, , null, null, active, 0, 0, 1, 1, null, null, f, 7857010, greenhouse, https://stripe.com/jobs/search?gh_jid=7857010, null, 2026-09-26 23:39:04.724113+00, f, ["Missing or invalid company name"], 0.8, {"id": 7857010, "title": "Account Executive, Platforms Hunter (F..., null, EGP, null, null, 2026-06-28 23:39:04.724107+00, , scraped).

/usr/local/lib/python3.11/site-packages/django/db/models/fields/__init__.py:1595: RuntimeWarning: DateTimeField Job.expires_at received a naive datetime (2026-09-26 23:39:04.728651) while time zone support is active.
  warnings.warn(
Failed to process job: null value in column "experience_level" of relation "jobs_job" violates not-null constraint
DETAIL:  Failing row contains (25, 2026-06-28 23:39:04.728798+00, 2026-06-28 23:39:04.728806+00, a1f94cf2-9352-4c5a-bf65-6d4a7a428d3e, Account Executive, Platforms (New Business) , stripe-account-executive-platforms-new-business-7298935, US-Remote, , , null, &lt;h3&gt;&lt;strong&gt;About Stripe&lt;/strong&gt;&lt;/h3&gt;
&..., null, null, USD, , null, null, active, 0, 0, 1, 1, null, null, f, 7298935, greenhouse, https://stripe.com/jobs/search?gh_jid=7298935, null, 2026-09-26 23:39:04.728651+00, f, ["Missing or invalid company name"], 0.8, {"id": 7298935, "title": "Account Executive, Platforms (New Busi..., null, EGP, null, null, 2026-06-28 23:39:04.728648+00, , scraped).

/usr/local/lib/python3.11/site-packages/django/db/models/fields/__init__.py:1595: RuntimeWarning: DateTimeField Job.expires_at received a naive datetime (2026-09-26 23:39:04.732696) while time zone support is active.
  warnings.warn(
Failed to process job: null value in column "experience_level" of relation "jobs_job" violates not-null constraint
DETAIL:  Failing row contains (26, 2026-06-28 23:39:04.732847+00, 2026-06-28 23:39:04.732857+00, 2f3ffb9f-6cdd-4c9b-b078-0d9c41edcf26, Account Executive, Product Sales (BaaS), stripe-account-executive-product-sales-baas-7456716, SF, NYC, remote, , , null, &lt;h3&gt;&lt;strong&gt;About Stripe&lt;/strong&gt;&lt;/h3&gt;
&..., null, null, USD, , null, null, active, 0, 0, 1, 1, null, null, f, 7456716, greenhouse, https://stripe.com/jobs/search?gh_jid=7456716, null, 2026-09-26 23:39:04.732696+00, f, ["Missing or invalid company name"], 0.8, {"id": 7456716, "title": "Account Executive, Product Sales (BaaS..., null, EGP, null, null, 2026-06-28 23:39:04.732692+00, , scraped).

/usr/local/lib/python3.11/site-packages/django/db/models/fields/__init__.py:1595: RuntimeWarning: DateTimeField Job.expires_at received a naive datetime (2026-09-26 23:39:04.736398) while time zone support is active.
  warnings.warn(
Failed to process job: null value in column "experience_level" of relation "jobs_job" violates not-null constraint
DETAIL:  Failing row contains (27, 2026-06-28 23:39:04.736544+00, 2026-06-28 23:39:04.736552+00, abf0c808-7f53-43f9-a8dd-85f32ac6b7cd, Account Executive, Product Sales - Capital, stripe-account-executive-product-sales-capital-7728365, SF, NYC, SEA, CHI, , , null, &lt;h2&gt;Who we are&lt;/h2&gt;
&lt;h3&gt;About Stripe&lt;/h3&gt..., null, null, USD, , null, null, active, 0, 0, 1, 1, null, null, f, 7728365, greenhouse, https://stripe.com/jobs/search?gh_jid=7728365, null, 2026-09-26 23:39:04.736398+00, f, ["Missing or invalid company name"], 0.8, {"id": 7728365, "title": "Account Executive, Product Sales - Cap..., null, EGP, null, null, 2026-06-28 23:39:04.736394+00, , scraped).

/usr/local/lib/python3.11/site-packages/django/db/models/fields/__init__.py:1595: RuntimeWarning: DateTimeField Job.expires_at received a naive datetime (2026-09-26 23:39:04.740535) while time zone support is active.
  warnings.warn(
Failed to process job: null value in column "experience_level" of relation "jobs_job" violates not-null constraint
DETAIL:  Failing row contains (28, 2026-06-28 23:39:04.740697+00, 2026-06-28 23:39:04.740706+00, 62f6c867-4d88-45fc-a722-caf3ce04188a, Account Executive, Product Sales (Tax), stripe-account-executive-product-sales-tax-7940059, US-Chicago, US-SF-HQ, , , null, &lt;h2&gt;&lt;strong&gt;Who we are&lt;/strong&gt;&lt;/h2&gt;
&lt..., null, null, USD, , null, null, active, 0, 0, 1, 1, null, null, f, 7940059, greenhouse, https://stripe.com/jobs/search?gh_jid=7940059, null, 2026-09-26 23:39:04.740535+00, f, ["Missing or invalid company name"], 0.8, {"id": 7940059, "title": "Account Executive, Product Sales (Tax)..., null, EGP, null, null, 2026-06-28 23:39:04.740531+00, , scraped).

/usr/local/lib/python3.11/site-packages/django/db/models/fields/__init__.py:1595: RuntimeWarning: DateTimeField Job.expires_at received a naive datetime (2026-09-26 23:39:04.743901) while time zone support is active.
  warnings.warn(
Failed to process job: null value in column "experience_level" of relation "jobs_job" violates not-null constraint
DETAIL:  Failing row contains (29, 2026-06-28 23:39:04.744045+00, 2026-06-28 23:39:04.744054+00, af1593b8-f7fc-4833-b5cd-383e48fc5e5c, Account Executive, Product Sales, Velocity Billing, stripe-account-executive-product-sales-velocity-billing-7393169, South San Francisco, CA; New York, NY; Seattle, WA; Chicago, IL;..., , , null, &lt;h2&gt;&lt;strong&gt;Who we are &lt;/strong&gt;&lt;/h2&gt;
&l..., null, null, USD, , null, null, active, 0, 0, 1, 1, null, null, f, 7393169, greenhouse, https://stripe.com/jobs/search?gh_jid=7393169, null, 2026-09-26 23:39:04.743901+00, f, ["Missing or invalid company name"], 0.8, {"id": 7393169, "title": "Account Executive, Product Sales, Velo..., null, EGP, null, null, 2026-06-28 23:39:04.743898+00, , scraped).

/usr/local/lib/python3.11/site-packages/django/db/models/fields/__init__.py:1595: RuntimeWarning: DateTimeField Job.expires_at received a naive datetime (2026-09-26 23:39:04.747399) while time zone support is active.
  warnings.warn(
Failed to process job: null value in column "experience_level" of relation "jobs_job" violates not-null constraint
DETAIL:  Failing row contains (30, 2026-06-28 23:39:04.747543+00, 2026-06-28 23:39:04.747552+00, 5742a721-d9e3-4919-861f-c64cf03a3579, Account Executive, SMB (Grower), stripe-account-executive-smb-grower-7866501, Chicago, , , null, &lt;h2&gt;&lt;strong&gt;Who we are&lt;/strong&gt;&lt;/h2&gt;
&lt..., null, null, USD, , null, null, active, 0, 0, 1, 1, null, null, f, 7866501, greenhouse, https://stripe.com/jobs/search?gh_jid=7866501, null, 2026-09-26 23:39:04.747399+00, f, ["Missing or invalid company name"], 0.8, {"id": 7866501, "title": "Account Executive, SMB (Grower)", "loc..., null, EGP, null, null, 2026-06-28 23:39:04.747396+00, , scraped).

/usr/local/lib/python3.11/site-packages/django/db/models/fields/__init__.py:1595: RuntimeWarning: DateTimeField Job.expires_at received a naive datetime (2026-09-26 23:39:04.750517) while time zone support is active.
  warnings.warn(
Failed to process job: null value in column "experience_level" of relation "jobs_job" violates not-null constraint
DETAIL:  Failing row contains (31, 2026-06-28 23:39:04.75072+00, 2026-06-28 23:39:04.750733+00, fdfa3730-f5df-41f4-9791-42854d9fd094, Account Executive, SMB (Hunter), stripe-account-executive-smb-hunter-7931247, NYC, , , null, &lt;h2&gt;Who we are&lt;/h2&gt;
&lt;h3&gt;About Stripe&lt;/h3&gt..., null, null, USD, , null, null, active, 0, 0, 1, 1, null, null, f, 7931247, greenhouse, https://stripe.com/jobs/search?gh_jid=7931247, null, 2026-09-26 23:39:04.750517+00, f, ["Missing or invalid company name"], 0.8, {"id": 7931247, "title": "Account Executive, SMB (Hunter)", "loc..., null, EGP, null, null, 2026-06-28 23:39:04.750512+00, , scraped).

/usr/local/lib/python3.11/site-packages/django/db/models/fields/__init__.py:1595: RuntimeWarning: DateTimeField Job.expires_at received a naive datetime (2026-09-26 23:39:04.755685) while time zone support is active.
  warnings.warn(
Failed to process job: null value in column "experience_level" of relation "jobs_job" violates not-null constraint
DETAIL:  Failing row contains (32, 2026-06-28 23:39:04.755861+00, 2026-06-28 23:39:04.755872+00, 1aee1712-3003-43f4-bb4d-5dac136914a0, Account Executive, SMB (Hunter), stripe-account-executive-smb-hunter-7277406, Chicago and NYC, , , null, &lt;h2&gt;&lt;strong&gt;Who we are&lt;/strong&gt;&lt;/h2&gt;
&lt..., null, null, USD, , null, null, active, 0, 0, 1, 1, null, null, f, 7277406, greenhouse, https://stripe.com/jobs/search?gh_jid=7277406, null, 2026-09-26 23:39:04.755685+00, f, ["Missing or invalid company name"], 0.8, {"id": 7277406, "title": "Account Executive, SMB (Hunter)", "loc..., null, EGP, null, null, 2026-06-28 23:39:04.755681+00, , scraped).

/usr/local/lib/python3.11/site-packages/django/db/models/fields/__init__.py:1595: RuntimeWarning: DateTimeField Job.expires_at received a naive datetime (2026-09-26 23:39:04.759686) while time zone support is active.
  warnings.warn(
Failed to process job: null value in column "experience_level" of relation "jobs_job" violates not-null constraint
DETAIL:  Failing row contains (33, 2026-06-28 23:39:04.759861+00, 2026-06-28 23:39:04.759871+00, 19afd6b1-9732-4de5-a83e-e81baa00cfa5, Account Executive, SMB Hunter (French Fluency) , stripe-account-executive-smb-hunter-french-fluency-8007641, Dublin, , , null, &lt;h2&gt;Who we are&lt;/h2&gt;
&lt;h3&gt;About Stripe&lt;/h3&gt..., null, null, USD, , null, null, active, 0, 0, 1, 1, null, null, f, 8007641, greenhouse, https://stripe.com/jobs/search?gh_jid=8007641, null, 2026-09-26 23:39:04.759686+00, f, ["Missing or invalid company name"], 0.8, {"id": 8007641, "title": "Account Executive, SMB Hunter (French ..., null, EGP, null, null, 2026-06-28 23:39:04.759682+00, , scraped).

/usr/local/lib/python3.11/site-packages/django/db/models/fields/__init__.py:1595: RuntimeWarning: DateTimeField Job.expires_at received a naive datetime (2026-09-26 23:39:04.763507) while time zone support is active.
  warnings.warn(
Failed to process job: null value in column "experience_level" of relation "jobs_job" violates not-null constraint
DETAIL:  Failing row contains (34, 2026-06-28 23:39:04.763671+00, 2026-06-28 23:39:04.76368+00, 1b20b21f-0852-4c16-9d01-e3e90d67a489, Account Executive, Startup Platforms , stripe-account-executive-startup-platforms-7891728, San Francisco, , , null, &lt;p&gt;&lt;strong&gt;Who we are&lt;/strong&gt;&lt;/p&gt;
&lt;p..., null, null, USD, , null, null, active, 0, 0, 1, 1, null, null, f, 7891728, greenhouse, https://stripe.com/jobs/search?gh_jid=7891728, null, 2026-09-26 23:39:04.763507+00, f, ["Missing or invalid company name"], 0.8, {"id": 7891728, "title": "Account Executive, Startup Platforms "..., null, EGP, null, null, 2026-06-28 23:39:04.763502+00, , scraped).

/usr/local/lib/python3.11/site-packages/django/db/models/fields/__init__.py:1595: RuntimeWarning: DateTimeField Job.expires_at received a naive datetime (2026-09-26 23:39:04.767591) while time zone support is active.
  warnings.warn(
Failed to process job: null value in column "experience_level" of relation "jobs_job" violates not-null constraint
DETAIL:  Failing row contains (35, 2026-06-28 23:39:04.767896+00, 2026-06-28 23:39:04.767908+00, 8c4a51c8-d7ba-4015-a82e-0af319128626, Account Executive, Startups, Early Expansion, stripe-account-executive-startups-early-expansion-7872736, San Francisco or New York City, , , null, &lt;h2&gt;Who we are&lt;/h2&gt;
&lt;h3&gt;About Stripe&lt;/h3&gt..., null, null, USD, , null, null, active, 0, 0, 1, 1, null, null, f, 7872736, greenhouse, https://stripe.com/jobs/search?gh_jid=7872736, null, 2026-09-26 23:39:04.767591+00, f, ["Missing or invalid company name"], 0.8, {"id": 7872736, "title": "Account Executive, Startups, Early Exp..., null, EGP, null, null, 2026-06-28 23:39:04.767587+00, , scraped).

/usr/local/lib/python3.11/site-packages/django/db/models/fields/__init__.py:1595: RuntimeWarning: DateTimeField Job.expires_at received a naive datetime (2026-09-26 23:39:04.771605) while time zone support is active.
  warnings.warn(
Failed to process job: null value in column "experience_level" of relation "jobs_job" violates not-null constraint
DETAIL:  Failing row contains (36, 2026-06-28 23:39:04.771788+00, 2026-06-28 23:39:04.771798+00, dbf11dcb-656e-4f81-b913-fb8bc360e108, Account Executive, Velocity Hunter (Spanish Speaking), Iberia, stripe-account-executive-velocity-hunter-spanish-speaking-790748..., Dublin, , , null, &lt;h2&gt;&lt;strong&gt;Who we are&lt;/strong&gt;&lt;/h2&gt;
&lt..., null, null, USD, , null, null, active, 0, 0, 1, 1, null, null, f, 7907485, greenhouse, https://stripe.com/jobs/search?gh_jid=7907485, null, 2026-09-26 23:39:04.771605+00, f, ["Missing or invalid company name"], 0.8, {"id": 7907485, "title": "Account Executive, Velocity Hunter (Sp..., null, EGP, null, null, 2026-06-28 23:39:04.7716+00, , scraped).

/usr/local/lib/python3.11/site-packages/django/db/models/fields/__init__.py:1595: RuntimeWarning: DateTimeField Job.expires_at received a naive datetime (2026-09-26 23:39:04.775865) while time zone support is active.
  warnings.warn(
Failed to process job: null value in column "experience_level" of relation "jobs_job" violates not-null constraint
DETAIL:  Failing row contains (37, 2026-06-28 23:39:04.776014+00, 2026-06-28 23:39:04.776024+00, bd926bad-d8bd-42e3-8cb3-c0f692dc0d6a, Accounting Technical Solutions Lead, stripe-accounting-technical-solutions-lead-7875540, Seattle, San Francisco, New York, , , null, &lt;h2&gt;Who we are&lt;/h2&gt;
&lt;h3&gt;About Stripe&lt;/h3&gt..., null, null, USD, , null, null, active, 0, 0, 1, 1, null, null, f, 7875540, greenhouse, https://stripe.com/jobs/search?gh_jid=7875540, null, 2026-09-26 23:39:04.775865+00, f, ["Missing or invalid company name"], 0.8, {"id": 7875540, "title": "Accounting Technical Solutions Lead", ..., null, EGP, null, null, 2026-06-28 23:39:04.775862+00, , scraped).

/usr/local/lib/python3.11/site-packages/django/db/models/fields/__init__.py:1595: RuntimeWarning: DateTimeField Job.expires_at received a naive datetime (2026-09-26 23:39:04.780012) while time zone support is active.
  warnings.warn(
Failed to process job: null value in column "experience_level" of relation "jobs_job" violates not-null constraint
DETAIL:  Failing row contains (38, 2026-06-28 23:39:04.780189+00, 2026-06-28 23:39:04.7802+00, d9e64f1f-4484-4f68-bbcc-26d74700b7c0, Accounts Receivable Manager, stripe-accounts-receivable-manager-7118945, Bengaluru, , , null, &lt;h2&gt;&lt;strong&gt;Who we are&lt;/strong&gt;&lt;/h2&gt;
&lt..., null, null, USD, , null, null, active, 0, 0, 1, 1, null, null, f, 7118945, greenhouse, https://stripe.com/jobs/search?gh_jid=7118945, null, 2026-09-26 23:39:04.780012+00, f, ["Missing or invalid company name"], 0.8, {"id": 7118945, "title": "Accounts Receivable Manager", "locatio..., null, EGP, null, null, 2026-06-28 23:39:04.780008+00, , scraped).

/usr/local/lib/python3.11/site-packages/django/db/models/fields/__init__.py:1595: RuntimeWarning: DateTimeField Job.expires_at received a naive datetime (2026-09-26 23:39:04.783400) while time zone support is active.
  warnings.warn(
Failed to process job: null value in column "experience_level" of relation "jobs_job" violates not-null constraint
DETAIL:  Failing row contains (39, 2026-06-28 23:39:04.783571+00, 2026-06-28 23:39:04.78358+00, be1a0db2-a5ce-4c97-a923-35a11c346d69, Administrative Coordinator, stripe-administrative-coordinator-7434713, Mexico City, , , null, &lt;h2&gt;Who we are&lt;/h2&gt;
&lt;h3&gt;About Stripe&lt;/h3&gt..., null, null, USD, , null, null, active, 0, 0, 1, 1, null, null, f, 7434713, greenhouse, https://stripe.com/jobs/search?gh_jid=7434713, null, 2026-09-26 23:39:04.7834+00, f, ["Missing or invalid company name"], 0.8, {"id": 7434713, "title": "Administrative Coordinator", "location..., null, EGP, null, null, 2026-06-28 23:39:04.783396+00, , scraped).

/usr/local/lib/python3.11/site-packages/django/db/models/fields/__init__.py:1595: RuntimeWarning: DateTimeField Job.expires_at received a naive datetime (2026-09-26 23:39:04.786493) while time zone support is active.
  warnings.warn(
Failed to process job: null value in column "experience_level" of relation "jobs_job" violates not-null constraint
DETAIL:  Failing row contains (40, 2026-06-28 23:39:04.786648+00, 2026-06-28 23:39:04.786657+00, fe6a1d77-3198-4506-b91b-24755463fb2f, Administrative Coordinator, stripe-administrative-coordinator-7863507, Bengaluru, , , null, &lt;h2&gt;Who we are&lt;/h2&gt;
&lt;h3&gt;About Stripe&lt;/h3&gt..., null, null, USD, , null, null, active, 0, 0, 1, 1, null, null, f, 7863507, greenhouse, https://stripe.com/jobs/search?gh_jid=7863507, null, 2026-09-26 23:39:04.786493+00, f, ["Missing or invalid company name"], 0.8, {"id": 7863507, "title": "Administrative Coordinator", "location..., null, EGP, null, null, 2026-06-28 23:39:04.786489+00, , scraped).

/usr/local/lib/python3.11/site-packages/django/db/models/fields/__init__.py:1595: RuntimeWarning: DateTimeField Job.expires_at received a naive datetime (2026-09-26 23:39:04.789585) while time zone support is active.
  warnings.warn(
Failed to process job: null value in column "experience_level" of relation "jobs_job" violates not-null constraint
DETAIL:  Failing row contains (41, 2026-06-28 23:39:04.789716+00, 2026-06-28 23:39:04.789724+00, 70c3b250-c94e-4f53-a738-1703f6a33510, AEO and GEO Marketing Manager, stripe-aeo-and-geo-marketing-manager-7844214, United States, , , null, &lt;h2&gt;&lt;strong&gt;Who we are&lt;/strong&gt;&lt;/h2&gt;
&lt..., null, null, USD, , null, null, active, 0, 0, 1, 1, null, null, f, 7844214, greenhouse, https://stripe.com/jobs/search?gh_jid=7844214, null, 2026-09-26 23:39:04.789585+00, f, ["Missing or invalid company name"], 0.8, {"id": 7844214, "title": "AEO and GEO Marketing Manager", "locat..., null, EGP, null, null, 2026-06-28 23:39:04.789581+00, , scraped).

/usr/local/lib/python3.11/site-packages/django/db/models/fields/__init__.py:1595: RuntimeWarning: DateTimeField Job.expires_at received a naive datetime (2026-09-26 23:39:04.792465) while time zone support is active.
  warnings.warn(
Failed to process job: null value in column "experience_level" of relation "jobs_job" violates not-null constraint
DETAIL:  Failing row contains (42, 2026-06-28 23:39:04.792616+00, 2026-06-28 23:39:04.792647+00, 2120444e-407b-4092-99e8-f883d052fb74, Analyst, Product Pricing, stripe-analyst-product-pricing-7896404, Toronto, , , null, &lt;h2&gt;Who we are&lt;/h2&gt;
&lt;h3&gt;About Stripe&lt;/h3&gt..., null, null, USD, , null, null, active, 0, 0, 1, 1, null, null, f, 7896404, greenhouse, https://stripe.com/jobs/search?gh_jid=7896404, null, 2026-09-26 23:39:04.792465+00, f, ["Missing or invalid company name"], 0.8, {"id": 7896404, "title": "Analyst, Product Pricing", "location":..., null, EGP, null, null, 2026-06-28 23:39:04.792461+00, , scraped).

/usr/local/lib/python3.11/site-packages/django/db/models/fields/__init__.py:1595: RuntimeWarning: DateTimeField Job.expires_at received a naive datetime (2026-09-26 23:39:04.795956) while time zone support is active.
  warnings.warn(
Failed to process job: null value in column "experience_level" of relation "jobs_job" violates not-null constraint
DETAIL:  Failing row contains (43, 2026-06-28 23:39:04.796094+00, 2026-06-28 23:39:04.796103+00, 4fa81122-4bca-42ce-9659-859a535c44af, Analyst Relations Manager, stripe-analyst-relations-manager-8012497, Remote in the US, , , null, &lt;h2&gt;&lt;strong&gt;Who we are &lt;/strong&gt;&lt;/h2&gt;
&l..., null, null, USD, , null, null, active, 0, 0, 1, 1, null, null, f, 8012497, greenhouse, https://stripe.com/jobs/search?gh_jid=8012497, null, 2026-09-26 23:39:04.795956+00, f, ["Missing or invalid company name"], 0.8, {"id": 8012497, "title": "Analyst Relations Manager", "location"..., null, EGP, null, null, 2026-06-28 23:39:04.795953+00, , scraped).

/usr/local/lib/python3.11/site-packages/django/db/models/fields/__init__.py:1595: RuntimeWarning: DateTimeField Job.expires_at received a naive datetime (2026-09-26 23:39:04.799229) while time zone support is active.
  warnings.warn(
Failed to process job: null value in column "experience_level" of relation "jobs_job" violates not-null constraint
DETAIL:  Failing row contains (44, 2026-06-28 23:39:04.799381+00, 2026-06-28 23:39:04.79939+00, 6270001c-f642-4495-b4c4-0f49c81b4636, Android Engineer, Terminal, stripe-android-engineer-terminal-7543559, Toronto, , , null, &lt;h2&gt;&lt;strong&gt;Who we are&lt;/strong&gt;&lt;/h2&gt;
&lt..., null, null, USD, , null, null, active, 0, 0, 1, 1, null, null, f, 7543559, greenhouse, https://stripe.com/jobs/search?gh_jid=7543559, null, 2026-09-26 23:39:04.799229+00, f, ["Missing or invalid company name"], 0.8, {"id": 7543559, "title": "Android Engineer, Terminal", "location..., null, EGP, null, null, 2026-06-28 23:39:04.799225+00, , scraped).

/usr/local/lib/python3.11/site-packages/django/db/models/fields/__init__.py:1595: RuntimeWarning: DateTimeField Job.expires_at received a naive datetime (2026-09-26 23:39:04.802648) while time zone support is active.
  warnings.warn(
Failed to process job: null value in column "experience_level" of relation "jobs_job" violates not-null constraint
DETAIL:  Failing row contains (45, 2026-06-28 23:39:04.802896+00, 2026-06-28 23:39:04.802908+00, 9df1cd1e-13ba-47dc-a803-686c87522160, Android Engineer, Terminal OS Platform, stripe-android-engineer-terminal-os-platform-7557403, San Francisco, Seattle, , , null, &lt;h2&gt;Who we are&lt;/h2&gt;
&lt;h3&gt;About Stripe&lt;/h3&gt..., null, null, USD, , null, null, active, 0, 0, 1, 1, null, null, f, 7557403, greenhouse, https://stripe.com/jobs/search?gh_jid=7557403, null, 2026-09-26 23:39:04.802648+00, f, ["Missing or invalid company name"], 0.8, {"id": 7557403, "title": "Android Engineer, Terminal OS Platform..., null, EGP, null, null, 2026-06-28 23:39:04.802644+00, , scraped).

/usr/local/lib/python3.11/site-packages/django/db/models/fields/__init__.py:1595: RuntimeWarning: DateTimeField Job.expires_at received a naive datetime (2026-09-26 23:39:04.806096) while time zone support is active.
  warnings.warn(
Failed to process job: null value in column "experience_level" of relation "jobs_job" violates not-null constraint
DETAIL:  Failing row contains (46, 2026-06-28 23:39:04.806241+00, 2026-06-28 23:39:04.806249+00, 16c0a261-ce62-4ab4-a644-6869bb921e50, APAC Executive Marketing, stripe-apac-executive-marketing-7764914, Singapore, , , null, &lt;h2&gt;Who we are&lt;/h2&gt;
&lt;h3&gt;About Stripe&lt;/h3&gt..., null, null, USD, , null, null, active, 0, 0, 1, 1, null, null, f, 7764914, greenhouse, https://stripe.com/jobs/search?gh_jid=7764914, null, 2026-09-26 23:39:04.806096+00, f, ["Missing or invalid company name"], 0.8, {"id": 7764914, "title": "APAC Executive Marketing", "location":..., null, EGP, null, null, 2026-06-28 23:39:04.806093+00, , scraped).

/usr/local/lib/python3.11/site-packages/django/db/models/fields/__init__.py:1595: RuntimeWarning: DateTimeField Job.expires_at received a naive datetime (2026-09-26 23:39:04.811136) while time zone support is active.
  warnings.warn(
Failed to process job: null value in column "experience_level" of relation "jobs_job" violates not-null constraint
DETAIL:  Failing row contains (47, 2026-06-28 23:39:04.811323+00, 2026-06-28 23:39:04.811333+00, 4dd176da-ab65-48ba-b2b7-a3c2805ea8e9, AP & T&E Manager — Bangalore Finance Operations, stripe-ap-te-manager-bangalore-finance-operations-7954474, Bengaluru, , , null, &lt;h2&gt;&lt;strong&gt;About Stripe&lt;/strong&gt;&lt;/h2&gt;
&..., null, null, USD, , null, null, active, 0, 0, 1, 1, null, null, f, 7954474, greenhouse, https://stripe.com/jobs/search?gh_jid=7954474, null, 2026-09-26 23:39:04.811136+00, f, ["Missing or invalid company name", "Description suspiciously lo..., 0.7000000000000001, {"id": 7954474, "title": "AP & T&E Manager — Bangalore Finance..., null, EGP, null, null, 2026-06-28 23:39:04.811133+00, , scraped).

/usr/local/lib/python3.11/site-packages/django/db/models/fields/__init__.py:1595: RuntimeWarning: DateTimeField Job.expires_at received a naive datetime (2026-09-26 23:39:04.816767) while time zone support is active.
  warnings.warn(
Failed to process job: null value in column "experience_level" of relation "jobs_job" violates not-null constraint
DETAIL:  Failing row contains (48, 2026-06-28 23:39:04.816927+00, 2026-06-28 23:39:04.816937+00, 009bdf7d-cf55-41ad-8bf0-cb9c1c99a836, Art Director , stripe-art-director-7823683, Bengaluru, , , null, &lt;h2&gt;Who we are&lt;/h2&gt;
&lt;p&gt;&lt;strong&gt;About Str..., null, null, USD, , null, null, active, 0, 0, 1, 1, null, null, f, 7823683, greenhouse, https://stripe.com/jobs/search?gh_jid=7823683, null, 2026-09-26 23:39:04.816767+00, f, ["Missing or invalid company name"], 0.8, {"id": 7823683, "title": "Art Director ", "location": "Bengaluru..., null, EGP, null, null, 2026-06-28 23:39:04.816763+00, , scraped).

/usr/local/lib/python3.11/site-packages/django/db/models/fields/__init__.py:1595: RuntimeWarning: DateTimeField Job.expires_at received a naive datetime (2026-09-26 23:39:04.820224) while time zone support is active.
  warnings.warn(
Failed to process job: null value in column "experience_level" of relation "jobs_job" violates not-null constraint
DETAIL:  Failing row contains (49, 2026-06-28 23:39:04.820436+00, 2026-06-28 23:39:04.82045+00, f9b4df22-2367-4bfb-a38d-eb2cbb44479b, AV Builds and Operations, stripe-av-builds-and-operations-7675097, SFO, , , null, &lt;h2&gt;Who we are&lt;/h2&gt;
&lt;h3&gt;About Stripe&lt;/h3&gt..., null, null, USD, , null, null, active, 0, 0, 1, 1, null, null, f, 7675097, greenhouse, https://stripe.com/jobs/search?gh_jid=7675097, null, 2026-09-26 23:39:04.820224+00, f, ["Missing or invalid company name"], 0.8, {"id": 7675097, "title": "AV Builds and Operations", "location":..., null, EGP, null, null, 2026-06-28 23:39:04.820219+00, , scraped).

/usr/local/lib/python3.11/site-packages/django/db/models/fields/__init__.py:1595: RuntimeWarning: DateTimeField Job.expires_at received a naive datetime (2026-09-26 23:39:04.823771) while time zone support is active.
  warnings.warn(
Failed to process job: null value in column "experience_level" of relation "jobs_job" violates not-null constraint
DETAIL:  Failing row contains (50, 2026-06-28 23:39:04.823912+00, 2026-06-28 23:39:04.82392+00, 7db6a580-2929-4e75-936e-f6de932713f6, Backend / API Engineer, Billing, stripe-backend-api-engineer-billing-7737237, Toronto, Canada, , , null, &lt;h2&gt;Who we are&lt;/h2&gt;
&lt;h3&gt;About Stripe&lt;/h3&gt..., null, null, USD, , null, null, active, 0, 0, 1, 1, null, null, f, 7737237, greenhouse, https://stripe.com/jobs/search?gh_jid=7737237, null, 2026-09-26 23:39:04.823771+00, f, ["Missing or invalid company name"], 0.8, {"id": 7737237, "title": "Backend / API Engineer, Billing", "loc..., null, EGP, null, null, 2026-06-28 23:39:04.823767+00, , scraped).

/usr/local/lib/python3.11/site-packages/django/db/models/fields/__init__.py:1595: RuntimeWarning: DateTimeField Job.expires_at received a naive datetime (2026-09-26 23:39:04.827100) while time zone support is active.
  warnings.warn(
Failed to process job: null value in column "experience_level" of relation "jobs_job" violates not-null constraint
DETAIL:  Failing row contains (51, 2026-06-28 23:39:04.827248+00, 2026-06-28 23:39:04.827257+00, c3b49159-15d6-44fe-999a-6013cff2df22, Backend/API Engineer, Money as a Service, stripe-backendapi-engineer-money-as-a-service-6176758, US, , , null, &lt;p&gt;Note: if you are an intern, new grad, staff, front-end,..., null, null, USD, , null, null, active, 0, 0, 1, 1, null, null, f, 6176758, greenhouse, https://stripe.com/jobs/search?gh_jid=6176758, null, 2026-09-26 23:39:04.8271+00, f, ["Missing or invalid company name"], 0.8, {"id": 6176758, "title": "Backend/API Engineer, Money as a Servi..., null, EGP, null, null, 2026-06-28 23:39:04.827096+00, , scraped).

/usr/local/lib/python3.11/site-packages/django/db/models/fields/__init__.py:1595: RuntimeWarning: DateTimeField Job.expires_at received a naive datetime (2026-09-26 23:39:04.830845) while time zone support is active.
  warnings.warn(
Failed to process job: null value in column "experience_level" of relation "jobs_job" violates not-null constraint
DETAIL:  Failing row contains (52, 2026-06-28 23:39:04.831004+00, 2026-06-28 23:39:04.831013+00, 26f119c5-d373-4a1f-9a3c-644085de588e, Backend / API Engineer, Payouts, stripe-backend-api-engineer-payouts-7369543, United Kingdom, , , null, &lt;h2&gt;Who we are&lt;/h2&gt;
&lt;h3&gt;About Stripe&lt;/h3&gt..., null, null, USD, , null, null, active, 0, 0, 1, 1, null, null, f, 7369543, greenhouse, https://stripe.com/jobs/search?gh_jid=7369543, null, 2026-09-26 23:39:04.830845+00, f, ["Missing or invalid company name"], 0.8, {"id": 7369543, "title": "Backend / API Engineer, Payouts", "loc..., null, EGP, null, null, 2026-06-28 23:39:04.830841+00, , scraped).

/usr/local/lib/python3.11/site-packages/django/db/models/fields/__init__.py:1595: RuntimeWarning: DateTimeField Job.expires_at received a naive datetime (2026-09-26 23:39:04.833956) while time zone support is active.
  warnings.warn(
Failed to process job: null value in column "experience_level" of relation "jobs_job" violates not-null constraint
DETAIL:  Failing row contains (53, 2026-06-28 23:39:04.834096+00, 2026-06-28 23:39:04.834105+00, 2121281d-ee1c-4b47-a429-cef4555f380a, Backend Engineer, AI Security, stripe-backend-engineer-ai-security-7826765, New York, San Francisco, Seattle, or Remote (US/Canada), , , null, &lt;h2&gt;Who we are&lt;/h2&gt;
&lt;h3&gt;About Stripe&lt;/h3&gt..., null, null, USD, , null, null, active, 0, 0, 1, 1, null, null, f, 7826765, greenhouse, https://stripe.com/jobs/search?gh_jid=7826765, null, 2026-09-26 23:39:04.833956+00, f, ["Missing or invalid company name"], 0.8, {"id": 7826765, "title": "Backend Engineer, AI Security", "locat..., null, EGP, null, null, 2026-06-28 23:39:04.833952+00, , scraped).

/usr/local/lib/python3.11/site-packages/django/db/models/fields/__init__.py:1595: RuntimeWarning: DateTimeField Job.expires_at received a naive datetime (2026-09-26 23:39:04.837417) while time zone support is active.
  warnings.warn(
Failed to process job: null value in column "experience_level" of relation "jobs_job" violates not-null constraint
DETAIL:  Failing row contains (54, 2026-06-28 23:39:04.837562+00, 2026-06-28 23:39:04.83757+00, 4db5309b-8003-4026-a4c2-ccf4cc76637a, Backend Engineer/API, Payments and Risk, stripe-backend-engineerapi-payments-and-risk-4921361, Dublin, Ireland, , , null, &lt;h2&gt;Who we are&lt;/h2&gt;
&lt;h3&gt;About Stripe&lt;/h3&gt..., null, null, USD, , null, null, active, 0, 0, 1, 1, null, null, f, 4921361, greenhouse, https://stripe.com/jobs/search?gh_jid=4921361, null, 2026-09-26 23:39:04.837417+00, f, ["Missing or invalid company name"], 0.8, {"id": 4921361, "title": "Backend Engineer/API, Payments and Ris..., null, EGP, null, null, 2026-06-28 23:39:04.837413+00, , scraped).

/usr/local/lib/python3.11/site-packages/django/db/models/fields/__init__.py:1595: RuntimeWarning: DateTimeField Job.expires_at received a naive datetime (2026-09-26 23:39:04.840392) while time zone support is active.
  warnings.warn(
Failed to process job: null value in column "experience_level" of relation "jobs_job" violates not-null constraint
DETAIL:  Failing row contains (55, 2026-06-28 23:39:04.840538+00, 2026-06-28 23:39:04.840547+00, a13e5df9-80ff-4adc-be9d-577054cafa46, Backend Engineer, Billing/Tax, stripe-backend-engineer-billingtax-7217048, N/A, , , null, &lt;h2&gt;Who we are&lt;/h2&gt;
&lt;h3&gt;About Stripe&lt;/h3&gt..., null, null, USD, , null, null, active, 0, 0, 1, 1, null, null, f, 7217048, greenhouse, https://stripe.com/jobs/search?gh_jid=7217048, null, 2026-09-26 23:39:04.840392+00, f, ["Missing or invalid company name"], 0.8, {"id": 7217048, "title": "Backend Engineer, Billing/Tax", "locat..., null, EGP, null, null, 2026-06-28 23:39:04.840369+00, , scraped).

/usr/local/lib/python3.11/site-packages/django/db/models/fields/__init__.py:1595: RuntimeWarning: DateTimeField Job.expires_at received a naive datetime (2026-09-26 23:39:04.844001) while time zone support is active.
  warnings.warn(
Failed to process job: null value in column "experience_level" of relation "jobs_job" violates not-null constraint
DETAIL:  Failing row contains (56, 2026-06-28 23:39:04.8442+00, 2026-06-28 23:39:04.844215+00, da175202-727a-4c13-898b-d55b1fe9ab58, Backend Engineer, Core Tech, Canada, stripe-backend-engineer-core-tech-canada-6567253, Toronto, CAN-Remote, , , null, &lt;h2&gt;Who we are&lt;/h2&gt;
&lt;h3&gt;About Stripe&lt;/h3&gt..., null, null, USD, , null, null, active, 0, 0, 1, 1, null, null, f, 6567253, greenhouse, https://stripe.com/jobs/search?gh_jid=6567253, null, 2026-09-26 23:39:04.844001+00, f, ["Missing or invalid company name"], 0.8, {"id": 6567253, "title": "Backend Engineer, Core Tech, Canada", ..., null, EGP, null, null, 2026-06-28 23:39:04.843997+00, , scraped).

/usr/local/lib/python3.11/site-packages/django/db/models/fields/__init__.py:1595: RuntimeWarning: DateTimeField Job.expires_at received a naive datetime (2026-09-26 23:39:04.847396) while time zone support is active.
  warnings.warn(
Failed to process job: null value in column "experience_level" of relation "jobs_job" violates not-null constraint
DETAIL:  Failing row contains (57, 2026-06-28 23:39:04.847537+00, 2026-06-28 23:39:04.847545+00, 283b5f90-2cf2-4982-ad13-5a008a767007, Backend Engineer, Core Technology, stripe-backend-engineer-core-technology-6042172, US-Remote, Chicago, Seattle, San Francisco, , , null, &lt;h2&gt;Who we are&lt;/h2&gt;
&lt;h3&gt;About Stripe&lt;/h3&gt..., null, null, USD, , null, null, active, 0, 0, 1, 1, null, null, f, 6042172, greenhouse, https://stripe.com/jobs/search?gh_jid=6042172, null, 2026-09-26 23:39:04.847396+00, f, ["Missing or invalid company name"], 0.8, {"id": 6042172, "title": "Backend Engineer, Core Technology", "l..., null, EGP, null, null, 2026-06-28 23:39:04.847393+00, , scraped).

/usr/local/lib/python3.11/site-packages/django/db/models/fields/__init__.py:1595: RuntimeWarning: DateTimeField Job.expires_at received a naive datetime (2026-09-26 23:39:04.851366) while time zone support is active.
  warnings.warn(
Failed to process job: null value in column "experience_level" of relation "jobs_job" violates not-null constraint
DETAIL:  Failing row contains (58, 2026-06-28 23:39:04.851522+00, 2026-06-28 23:39:04.851531+00, c4787624-b55f-443f-9109-4b3b52fd4f74, Backend Engineer, Data, stripe-backend-engineer-data-7913700, Canada, , , null, &lt;h2&gt;Who we are&lt;/h2&gt;
&lt;h3&gt;About Stripe&lt;/h3&gt..., null, null, USD, , null, null, active, 0, 0, 1, 1, null, null, f, 7913700, greenhouse, https://stripe.com/jobs/search?gh_jid=7913700, null, 2026-09-26 23:39:04.851366+00, f, ["Missing or invalid company name"], 0.8, {"id": 7913700, "title": "Backend Engineer, Data", "location": "..., null, EGP, null, null, 2026-06-28 23:39:04.851362+00, , scraped).

/usr/local/lib/python3.11/site-packages/django/db/models/fields/__init__.py:1595: RuntimeWarning: DateTimeField Job.expires_at received a naive datetime (2026-09-26 23:39:04.854584) while time zone support is active.
  warnings.warn(
Failed to process job: null value in column "experience_level" of relation "jobs_job" violates not-null constraint
DETAIL:  Failing row contains (59, 2026-06-28 23:39:04.85472+00, 2026-06-28 23:39:04.854729+00, 2d2802cc-a7bd-4c61-ad17-4d86a70765ff, Backend Engineer, Expansion, stripe-backend-engineer-expansion-7775622, N/A, , , null, &lt;h2&gt;Who we are&lt;/h2&gt;
&lt;h3&gt;About Stripe&lt;/h3&gt..., null, null, USD, , null, null, active, 0, 0, 1, 1, null, null, f, 7775622, greenhouse, https://stripe.com/jobs/search?gh_jid=7775622, null, 2026-09-26 23:39:04.854584+00, f, ["Missing or invalid company name"], 0.8, {"id": 7775622, "title": "Backend Engineer, Expansion", "locatio..., null, EGP, null, null, 2026-06-28 23:39:04.85458+00, , scraped).

/usr/local/lib/python3.11/site-packages/django/db/models/fields/__init__.py:1595: RuntimeWarning: DateTimeField Job.expires_at received a naive datetime (2026-09-26 23:39:04.858194) while time zone support is active.
  warnings.warn(
Failed to process job: null value in column "experience_level" of relation "jobs_job" violates not-null constraint
DETAIL:  Failing row contains (60, 2026-06-28 23:39:04.858408+00, 2026-06-28 23:39:04.858418+00, dc36a241-2a00-474c-ac74-45bf8615e505, Backend Engineer, Financial Connections, stripe-backend-engineer-financial-connections-8030859, Toronto, Remote in Canada, , , null, &lt;h2&gt;&lt;strong&gt;Who we are&lt;/strong&gt;&lt;/h2&gt;
&lt..., null, null, USD, , null, null, active, 0, 0, 1, 1, null, null, f, 8030859, greenhouse, https://stripe.com/jobs/search?gh_jid=8030859, null, 2026-09-26 23:39:04.858194+00, f, ["Missing or invalid company name"], 0.8, {"id": 8030859, "title": "Backend Engineer, Financial Connection..., null, EGP, null, null, 2026-06-28 23:39:04.858191+00, , scraped).

/usr/local/lib/python3.11/site-packages/django/db/models/fields/__init__.py:1595: RuntimeWarning: DateTimeField Job.expires_at received a naive datetime (2026-09-26 23:39:04.862049) while time zone support is active.
  warnings.warn(
Failed to process job: null value in column "experience_level" of relation "jobs_job" violates not-null constraint
DETAIL:  Failing row contains (61, 2026-06-28 23:39:04.862222+00, 2026-06-28 23:39:04.862233+00, 2981252a-45dd-463c-a3e5-497be7ddf486, Backend Engineer, Forward Deployed Engineering, stripe-backend-engineer-forward-deployed-engineering-7249744, N/A, , , null, &lt;h2&gt;Who we are&lt;/h2&gt;
&lt;h3&gt;About Stripe&lt;/h3&gt..., null, null, USD, , null, null, active, 0, 0, 1, 1, null, null, f, 7249744, greenhouse, https://stripe.com/jobs/search?gh_jid=7249744, null, 2026-09-26 23:39:04.862049+00, f, ["Missing or invalid company name"], 0.8, {"id": 7249744, "title": "Backend Engineer, Forward Deployed Eng..., null, EGP, null, null, 2026-06-28 23:39:04.862045+00, , scraped).

/usr/local/lib/python3.11/site-packages/django/db/models/fields/__init__.py:1595: RuntimeWarning: DateTimeField Job.expires_at received a naive datetime (2026-09-26 23:39:04.865888) while time zone support is active.
  warnings.warn(
Failed to process job: null value in column "experience_level" of relation "jobs_job" violates not-null constraint
DETAIL:  Failing row contains (62, 2026-06-28 23:39:04.866038+00, 2026-06-28 23:39:04.866047+00, de5b80b5-d7ac-4d91-a8ad-dd010f102bce, Backend Engineer, Payments and Risk, stripe-backend-engineer-payments-and-risk-7232592, US, , , null, &lt;p&gt;&lt;strong&gt;&lt;em&gt;Note:&amp;nbsp;&lt;/em&gt;&lt;/..., null, null, USD, , null, null, active, 0, 0, 1, 1, null, null, f, 7232592, greenhouse, https://stripe.com/jobs/search?gh_jid=7232592, null, 2026-09-26 23:39:04.865888+00, f, ["Missing or invalid company name"], 0.8, {"id": 7232592, "title": "Backend Engineer, Payments and Risk", ..., null, EGP, null, null, 2026-06-28 23:39:04.865885+00, , scraped).

/usr/local/lib/python3.11/site-packages/django/db/models/fields/__init__.py:1595: RuntimeWarning: DateTimeField Job.expires_at received a naive datetime (2026-09-26 23:39:04.869204) while time zone support is active.
  warnings.warn(
Failed to process job: null value in column "experience_level" of relation "jobs_job" violates not-null constraint
DETAIL:  Failing row contains (63, 2026-06-28 23:39:04.86946+00, 2026-06-28 23:39:04.869476+00, d9e47c3e-aad4-4fe0-a814-273d30d99e16, Backend Engineer, Payments and Risk, stripe-backend-engineer-payments-and-risk-6163230, US, , , null, &lt;p&gt;&lt;strong&gt;&lt;em&gt;Note:&amp;nbsp;&lt;/em&gt;&lt;/..., null, null, USD, , null, null, active, 0, 0, 1, 1, null, null, f, 6163230, greenhouse, https://stripe.com/jobs/search?gh_jid=6163230, null, 2026-09-26 23:39:04.869204+00, f, ["Missing or invalid company name"], 0.8, {"id": 6163230, "title": "Backend Engineer, Payments and Risk", ..., null, EGP, null, null, 2026-06-28 23:39:04.869199+00, , scraped).

/usr/local/lib/python3.11/site-packages/django/db/models/fields/__init__.py:1595: RuntimeWarning: DateTimeField Job.expires_at received a naive datetime (2026-09-26 23:39:04.872988) while time zone support is active.
  warnings.warn(
Failed to process job: null value in column "experience_level" of relation "jobs_job" violates not-null constraint
DETAIL:  Failing row contains (64, 2026-06-28 23:39:04.873126+00, 2026-06-28 23:39:04.873134+00, bd5471ea-d084-4dfc-b85a-6b5d718c6cbd, Backend Engineer, Payments Experiences, stripe-backend-engineer-payments-experiences-7895287, N/A, , , null, &lt;h2&gt;Who we are&lt;/h2&gt;
&lt;h3&gt;About Stripe&lt;/h3&gt..., null, null, USD, , null, null, active, 0, 0, 1, 1, null, null, f, 7895287, greenhouse, https://stripe.com/jobs/search?gh_jid=7895287, null, 2026-09-26 23:39:04.872988+00, f, ["Missing or invalid company name"], 0.8, {"id": 7895287, "title": "Backend Engineer, Payments Experiences..., null, EGP, null, null, 2026-06-28 23:39:04.872985+00, , scraped).

/usr/local/lib/python3.11/site-packages/django/db/models/fields/__init__.py:1595: RuntimeWarning: DateTimeField Job.expires_at received a naive datetime (2026-09-26 23:39:04.876174) while time zone support is active.
  warnings.warn(
Failed to process job: null value in column "experience_level" of relation "jobs_job" violates not-null constraint
DETAIL:  Failing row contains (65, 2026-06-28 23:39:04.876325+00, 2026-06-28 23:39:04.876334+00, 9e3617a8-f5e4-4727-841c-c260a269665e, Backend Engineer, Privy, stripe-backend-engineer-privy-7235875, NYC-Privy, , , null, &lt;h2&gt;&lt;strong&gt;Who we are&lt;/strong&gt;&lt;/h2&gt;
&lt..., null, null, USD, , null, null, active, 0, 0, 1, 1, null, null, f, 7235875, greenhouse, https://stripe.com/jobs/search?gh_jid=7235875, null, 2026-09-26 23:39:04.876174+00, f, ["Missing or invalid company name"], 0.8, {"id": 7235875, "title": "Backend Engineer, Privy", "location": ..., null, EGP, null, null, 2026-06-28 23:39:04.876171+00, , scraped).

/usr/local/lib/python3.11/site-packages/django/db/models/fields/__init__.py:1595: RuntimeWarning: DateTimeField Job.expires_at received a naive datetime (2026-09-26 23:39:04.879680) while time zone support is active.
  warnings.warn(
Failed to process job: null value in column "experience_level" of relation "jobs_job" violates not-null constraint
DETAIL:  Failing row contains (66, 2026-06-28 23:39:04.879832+00, 2026-06-28 23:39:04.879841+00, 79c5e00c-e802-49ed-804a-385505535786, Brand Designer, Identity, stripe-brand-designer-identity-7769564, Spain, , , null, &lt;h2&gt;&lt;strong&gt;Who we are &lt;/strong&gt;&lt;/h2&gt;
&l..., null, null, USD, , null, null, active, 0, 0, 1, 1, null, null, f, 7769564, greenhouse, https://stripe.com/jobs/search?gh_jid=7769564, null, 2026-09-26 23:39:04.87968+00, f, ["Missing or invalid company name"], 0.8, {"id": 7769564, "title": "Brand Designer, Identity", "location":..., null, EGP, null, null, 2026-06-28 23:39:04.879676+00, , scraped).

/usr/local/lib/python3.11/site-packages/django/db/models/fields/__init__.py:1595: RuntimeWarning: DateTimeField Job.expires_at received a naive datetime (2026-09-26 23:39:04.882770) while time zone support is active.
  warnings.warn(
Failed to process job: null value in column "experience_level" of relation "jobs_job" violates not-null constraint
DETAIL:  Failing row contains (67, 2026-06-28 23:39:04.883013+00, 2026-06-28 23:39:04.883023+00, 5551a345-e0a1-4c5c-a517-ad33dcade6ca, Bridge - Operations Associate , stripe-bridge-operations-associate-7179634, Bengaluru, , , null, &lt;h2&gt;Who we are&lt;/h2&gt;
&lt;h3&gt;About Stripe&lt;/h3&gt..., null, null, USD, , null, null, active, 0, 0, 1, 1, null, null, f, 7179634, greenhouse, https://stripe.com/jobs/search?gh_jid=7179634, null, 2026-09-26 23:39:04.88277+00, f, ["Missing or invalid company name"], 0.8, {"id": 7179634, "title": "Bridge - Operations Associate ", "loca..., null, EGP, null, null, 2026-06-28 23:39:04.882767+00, , scraped).

/usr/local/lib/python3.11/site-packages/django/db/models/fields/__init__.py:1595: RuntimeWarning: DateTimeField Job.expires_at received a naive datetime (2026-09-26 23:39:04.886899) while time zone support is active.
  warnings.warn(
Failed to process job: null value in column "experience_level" of relation "jobs_job" violates not-null constraint
DETAIL:  Failing row contains (68, 2026-06-28 23:39:04.887051+00, 2026-06-28 23:39:04.88706+00, 40b9b1b5-27e6-4ccb-9e07-f4880bb5eba1, Bridge - Operations Associate, Financial Crimes (AML Investigati..., stripe-bridge-operations-associate-financial-crimes-aml-i-799179..., Mexico City, , , null, &lt;h2&gt;Who we are&lt;/h2&gt;
&lt;h3&gt;About Stripe&lt;/h3&gt..., null, null, USD, , null, null, active, 0, 0, 1, 1, null, null, f, 7991791, greenhouse, https://stripe.com/jobs/search?gh_jid=7991791, null, 2026-09-26 23:39:04.886899+00, f, ["Missing or invalid company name"], 0.8, {"id": 7991791, "title": "Bridge - Operations Associate, Financi..., null, EGP, null, null, 2026-06-28 23:39:04.886895+00, , scraped).

/usr/local/lib/python3.11/site-packages/django/db/models/fields/__init__.py:1595: RuntimeWarning: DateTimeField Job.expires_at received a naive datetime (2026-09-26 23:39:04.890774) while time zone support is active.
  warnings.warn(
Failed to process job: null value in column "experience_level" of relation "jobs_job" violates not-null constraint
DETAIL:  Failing row contains (69, 2026-06-28 23:39:04.890977+00, 2026-06-28 23:39:04.890988+00, c00ffa45-7188-495d-89fd-66503cddb99d, Business Development Manager, Agentic Commerce, stripe-business-development-manager-agentic-commerce-7524334, San Francisco, CA; Seattle, WA; New York, NY; Chicago, IL; Atlan..., , , null, &lt;h2&gt;&lt;strong&gt;Who we are&lt;/strong&gt;&lt;/h2&gt;
&lt..., null, null, USD, , null, null, active, 0, 0, 1, 1, null, null, f, 7524334, greenhouse, https://stripe.com/jobs/search?gh_jid=7524334, null, 2026-09-26 23:39:04.890774+00, f, ["Missing or invalid company name"], 0.8, {"id": 7524334, "title": "Business Development Manager, Agentic ..., null, EGP, null, null, 2026-06-28 23:39:04.89077+00, , scraped).

/usr/local/lib/python3.11/site-packages/django/db/models/fields/__init__.py:1595: RuntimeWarning: DateTimeField Job.expires_at received a naive datetime (2026-09-26 23:39:04.894269) while time zone support is active.
  warnings.warn(
Failed to process job: null value in column "experience_level" of relation "jobs_job" violates not-null constraint
DETAIL:  Failing row contains (70, 2026-06-28 23:39:04.894416+00, 2026-06-28 23:39:04.894425+00, b92e668a-a35e-4676-a501-ccd226aceac7, Business Development Manager, Agentic Commerce, stripe-business-development-manager-agentic-commerce-7993680, SF, SEA, , , null, &lt;h2&gt;&lt;strong&gt;Who we are&lt;/strong&gt;&lt;/h2&gt;
&lt..., null, null, USD, , null, null, active, 0, 0, 1, 1, null, null, f, 7993680, greenhouse, https://stripe.com/jobs/search?gh_jid=7993680, null, 2026-09-26 23:39:04.894269+00, f, ["Missing or invalid company name"], 0.8, {"id": 7993680, "title": "Business Development Manager, Agentic ..., null, EGP, null, null, 2026-06-28 23:39:04.894265+00, , scraped).

/usr/local/lib/python3.11/site-packages/django/db/models/fields/__init__.py:1595: RuntimeWarning: DateTimeField Job.expires_at received a naive datetime (2026-09-26 23:39:04.897324) while time zone support is active.
  warnings.warn(
Failed to process job: null value in column "experience_level" of relation "jobs_job" violates not-null constraint
DETAIL:  Failing row contains (71, 2026-06-28 23:39:04.897471+00, 2026-06-28 23:39:04.897479+00, 14500a1d-60b1-48be-b76e-9a6ff3f4e3eb, Business Partner Analyst, stripe-business-partner-analyst-7919064, Dublin, Ireland, , , null, &lt;h2&gt;Who we are&lt;/h2&gt;
&lt;h3&gt;About Stripe&lt;/h3&gt..., null, null, USD, , null, null, active, 0, 0, 1, 1, null, null, f, 7919064, greenhouse, https://stripe.com/jobs/search?gh_jid=7919064, null, 2026-09-26 23:39:04.897324+00, f, ["Missing or invalid company name"], 0.8, {"id": 7919064, "title": "Business Partner Analyst", "location":..., null, EGP, null, null, 2026-06-28 23:39:04.89732+00, , scraped).

/usr/local/lib/python3.11/site-packages/django/db/models/fields/__init__.py:1595: RuntimeWarning: DateTimeField Job.expires_at received a naive datetime (2026-09-26 23:39:04.901209) while time zone support is active.
  warnings.warn(
Failed to process job: null value in column "experience_level" of relation "jobs_job" violates not-null constraint
DETAIL:  Failing row contains (72, 2026-06-28 23:39:04.901359+00, 2026-06-28 23:39:04.901369+00, 04fed600-2f9b-46b2-b695-719fb6951cec, Campaign Operations Manager, stripe-campaign-operations-manager-7584016, San Francisco, Seattle, New York, Chicago, Remote in the US, , , null, &lt;h2&gt;Who we are&lt;/h2&gt;
&lt;h3&gt;About Stripe&lt;/h3&gt..., null, null, USD, , null, null, active, 0, 0, 1, 1, null, null, f, 7584016, greenhouse, https://stripe.com/jobs/search?gh_jid=7584016, null, 2026-09-26 23:39:04.901209+00, f, ["Missing or invalid company name"], 0.8, {"id": 7584016, "title": "Campaign Operations Manager", "locatio..., null, EGP, null, null, 2026-06-28 23:39:04.901205+00, , scraped).

/usr/local/lib/python3.11/site-packages/django/db/models/fields/__init__.py:1595: RuntimeWarning: DateTimeField Job.expires_at received a naive datetime (2026-09-26 23:39:04.904743) while time zone support is active.
  warnings.warn(
Failed to process job: null value in column "experience_level" of relation "jobs_job" violates not-null constraint
DETAIL:  Failing row contains (73, 2026-06-28 23:39:04.904911+00, 2026-06-28 23:39:04.90492+00, dc72ec67-fb54-456a-b7e2-4afd734206a6, Cloud Security Engineer, stripe-cloud-security-engineer-7867389, Seattle, , , null, &lt;h2&gt;Who we are&lt;/h2&gt;
&lt;h3&gt;About Stripe&lt;/h3&gt..., null, null, USD, , null, null, active, 0, 0, 1, 1, null, null, f, 7867389, greenhouse, https://stripe.com/jobs/search?gh_jid=7867389, null, 2026-09-26 23:39:04.904743+00, f, ["Missing or invalid company name"], 0.8, {"id": 7867389, "title": "Cloud Security Engineer", "location": ..., null, EGP, null, null, 2026-06-28 23:39:04.90474+00, , scraped).

/usr/local/lib/python3.11/site-packages/django/db/models/fields/__init__.py:1595: RuntimeWarning: DateTimeField Job.expires_at received a naive datetime (2026-09-26 23:39:04.909490) while time zone support is active.
  warnings.warn(
Failed to process job: null value in column "experience_level" of relation "jobs_job" violates not-null constraint
DETAIL:  Failing row contains (74, 2026-06-28 23:39:04.909683+00, 2026-06-28 23:39:04.909695+00, b10bb556-47b1-401f-9d8c-d03a6bf5c67f, CoE Data & Insights, stripe-coe-data-insights-7839662, Bengaluru, , , null, &lt;h2&gt;Who we are&lt;/h2&gt;
&lt;h3&gt;About Stripe&lt;/h3&gt..., null, null, USD, , null, null, active, 0, 0, 1, 1, null, null, f, 7839662, greenhouse, https://stripe.com/jobs/search?gh_jid=7839662, null, 2026-09-26 23:39:04.90949+00, f, ["Missing or invalid company name"], 0.8, {"id": 7839662, "title": "CoE Data & Insights", "location": "Ben..., null, EGP, null, null, 2026-06-28 23:39:04.909486+00, , scraped).

/usr/local/lib/python3.11/site-packages/django/db/models/fields/__init__.py:1595: RuntimeWarning: DateTimeField Job.expires_at received a naive datetime (2026-09-26 23:39:04.913944) while time zone support is active.
  warnings.warn(
Failed to process job: null value in column "experience_level" of relation "jobs_job" violates not-null constraint
DETAIL:  Failing row contains (75, 2026-06-28 23:39:04.914115+00, 2026-06-28 23:39:04.914125+00, f15da534-1c53-4a22-baa1-0236fffc8286, Commercial Counsel, stripe-commercial-counsel-7589402, United States, , , null, &lt;h2&gt;&lt;strong&gt;Who we are&lt;/strong&gt;&lt;/h2&gt;
&lt..., null, null, USD, , null, null, active, 0, 0, 1, 1, null, null, f, 7589402, greenhouse, https://stripe.com/jobs/search?gh_jid=7589402, null, 2026-09-26 23:39:04.913944+00, f, ["Missing or invalid company name"], 0.8, {"id": 7589402, "title": "Commercial Counsel", "location": "Unit..., null, EGP, null, null, 2026-06-28 23:39:04.91394+00, , scraped).

/usr/local/lib/python3.11/site-packages/django/db/models/fields/__init__.py:1595: RuntimeWarning: DateTimeField Job.expires_at received a naive datetime (2026-09-26 23:39:04.917769) while time zone support is active.
  warnings.warn(
Failed to process job: null value in column "experience_level" of relation "jobs_job" violates not-null constraint
DETAIL:  Failing row contains (76, 2026-06-28 23:39:04.917942+00, 2026-06-28 23:39:04.917952+00, 94f509d0-e0ed-4f4f-97c6-4d341dbb374d, Commercial Solutions Program Manager, stripe-commercial-solutions-program-manager-7206336, Chicago, IL , Remote, , , null, &lt;h2&gt;&lt;strong&gt;Who we are &lt;/strong&gt;&lt;/h2&gt;
&l..., null, null, USD, , null, null, active, 0, 0, 1, 1, null, null, f, 7206336, greenhouse, https://stripe.com/jobs/search?gh_jid=7206336, null, 2026-09-26 23:39:04.917769+00, f, ["Missing or invalid company name"], 0.8, {"id": 7206336, "title": "Commercial Solutions Program Manager",..., null, EGP, null, null, 2026-06-28 23:39:04.917765+00, , scraped).

/usr/local/lib/python3.11/site-packages/django/db/models/fields/__init__.py:1595: RuntimeWarning: DateTimeField Job.expires_at received a naive datetime (2026-09-26 23:39:04.921859) while time zone support is active.
  warnings.warn(
Failed to process job: null value in column "experience_level" of relation "jobs_job" violates not-null constraint
DETAIL:  Failing row contains (77, 2026-06-28 23:39:04.922014+00, 2026-06-28 23:39:04.922023+00, 75d530be-66a0-4949-b8fb-42dfb3257adf, Company Strategy & Operations, stripe-company-strategy-operations-5956522, San Francisco, Seattle, Chicago, US-remote, New York, , , null, &lt;h2&gt;&lt;strong&gt;Who we are&lt;/strong&gt;&lt;/h2&gt;
&lt..., null, null, USD, , null, null, active, 0, 0, 1, 1, null, null, f, 5956522, greenhouse, https://stripe.com/jobs/search?gh_jid=5956522, null, 2026-09-26 23:39:04.921859+00, f, ["Missing or invalid company name"], 0.8, {"id": 5956522, "title": "Company Strategy & Operations", "locat..., null, EGP, null, null, 2026-06-28 23:39:04.921855+00, , scraped).

/usr/local/lib/python3.11/site-packages/django/db/models/fields/__init__.py:1595: RuntimeWarning: DateTimeField Job.expires_at received a naive datetime (2026-09-26 23:39:04.925192) while time zone support is active.
  warnings.warn(
Failed to process job: null value in column "experience_level" of relation "jobs_job" violates not-null constraint
DETAIL:  Failing row contains (78, 2026-06-28 23:39:04.925352+00, 2026-06-28 23:39:04.925362+00, 4e3be8c4-f310-49c7-a7ba-4eef9a45fa2d, Compensation Business Partner, Core, stripe-compensation-business-partner-core-7859849, US-Remote (35 miles+ outside an office), , , null, &lt;h1&gt;&lt;strong&gt;Who we are&lt;/strong&gt;&lt;/h1&gt;
&lt..., null, null, USD, , null, null, active, 0, 0, 1, 1, null, null, f, 7859849, greenhouse, https://stripe.com/jobs/search?gh_jid=7859849, null, 2026-09-26 23:39:04.925192+00, f, ["Missing or invalid company name"], 0.8, {"id": 7859849, "title": "Compensation Business Partner, Core", ..., null, EGP, null, null, 2026-06-28 23:39:04.925189+00, , scraped).

/usr/local/lib/python3.11/site-packages/django/db/models/fields/__init__.py:1595: RuntimeWarning: DateTimeField Job.expires_at received a naive datetime (2026-09-26 23:39:04.928615) while time zone support is active.
  warnings.warn(
Failed to process job: null value in column "experience_level" of relation "jobs_job" violates not-null constraint
DETAIL:  Failing row contains (79, 2026-06-28 23:39:04.928835+00, 2026-06-28 23:39:04.928844+00, a31b16cf-6329-48de-b9ef-f840bcd539f8, Consumer Brand Marketing Lead, Link, stripe-consumer-brand-marketing-lead-link-7959351, South San Francisco, , , null, &lt;h2&gt;&lt;strong&gt;Who we are &lt;/strong&gt;&lt;/h2&gt;
&l..., null, null, USD, , null, null, active, 0, 0, 1, 1, null, null, f, 7959351, greenhouse, https://stripe.com/jobs/search?gh_jid=7959351, null, 2026-09-26 23:39:04.928615+00, f, ["Missing or invalid company name"], 0.8, {"id": 7959351, "title": "Consumer Brand Marketing Lead, Link", ..., null, EGP, null, null, 2026-06-28 23:39:04.928612+00, , scraped).

/usr/local/lib/python3.11/site-packages/django/db/models/fields/__init__.py:1595: RuntimeWarning: DateTimeField Job.expires_at received a naive datetime (2026-09-26 23:39:04.931948) while time zone support is active.
  warnings.warn(
Failed to process job: null value in column "experience_level" of relation "jobs_job" violates not-null constraint
DETAIL:  Failing row contains (80, 2026-06-28 23:39:04.932174+00, 2026-06-28 23:39:04.932185+00, cb0483ad-7802-4392-a3e9-6673bdbaad91, Consumer Operations Associate, stripe-consumer-operations-associate-7733301, Mexico City, , , null, &lt;h2&gt;Who we are&lt;/h2&gt;
&lt;h3&gt;About Stripe&lt;/h3&gt..., null, null, USD, , null, null, active, 0, 0, 1, 1, null, null, f, 7733301, greenhouse, https://stripe.com/jobs/search?gh_jid=7733301, null, 2026-09-26 23:39:04.931948+00, f, ["Missing or invalid company name"], 0.8, {"id": 7733301, "title": "Consumer Operations Associate", "locat..., null, EGP, null, null, 2026-06-28 23:39:04.931945+00, , scraped).

/usr/local/lib/python3.11/site-packages/django/db/models/fields/__init__.py:1595: RuntimeWarning: DateTimeField Job.expires_at received a naive datetime (2026-09-26 23:39:04.935721) while time zone support is active.
  warnings.warn(
Failed to process job: null value in column "experience_level" of relation "jobs_job" violates not-null constraint
DETAIL:  Failing row contains (81, 2026-06-28 23:39:04.935942+00, 2026-06-28 23:39:04.935951+00, 53ad7118-223d-450b-8830-5e7bafcaa3c7, Consumer Product Marketing Lead, Link, stripe-consumer-product-marketing-lead-link-7947510, San Fransisco, New York, Seattle, Chicago, Remote US, , , null, &lt;p&gt;&lt;strong&gt;About Stripe&lt;/strong&gt;&lt;/p&gt;
&lt..., null, null, USD, , null, null, active, 0, 0, 1, 1, null, null, f, 7947510, greenhouse, https://stripe.com/jobs/search?gh_jid=7947510, null, 2026-09-26 23:39:04.935721+00, f, ["Missing or invalid company name"], 0.8, {"id": 7947510, "title": "Consumer Product Marketing Lead, Link"..., null, EGP, null, null, 2026-06-28 23:39:04.935717+00, , scraped).

/usr/local/lib/python3.11/site-packages/django/db/models/fields/__init__.py:1595: RuntimeWarning: DateTimeField Job.expires_at received a naive datetime (2026-09-26 23:39:04.939815) while time zone support is active.
  warnings.warn(
Failed to process job: null value in column "experience_level" of relation "jobs_job" violates not-null constraint
DETAIL:  Failing row contains (82, 2026-06-28 23:39:04.940032+00, 2026-06-28 23:39:04.940045+00, 8e40c3e6-efb0-4b9e-a05c-d5063f709ef8, Contracting Operations Specialist, stripe-contracting-operations-specialist-7941890, Bengaluru, , , null, &lt;h2&gt;Who we are&lt;/h2&gt;
&lt;h3&gt;About Stripe&lt;/h3&gt..., null, null, USD, , null, null, active, 0, 0, 1, 1, null, null, f, 7941890, greenhouse, https://stripe.com/jobs/search?gh_jid=7941890, null, 2026-09-26 23:39:04.939815+00, f, ["Missing or invalid company name"], 0.8, {"id": 7941890, "title": "Contracting Operations Specialist", "l..., null, EGP, null, null, 2026-06-28 23:39:04.93981+00, , scraped).

/usr/local/lib/python3.11/site-packages/django/db/models/fields/__init__.py:1595: RuntimeWarning: DateTimeField Job.expires_at received a naive datetime (2026-09-26 23:39:04.943515) while time zone support is active.
  warnings.warn(
Failed to process job: null value in column "experience_level" of relation "jobs_job" violates not-null constraint
DETAIL:  Failing row contains (83, 2026-06-28 23:39:04.943647+00, 2026-06-28 23:39:04.943655+00, b87a1131-8964-4c72-90a0-a4120e1ffe1a, Copy Editor, stripe-copy-editor-8004035, US Remote, , , null, &lt;h2&gt;&lt;strong&gt;Who we are &lt;/strong&gt;&lt;/h2&gt;
&l..., null, null, USD, , null, null, active, 0, 0, 1, 1, null, null, f, 8004035, greenhouse, https://stripe.com/jobs/search?gh_jid=8004035, null, 2026-09-26 23:39:04.943515+00, f, ["Missing or invalid company name"], 0.8, {"id": 8004035, "title": "Copy Editor", "location": "US Remote",..., null, EGP, null, null, 2026-06-28 23:39:04.943512+00, , scraped).

/usr/local/lib/python3.11/site-packages/django/db/models/fields/__init__.py:1595: RuntimeWarning: DateTimeField Job.expires_at received a naive datetime (2026-09-26 23:39:04.947276) while time zone support is active.
  warnings.warn(
Failed to process job: null value in column "experience_level" of relation "jobs_job" violates not-null constraint
DETAIL:  Failing row contains (84, 2026-06-28 23:39:04.947446+00, 2026-06-28 23:39:04.947456+00, 58561095-6d85-46a5-866d-a3b6354b29e8, Corporate Accounting, stripe-corporate-accounting-7618067, San Francisco, Seattle, , , null, &lt;h2&gt;Who we are&lt;/h2&gt;
&lt;h3&gt;About Stripe&lt;/h3&gt..., null, null, USD, , null, null, active, 0, 0, 1, 1, null, null, f, 7618067, greenhouse, https://stripe.com/jobs/search?gh_jid=7618067, null, 2026-09-26 23:39:04.947276+00, f, ["Missing or invalid company name"], 0.8, {"id": 7618067, "title": "Corporate Accounting", "location": "Sa..., null, EGP, null, null, 2026-06-28 23:39:04.947271+00, , scraped).

/usr/local/lib/python3.11/site-packages/django/db/models/fields/__init__.py:1595: RuntimeWarning: DateTimeField Job.expires_at received a naive datetime (2026-09-26 23:39:04.950540) while time zone support is active.
  warnings.warn(
Failed to process job: null value in column "experience_level" of relation "jobs_job" violates not-null constraint
DETAIL:  Failing row contains (85, 2026-06-28 23:39:04.950674+00, 2026-06-28 23:39:04.950683+00, 962b6539-99f1-46db-862e-6377939c8535, Corporate Communications, stripe-corporate-communications-7827403, DC, SF, NYC, , , null, &lt;h2&gt;Who we are&lt;/h2&gt;
&lt;h3&gt;About Stripe&lt;/h3&gt..., null, null, USD, , null, null, active, 0, 0, 1, 1, null, null, f, 7827403, greenhouse, https://stripe.com/jobs/search?gh_jid=7827403, null, 2026-09-26 23:39:04.95054+00, f, ["Missing or invalid company name"], 0.8, {"id": 7827403, "title": "Corporate Communications", "location":..., null, EGP, null, null, 2026-06-28 23:39:04.950537+00, , scraped).

/usr/local/lib/python3.11/site-packages/django/db/models/fields/__init__.py:1595: RuntimeWarning: DateTimeField Job.expires_at received a naive datetime (2026-09-26 23:39:04.954451) while time zone support is active.
  warnings.warn(
Failed to process job: null value in column "experience_level" of relation "jobs_job" violates not-null constraint
DETAIL:  Failing row contains (86, 2026-06-28 23:39:04.954688+00, 2026-06-28 23:39:04.9547+00, 2caa621e-c837-4f0f-82ab-dac681a852dd, Corporate Events Manager, Expo, stripe-corporate-events-manager-expo-7804276, Remote in United States, , , null, &lt;h2&gt;Who we are&lt;/h2&gt;
&lt;h3&gt;About Stripe&lt;/h3&gt..., null, null, USD, , null, null, active, 0, 0, 1, 1, null, null, f, 7804276, greenhouse, https://stripe.com/jobs/search?gh_jid=7804276, null, 2026-09-26 23:39:04.954451+00, f, ["Missing or invalid company name"], 0.8, {"id": 7804276, "title": "Corporate Events Manager, Expo", "loca..., null, EGP, null, null, 2026-06-28 23:39:04.954447+00, , scraped).

/usr/local/lib/python3.11/site-packages/django/db/models/fields/__init__.py:1595: RuntimeWarning: DateTimeField Job.expires_at received a naive datetime (2026-09-26 23:39:04.957956) while time zone support is active.
  warnings.warn(
Failed to process job: null value in column "experience_level" of relation "jobs_job" violates not-null constraint
DETAIL:  Failing row contains (87, 2026-06-28 23:39:04.958098+00, 2026-06-28 23:39:04.958106+00, e6a16a5a-a7f2-4846-b276-8365c459aaac, Corporate Network Engineering Manager, stripe-corporate-network-engineering-manager-7736482, US Remote, , , null, &lt;h2&gt;Who we are&lt;/h2&gt;
&lt;h3&gt;About Stripe&lt;/h3&gt..., null, null, USD, , null, null, active, 0, 0, 1, 1, null, null, f, 7736482, greenhouse, https://stripe.com/jobs/search?gh_jid=7736482, null, 2026-09-26 23:39:04.957956+00, f, ["Missing or invalid company name"], 0.8, {"id": 7736482, "title": "Corporate Network Engineering Manager"..., null, EGP, null, null, 2026-06-28 23:39:04.957953+00, , scraped).

/usr/local/lib/python3.11/site-packages/django/db/models/fields/__init__.py:1595: RuntimeWarning: DateTimeField Job.expires_at received a naive datetime (2026-09-26 23:39:04.962506) while time zone support is active.
  warnings.warn(
Failed to process job: null value in column "experience_level" of relation "jobs_job" violates not-null constraint
DETAIL:  Failing row contains (88, 2026-06-28 23:39:04.962702+00, 2026-06-28 23:39:04.962715+00, ede604f3-67d3-43f7-9afa-4bcae9814f93, Corporate Paralegal, stripe-corporate-paralegal-7521170, SF Bay Area, US-National, , , null, &lt;h2&gt;&lt;strong&gt;Who we are &lt;/strong&gt;&lt;/h2&gt;
&l..., null, null, USD, , null, null, active, 0, 0, 1, 1, null, null, f, 7521170, greenhouse, https://stripe.com/jobs/search?gh_jid=7521170, null, 2026-09-26 23:39:04.962506+00, f, ["Missing or invalid company name"], 0.8, {"id": 7521170, "title": "Corporate Paralegal", "location": "SF ..., null, EGP, null, null, 2026-06-28 23:39:04.9625+00, , scraped).

/usr/local/lib/python3.11/site-packages/django/db/models/fields/__init__.py:1595: RuntimeWarning: DateTimeField Job.expires_at received a naive datetime (2026-09-26 23:39:04.967197) while time zone support is active.
  warnings.warn(
Failed to process job: null value in column "experience_level" of relation "jobs_job" violates not-null constraint
DETAIL:  Failing row contains (89, 2026-06-28 23:39:04.967423+00, 2026-06-28 23:39:04.967435+00, ac0ca08d-684c-459f-971b-4e79b08e65ed, Counsel, Leasing & Operational Professional Services, stripe-counsel-leasing-operational-professional-services-8010009, Chicago, Atlanta, US Remote, , , null, &lt;h2&gt;&lt;strong&gt;Who we are&lt;/strong&gt;&lt;/h2&gt;
&lt..., null, null, USD, , null, null, active, 0, 0, 1, 1, null, null, f, 8010009, greenhouse, https://stripe.com/jobs/search?gh_jid=8010009, null, 2026-09-26 23:39:04.967197+00, f, ["Missing or invalid company name"], 0.8, {"id": 8010009, "title": "Counsel, Leasing & Operational Profess..., null, EGP, null, null, 2026-06-28 23:39:04.967191+00, , scraped).

/usr/local/lib/python3.11/site-packages/django/db/models/fields/__init__.py:1595: RuntimeWarning: DateTimeField Job.expires_at received a naive datetime (2026-09-26 23:39:04.971944) while time zone support is active.
  warnings.warn(
Failed to process job: null value in column "experience_level" of relation "jobs_job" violates not-null constraint
DETAIL:  Failing row contains (90, 2026-06-28 23:39:04.972104+00, 2026-06-28 23:39:04.972113+00, 538f29b2-3a04-4963-9f9d-05b2e1c6c874, Creative Director, Brand Experiences, stripe-creative-director-brand-experiences-8001909, US, , , null, &lt;h2&gt;&lt;strong&gt;Who we are&lt;/strong&gt;&lt;/h2&gt;
&lt..., null, null, USD, , null, null, active, 0, 0, 1, 1, null, null, f, 8001909, greenhouse, https://stripe.com/jobs/search?gh_jid=8001909, null, 2026-09-26 23:39:04.971944+00, f, ["Missing or invalid company name"], 0.8, {"id": 8001909, "title": "Creative Director, Brand Experiences",..., null, EGP, null, null, 2026-06-28 23:39:04.97194+00, , scraped).

/usr/local/lib/python3.11/site-packages/django/db/models/fields/__init__.py:1595: RuntimeWarning: DateTimeField Job.expires_at received a naive datetime (2026-09-26 23:39:04.976202) while time zone support is active.
  warnings.warn(
Failed to process job: null value in column "experience_level" of relation "jobs_job" violates not-null constraint
DETAIL:  Failing row contains (91, 2026-06-28 23:39:04.976358+00, 2026-06-28 23:39:04.976367+00, c043d8e8-8c90-458a-a36a-569e30fdcd8f, Creative Director, Copy & Campaigns, stripe-creative-director-copy-campaigns-8001341, US, , , null, &lt;h2&gt;&lt;strong&gt;Who we are &lt;/strong&gt;&lt;/h2&gt;
&l..., null, null, USD, , null, null, active, 0, 0, 1, 1, null, null, f, 8001341, greenhouse, https://stripe.com/jobs/search?gh_jid=8001341, null, 2026-09-26 23:39:04.976202+00, f, ["Missing or invalid company name"], 0.8, {"id": 8001341, "title": "Creative Director, Copy & Campaigns", ..., null, EGP, null, null, 2026-06-28 23:39:04.976198+00, , scraped).

/usr/local/lib/python3.11/site-packages/django/db/models/fields/__init__.py:1595: RuntimeWarning: DateTimeField Job.expires_at received a naive datetime (2026-09-26 23:39:04.980046) while time zone support is active.
  warnings.warn(
Failed to process job: null value in column "experience_level" of relation "jobs_job" violates not-null constraint
DETAIL:  Failing row contains (92, 2026-06-28 23:39:04.980248+00, 2026-06-28 23:39:04.98026+00, 70ce2b8e-775b-4c3a-bbe8-ac859c11cce9, Credit Operations Analyst, Risk Operations, stripe-credit-operations-analyst-risk-operations-7722938, Chicago, Toronto, Atlanta, , , null, &lt;h2&gt;&lt;strong&gt;Who we are &lt;/strong&gt;&lt;/h2&gt;
&l..., null, null, USD, , null, null, active, 0, 0, 1, 1, null, null, f, 7722938, greenhouse, https://stripe.com/jobs/search?gh_jid=7722938, null, 2026-09-26 23:39:04.980046+00, f, ["Missing or invalid company name"], 0.8, {"id": 7722938, "title": "Credit Operations Analyst, Risk Operat..., null, EGP, null, null, 2026-06-28 23:39:04.980042+00, , scraped).

/usr/local/lib/python3.11/site-packages/django/db/models/fields/__init__.py:1595: RuntimeWarning: DateTimeField Job.expires_at received a naive datetime (2026-09-26 23:39:04.984119) while time zone support is active.
  warnings.warn(
Failed to process job: null value in column "experience_level" of relation "jobs_job" violates not-null constraint
DETAIL:  Failing row contains (93, 2026-06-28 23:39:04.984278+00, 2026-06-28 23:39:04.984288+00, 478639c7-ea8e-4cdd-8ae3-dbfef9af0361, Credit Operations Collections Analyst, stripe-credit-operations-collections-analyst-7722943, Toronto, Atlanta, or Chicago, , , null, &lt;h2&gt;&lt;strong&gt;Who we are &lt;/strong&gt;&lt;/h2&gt;
&l..., null, null, USD, , null, null, active, 0, 0, 1, 1, null, null, f, 7722943, greenhouse, https://stripe.com/jobs/search?gh_jid=7722943, null, 2026-09-26 23:39:04.984119+00, f, ["Missing or invalid company name"], 0.8, {"id": 7722943, "title": "Credit Operations Collections Analyst"..., null, EGP, null, null, 2026-06-28 23:39:04.984116+00, , scraped).

/usr/local/lib/python3.11/site-packages/django/db/models/fields/__init__.py:1595: RuntimeWarning: DateTimeField Job.expires_at received a naive datetime (2026-09-26 23:39:04.987531) while time zone support is active.
  warnings.warn(
Failed to process job: null value in column "experience_level" of relation "jobs_job" violates not-null constraint
DETAIL:  Failing row contains (94, 2026-06-28 23:39:04.987691+00, 2026-06-28 23:39:04.9877+00, c48c352d-1f6c-4617-9768-76618c19158e, Credit Risk Analyst Commercial Underwriter, West Coast, stripe-credit-risk-analyst-commercial-underwriter-west-co-754044..., Chicago, US-Remote, Canada-Remote, , , null, &lt;h2&gt;&lt;strong&gt;Who we are &lt;/strong&gt;&lt;/h2&gt;
&l..., null, null, USD, , null, null, active, 0, 0, 1, 1, null, null, f, 7540441, greenhouse, https://stripe.com/jobs/search?gh_jid=7540441, null, 2026-09-26 23:39:04.987531+00, f, ["Missing or invalid company name"], 0.8, {"id": 7540441, "title": "Credit Risk Analyst Commercial Underwr..., null, EGP, null, null, 2026-06-28 23:39:04.987528+00, , scraped).

/usr/local/lib/python3.11/site-packages/django/db/models/fields/__init__.py:1595: RuntimeWarning: DateTimeField Job.expires_at received a naive datetime (2026-09-26 23:39:04.991388) while time zone support is active.
  warnings.warn(
Failed to process job: null value in column "experience_level" of relation "jobs_job" violates not-null constraint
DETAIL:  Failing row contains (95, 2026-06-28 23:39:04.991541+00, 2026-06-28 23:39:04.991549+00, cb47fd39-d35b-4ec9-81db-4cc1715c67d3, Credit Risk Analyst, North American Underwriter, stripe-credit-risk-analyst-north-american-underwriter-7612192, Toronto, Remote-Canada, , , null, &lt;h2&gt;&lt;strong&gt;Who we are &lt;/strong&gt;&lt;/h2&gt;
&l..., null, null, USD, , null, null, active, 0, 0, 1, 1, null, null, f, 7612192, greenhouse, https://stripe.com/jobs/search?gh_jid=7612192, null, 2026-09-26 23:39:04.991388+00, f, ["Missing or invalid company name"], 0.8, {"id": 7612192, "title": "Credit Risk Analyst, North American Un..., null, EGP, null, null, 2026-06-28 23:39:04.991384+00, , scraped).

/usr/local/lib/python3.11/site-packages/django/db/models/fields/__init__.py:1595: RuntimeWarning: DateTimeField Job.expires_at received a naive datetime (2026-09-26 23:39:04.995263) while time zone support is active.
  warnings.warn(
Failed to process job: null value in column "experience_level" of relation "jobs_job" violates not-null constraint
DETAIL:  Failing row contains (96, 2026-06-28 23:39:04.995543+00, 2026-06-28 23:39:04.995556+00, 2bbec5b6-7dea-49af-befe-e4364f96ad26, Credit Risk Operations Associate (CDMX), stripe-credit-risk-operations-associate-cdmx-7456167, Mexico City, , , null, &lt;h2&gt;Who we are&lt;/h2&gt;
&lt;h3&gt;About Stripe&lt;/h3&gt..., null, null, USD, , null, null, active, 0, 0, 1, 1, null, null, f, 7456167, greenhouse, https://stripe.com/jobs/search?gh_jid=7456167, null, 2026-09-26 23:39:04.995263+00, f, ["Missing or invalid company name"], 0.8, {"id": 7456167, "title": "Credit Risk Operations Associate (CDMX..., null, EGP, null, null, 2026-06-28 23:39:04.995258+00, , scraped).

/usr/local/lib/python3.11/site-packages/django/db/models/fields/__init__.py:1595: RuntimeWarning: DateTimeField Job.expires_at received a naive datetime (2026-09-26 23:39:05.000074) while time zone support is active.
  warnings.warn(
Failed to process job: null value in column "experience_level" of relation "jobs_job" violates not-null constraint
DETAIL:  Failing row contains (97, 2026-06-28 23:39:05.000256+00, 2026-06-28 23:39:05.000297+00, c9083ce9-b11a-427f-b9e4-7c2bd9c0a431, Credit Risk Strategy Manager, stripe-credit-risk-strategy-manager-7863824, Singapore, , , null, &lt;h2&gt;Who we are&lt;/h2&gt;
&lt;h3&gt;About Stripe&lt;/h3&gt..., null, null, USD, , null, null, active, 0, 0, 1, 1, null, null, f, 7863824, greenhouse, https://stripe.com/jobs/search?gh_jid=7863824, null, 2026-09-26 23:39:05.000074+00, f, ["Missing or invalid company name"], 0.8, {"id": 7863824, "title": "Credit Risk Strategy Manager", "locati..., null, EGP, null, null, 2026-06-28 23:39:05.00007+00, , scraped).

/usr/local/lib/python3.11/site-packages/django/db/models/fields/__init__.py:1595: RuntimeWarning: DateTimeField Job.expires_at received a naive datetime (2026-09-26 23:39:05.005486) while time zone support is active.
  warnings.warn(
Failed to process job: null value in column "experience_level" of relation "jobs_job" violates not-null constraint
DETAIL:  Failing row contains (98, 2026-06-28 23:39:05.005662+00, 2026-06-28 23:39:05.005672+00, 32916962-47fa-4f56-ac32-08829dba32b7, Crypto Product Accounting, stripe-crypto-product-accounting-7774312, San Francisco, Seattle, New York, , , null, &lt;h2&gt;Who we are&lt;/h2&gt;
&lt;h3&gt;About Stripe&lt;/h3&gt..., null, null, USD, , null, null, active, 0, 0, 1, 1, null, null, f, 7774312, greenhouse, https://stripe.com/jobs/search?gh_jid=7774312, null, 2026-09-26 23:39:05.005486+00, f, ["Scam title pattern: crypto", "Missing or invalid company name"..., 0.6000000000000001, {"id": 7774312, "title": "Crypto Product Accounting", "location"..., null, EGP, null, null, 2026-06-28 23:39:05.005482+00, , scraped).

/usr/local/lib/python3.11/site-packages/django/db/models/fields/__init__.py:1595: RuntimeWarning: DateTimeField Job.expires_at received a naive datetime (2026-09-26 23:39:05.009695) while time zone support is active.
  warnings.warn(
Failed to process job: null value in column "experience_level" of relation "jobs_job" violates not-null constraint
DETAIL:  Failing row contains (99, 2026-06-28 23:39:05.009884+00, 2026-06-28 23:39:05.009895+00, 16878346-8936-40ac-818a-d6fb57328e3d, Customer Funds Reconciliation and Safeguarding Specialist, Luxem..., stripe-customer-funds-reconciliation-and-safeguarding-spe-758735..., Luxembourg, , , null, &lt;h2&gt;Who we are&lt;/h2&gt;
&lt;h3&gt;About Stripe&lt;/h3&gt..., null, null, USD, , null, null, active, 0, 0, 1, 1, null, null, f, 7587353, greenhouse, https://stripe.com/jobs/search?gh_jid=7587353, null, 2026-09-26 23:39:05.009695+00, f, ["Missing or invalid company name"], 0.8, {"id": 7587353, "title": "Customer Funds Reconciliation and Safe..., null, EGP, null, null, 2026-06-28 23:39:05.00969+00, , scraped).

/usr/local/lib/python3.11/site-packages/django/db/models/fields/__init__.py:1595: RuntimeWarning: DateTimeField Job.expires_at received a naive datetime (2026-09-26 23:39:05.014774) while time zone support is active.
  warnings.warn(
Failed to process job: null value in column "experience_level" of relation "jobs_job" violates not-null constraint
DETAIL:  Failing row contains (100, 2026-06-28 23:39:05.015155+00, 2026-06-28 23:39:05.015171+00, e1977aaf-11da-4220-9443-1ae382baf7b0, Customer Success Manager, stripe-customer-success-manager-7981935, Paris, , , null, &lt;h2&gt;Who we are&lt;/h2&gt;
&lt;h3&gt;About Stripe&lt;/h3&gt..., null, null, USD, , null, null, active, 0, 0, 1, 1, null, null, f, 7981935, greenhouse, https://stripe.com/jobs/search?gh_jid=7981935, null, 2026-09-26 23:39:05.014774+00, f, ["Missing or invalid company name"], 0.8, {"id": 7981935, "title": "Customer Success Manager", "location":..., null, EGP, null, null, 2026-06-28 23:39:05.014769+00, , scraped).

/usr/local/lib/python3.11/site-packages/django/db/models/fields/__init__.py:1595: RuntimeWarning: DateTimeField Job.expires_at received a naive datetime (2026-09-26 23:39:05.020336) while time zone support is active.
  warnings.warn(
Failed to process job: null value in column "experience_level" of relation "jobs_job" violates not-null constraint
DETAIL:  Failing row contains (101, 2026-06-28 23:39:05.020576+00, 2026-06-28 23:39:05.020588+00, afa91d24-2e25-41fc-a4bd-89924fb80a1d, Customer Success Manager, stripe-customer-success-manager-7768901, Berlin, , , null, &lt;h2&gt;Who we are&lt;/h2&gt;
&lt;h3&gt;About Stripe&lt;/h3&gt..., null, null, USD, , null, null, active, 0, 0, 1, 1, null, null, f, 7768901, greenhouse, https://stripe.com/jobs/search?gh_jid=7768901, null, 2026-09-26 23:39:05.020336+00, f, ["Missing or invalid company name"], 0.8, {"id": 7768901, "title": "Customer Success Manager", "location":..., null, EGP, null, null, 2026-06-28 23:39:05.020332+00, , scraped).

/usr/local/lib/python3.11/site-packages/django/db/models/fields/__init__.py:1595: RuntimeWarning: DateTimeField Job.expires_at received a naive datetime (2026-09-26 23:39:05.025003) while time zone support is active.
  warnings.warn(
Failed to process job: null value in column "experience_level" of relation "jobs_job" violates not-null constraint
DETAIL:  Failing row contains (102, 2026-06-28 23:39:05.025273+00, 2026-06-28 23:39:05.025287+00, 1b71924f-7b92-41a0-84a5-dc56c7363051, Customer Success Manager, stripe-customer-success-manager-7921314, Dublin, , , null, &lt;h2&gt;Who we are&lt;/h2&gt;
&lt;h3&gt;About Stripe&lt;/h3&gt..., null, null, USD, , null, null, active, 0, 0, 1, 1, null, null, f, 7921314, greenhouse, https://stripe.com/jobs/search?gh_jid=7921314, null, 2026-09-26 23:39:05.025003+00, f, ["Missing or invalid company name"], 0.8, {"id": 7921314, "title": "Customer Success Manager", "location":..., null, EGP, null, null, 2026-06-28 23:39:05.024998+00, , scraped).

/usr/local/lib/python3.11/site-packages/django/db/models/fields/__init__.py:1595: RuntimeWarning: DateTimeField Job.expires_at received a naive datetime (2026-09-26 23:39:05.029706) while time zone support is active.
  warnings.warn(
Failed to process job: null value in column "experience_level" of relation "jobs_job" violates not-null constraint
DETAIL:  Failing row contains (103, 2026-06-28 23:39:05.029922+00, 2026-06-28 23:39:05.029933+00, 6e98a657-ce50-475b-9992-0160fb311084, Customer Success Manager, stripe-customer-success-manager-7810205, London, , , null, &lt;h2&gt;Who we are&lt;/h2&gt;
&lt;h3&gt;About Stripe&lt;/h3&gt..., null, null, USD, , null, null, active, 0, 0, 1, 1, null, null, f, 7810205, greenhouse, https://stripe.com/jobs/search?gh_jid=7810205, null, 2026-09-26 23:39:05.029706+00, f, ["Scam description pattern: pay.*fee", "Missing or invalid compa..., 0.49999999999999994, {"id": 7810205, "title": "Customer Success Manager", "location":..., null, EGP, null, null, 2026-06-28 23:39:05.0297+00, , scraped).

/usr/local/lib/python3.11/site-packages/django/db/models/fields/__init__.py:1595: RuntimeWarning: DateTimeField Job.expires_at received a naive datetime (2026-09-26 23:39:05.033591) while time zone support is active.
  warnings.warn(
Failed to process job: null value in column "experience_level" of relation "jobs_job" violates not-null constraint
DETAIL:  Failing row contains (104, 2026-06-28 23:39:05.033759+00, 2026-06-28 23:39:05.033771+00, b1c71881-a71a-4eb8-ba13-75f9774d06bf, Customer Success Manager , stripe-customer-success-manager-8009536, London, , , null, &lt;h2&gt;Who we are&lt;/h2&gt;
&lt;h3&gt;About Stripe&lt;/h3&gt..., null, null, USD, , null, null, active, 0, 0, 1, 1, null, null, f, 8009536, greenhouse, https://stripe.com/jobs/search?gh_jid=8009536, null, 2026-09-26 23:39:05.033591+00, f, ["Missing or invalid company name"], 0.8, {"id": 8009536, "title": "Customer Success Manager ", "location"..., null, EGP, null, null, 2026-06-28 23:39:05.033588+00, , scraped).

/usr/local/lib/python3.11/site-packages/django/db/models/fields/__init__.py:1595: RuntimeWarning: DateTimeField Job.expires_at received a naive datetime (2026-09-26 23:39:05.038815) while time zone support is active.
  warnings.warn(
Failed to process job: null value in column "experience_level" of relation "jobs_job" violates not-null constraint
DETAIL:  Failing row contains (105, 2026-06-28 23:39:05.039008+00, 2026-06-28 23:39:05.039019+00, 739572f1-ec98-43e6-9ca7-3bbf30b51a39, Customer Success Manager, Enterprise, stripe-customer-success-manager-enterprise-6558993, Chicago, IL; Atlanta, GA, , , null, &lt;h2&gt;Who we are&lt;/h2&gt;
&lt;h3&gt;About Stripe&lt;/h3&gt..., null, null, USD, , null, null, active, 0, 0, 1, 1, null, null, f, 6558993, greenhouse, https://stripe.com/jobs/search?gh_jid=6558993, null, 2026-09-26 23:39:05.038815+00, f, ["Missing or invalid company name"], 0.8, {"id": 6558993, "title": "Customer Success Manager, Enterprise",..., null, EGP, null, null, 2026-06-28 23:39:05.038811+00, , scraped).

/usr/local/lib/python3.11/site-packages/django/db/models/fields/__init__.py:1595: RuntimeWarning: DateTimeField Job.expires_at received a naive datetime (2026-09-26 23:39:05.042982) while time zone support is active.
  warnings.warn(
Failed to process job: null value in column "experience_level" of relation "jobs_job" violates not-null constraint
DETAIL:  Failing row contains (106, 2026-06-28 23:39:05.043196+00, 2026-06-28 23:39:05.043211+00, 12558e6a-9dbb-4818-86dc-4273ca89fba6, Customer Success Manager (French speaking), stripe-customer-success-manager-french-speaking-7925790, London, , , null, &lt;h2&gt;Who we are&lt;/h2&gt;
&lt;h3&gt;About Stripe&lt;/h3&gt..., null, null, USD, , null, null, active, 0, 0, 1, 1, null, null, f, 7925790, greenhouse, https://stripe.com/jobs/search?gh_jid=7925790, null, 2026-09-26 23:39:05.042982+00, f, ["Missing or invalid company name"], 0.8, {"id": 7925790, "title": "Customer Success Manager (French speak..., null, EGP, null, null, 2026-06-28 23:39:05.042976+00, , scraped).

/usr/local/lib/python3.11/site-packages/django/db/models/fields/__init__.py:1595: RuntimeWarning: DateTimeField Job.expires_at received a naive datetime (2026-09-26 23:39:05.047485) while time zone support is active.
  warnings.warn(
Failed to process job: null value in column "experience_level" of relation "jobs_job" violates not-null constraint
DETAIL:  Failing row contains (107, 2026-06-28 23:39:05.047675+00, 2026-06-28 23:39:05.047686+00, ce4049a7-e189-4912-ad60-108a2a1ce64e, Customer Success Manager (German speaking) , stripe-customer-success-manager-german-speaking-7522783, London, , , null, &lt;h2&gt;Who we are&lt;/h2&gt;
&lt;h3&gt;About Stripe&lt;/h3&gt..., null, null, USD, , null, null, active, 0, 0, 1, 1, null, null, f, 7522783, greenhouse, https://stripe.com/jobs/search?gh_jid=7522783, null, 2026-09-26 23:39:05.047485+00, f, ["Missing or invalid company name"], 0.8, {"id": 7522783, "title": "Customer Success Manager (German speak..., null, EGP, null, null, 2026-06-28 23:39:05.04748+00, , scraped).

/usr/local/lib/python3.11/site-packages/django/db/models/fields/__init__.py:1595: RuntimeWarning: DateTimeField Job.expires_at received a naive datetime (2026-09-26 23:39:05.052346) while time zone support is active.
  warnings.warn(
Failed to process job: null value in column "experience_level" of relation "jobs_job" violates not-null constraint
DETAIL:  Failing row contains (108, 2026-06-28 23:39:05.052567+00, 2026-06-28 23:39:05.052579+00, e3178611-ebbc-450c-815f-bdce42cf8ebf, Customer Success Manager (Revenue Suite), stripe-customer-success-manager-revenue-suite-7351768, Bengaluru, , , null, &lt;h2&gt;Who we are&lt;/h2&gt;
&lt;h3&gt;About Stripe&lt;/h3&gt..., null, null, USD, , null, null, active, 0, 0, 1, 1, null, null, f, 7351768, greenhouse, https://stripe.com/jobs/search?gh_jid=7351768, null, 2026-09-26 23:39:05.052346+00, f, ["Missing or invalid company name"], 0.8, {"id": 7351768, "title": "Customer Success Manager (Revenue Suit..., null, EGP, null, null, 2026-06-28 23:39:05.052341+00, , scraped).

/usr/local/lib/python3.11/site-packages/django/db/models/fields/__init__.py:1595: RuntimeWarning: DateTimeField Job.expires_at received a naive datetime (2026-09-26 23:39:05.056481) while time zone support is active.
  warnings.warn(
Failed to process job: null value in column "experience_level" of relation "jobs_job" violates not-null constraint
DETAIL:  Failing row contains (109, 2026-06-28 23:39:05.056699+00, 2026-06-28 23:39:05.056711+00, ea3d08d5-145b-406a-ab8e-efa143378d7f, Customer Success Manager (Spanish speaking), stripe-customer-success-manager-spanish-speaking-7925821, London, , , null, &lt;h2&gt;Who we are&lt;/h2&gt;
&lt;h3&gt;About Stripe&lt;/h3&gt..., null, null, USD, , null, null, active, 0, 0, 1, 1, null, null, f, 7925821, greenhouse, https://stripe.com/jobs/search?gh_jid=7925821, null, 2026-09-26 23:39:05.056481+00, f, ["Missing or invalid company name"], 0.8, {"id": 7925821, "title": "Customer Success Manager (Spanish spea..., null, EGP, null, null, 2026-06-28 23:39:05.056475+00, , scraped).

/usr/local/lib/python3.11/site-packages/django/db/models/fields/__init__.py:1595: RuntimeWarning: DateTimeField Job.expires_at received a naive datetime (2026-09-26 23:39:05.061616) while time zone support is active.
  warnings.warn(
Failed to process job: null value in column "experience_level" of relation "jobs_job" violates not-null constraint
DETAIL:  Failing row contains (110, 2026-06-28 23:39:05.061811+00, 2026-06-28 23:39:05.061821+00, 8cffd9ce-5b60-44cc-a93f-4696d2765998, Data Analyst, stripe-data-analyst-7978488, Mexico City, , , null, &lt;h3&gt;&lt;strong&gt;Who we are&lt;/strong&gt;&lt;/h3&gt;
&lt..., null, null, USD, , null, null, active, 0, 0, 1, 1, null, null, f, 7978488, greenhouse, https://stripe.com/jobs/search?gh_jid=7978488, null, 2026-09-26 23:39:05.061616+00, f, ["Missing or invalid company name"], 0.8, {"id": 7978488, "title": "Data Analyst", "location": "Mexico Cit..., null, EGP, null, null, 2026-06-28 23:39:05.061612+00, , scraped).

/usr/local/lib/python3.11/site-packages/django/db/models/fields/__init__.py:1595: RuntimeWarning: DateTimeField Job.expires_at received a naive datetime (2026-09-26 23:39:05.066419) while time zone support is active.
  warnings.warn(
Failed to process job: null value in column "experience_level" of relation "jobs_job" violates not-null constraint
DETAIL:  Failing row contains (111, 2026-06-28 23:39:05.066601+00, 2026-06-28 23:39:05.066611+00, 5d08ee6d-6d13-47e2-adaf-73e822b9b516, Data Analyst, stripe-data-analyst-5416444, Canada, , , null, &lt;h2&gt;Who we are&lt;/h2&gt;
&lt;h3&gt;About Stripe&lt;/h3&gt..., null, null, USD, , null, null, active, 0, 0, 1, 1, null, null, f, 5416444, greenhouse, https://stripe.com/jobs/search?gh_jid=5416444, null, 2026-09-26 23:39:05.066419+00, f, ["Missing or invalid company name"], 0.8, {"id": 5416444, "title": "Data Analyst", "location": "Canada", "..., null, EGP, null, null, 2026-06-28 23:39:05.066415+00, , scraped).

/usr/local/lib/python3.11/site-packages/django/db/models/fields/__init__.py:1595: RuntimeWarning: DateTimeField Job.expires_at received a naive datetime (2026-09-26 23:39:05.069984) while time zone support is active.
  warnings.warn(
Failed to process job: null value in column "experience_level" of relation "jobs_job" violates not-null constraint
DETAIL:  Failing row contains (112, 2026-06-28 23:39:05.070168+00, 2026-06-28 23:39:05.070178+00, 1842460f-2e0a-40a4-9ecc-f7bab6746db4, Data Analyst, Macro Analytics, stripe-data-analyst-macro-analytics-6166982, New York, , , null, &lt;h2&gt;&lt;strong&gt;Who we are&lt;/strong&gt;&lt;/h2&gt;
&lt..., null, null, USD, , null, null, active, 0, 0, 1, 1, null, null, f, 6166982, greenhouse, https://stripe.com/jobs/search?gh_jid=6166982, null, 2026-09-26 23:39:05.069984+00, f, ["Missing or invalid company name"], 0.8, {"id": 6166982, "title": "Data Analyst, Macro Analytics", "locat..., null, EGP, null, null, 2026-06-28 23:39:05.069979+00, , scraped).

/usr/local/lib/python3.11/site-packages/django/db/models/fields/__init__.py:1595: RuntimeWarning: DateTimeField Job.expires_at received a naive datetime (2026-09-26 23:39:05.074357) while time zone support is active.
  warnings.warn(
Failed to process job: null value in column "experience_level" of relation "jobs_job" violates not-null constraint
DETAIL:  Failing row contains (113, 2026-06-28 23:39:05.074588+00, 2026-06-28 23:39:05.074599+00, 3e3624c9-65ce-44b9-8419-eb0eb9688a8c, Data Science Manager, Finance and Strategy, stripe-data-science-manager-finance-and-strategy-7440963, Seattle, WA OR New York, NY OR Remote North America, , , null, &lt;h1&gt;Who we are&lt;/h1&gt;
&lt;h2&gt;&lt;strong&gt;About St..., null, null, USD, , null, null, active, 0, 0, 1, 1, null, null, f, 7440963, greenhouse, https://stripe.com/jobs/search?gh_jid=7440963, null, 2026-09-26 23:39:05.074357+00, f, ["Scam description pattern: pay.*fee", "Missing or invalid compa..., 0.49999999999999994, {"id": 7440963, "title": "Data Science Manager, Finance and Stra..., null, EGP, null, null, 2026-06-28 23:39:05.074351+00, , scraped).

/usr/local/lib/python3.11/site-packages/django/db/models/fields/__init__.py:1595: RuntimeWarning: DateTimeField Job.expires_at received a naive datetime (2026-09-26 23:39:05.080170) while time zone support is active.
  warnings.warn(
Failed to process job: null value in column "experience_level" of relation "jobs_job" violates not-null constraint
DETAIL:  Failing row contains (114, 2026-06-28 23:39:05.080426+00, 2026-06-28 23:39:05.080439+00, 8c2a123c-d1bf-4ae4-9c9e-d550404a5a5c, Data Science Manager, Risk, stripe-data-science-manager-risk-7923653, Bengaluru, , , null, &lt;h2&gt;Who we are&lt;/h2&gt;
&lt;h3&gt;About Stripe&lt;/h3&gt..., null, null, USD, , null, null, active, 0, 0, 1, 1, null, null, f, 7923653, greenhouse, https://stripe.com/jobs/search?gh_jid=7923653, null, 2026-09-26 23:39:05.08017+00, f, ["Missing or invalid company name"], 0.8, {"id": 7923653, "title": "Data Science Manager, Risk", "location..., null, EGP, null, null, 2026-06-28 23:39:05.080165+00, , scraped).

/usr/local/lib/python3.11/site-packages/django/db/models/fields/__init__.py:1595: RuntimeWarning: DateTimeField Job.expires_at received a naive datetime (2026-09-26 23:39:05.085264) while time zone support is active.
  warnings.warn(
Failed to process job: null value in column "experience_level" of relation "jobs_job" violates not-null constraint
DETAIL:  Failing row contains (115, 2026-06-28 23:39:05.085524+00, 2026-06-28 23:39:05.085537+00, 4c92d824-30be-47fc-b006-cadc8bcb912e, Data Scientist, Economic Insights & Research, stripe-data-scientist-economic-insights-research-7980402, US, , , null, &lt;div class=&quot;ace-line gutter-author-p-118095 emptyGutter&..., null, null, USD, , null, null, active, 0, 0, 1, 1, null, null, f, 7980402, greenhouse, https://stripe.com/jobs/search?gh_jid=7980402, null, 2026-09-26 23:39:05.085264+00, f, ["Missing or invalid company name"], 0.8, {"id": 7980402, "title": "Data Scientist, Economic Insights & Re..., null, EGP, null, null, 2026-06-28 23:39:05.085257+00, , scraped).

/usr/local/lib/python3.11/site-packages/django/db/models/fields/__init__.py:1595: RuntimeWarning: DateTimeField Job.expires_at received a naive datetime (2026-09-26 23:39:05.090393) while time zone support is active.
  warnings.warn(
Failed to process job: null value in column "experience_level" of relation "jobs_job" violates not-null constraint
DETAIL:  Failing row contains (116, 2026-06-28 23:39:05.090683+00, 2026-06-28 23:39:05.090699+00, 416ac731-c82d-4002-9d50-f9bda0e84b57, Data Scientist, Payments, stripe-data-scientist-payments-8018297, Dublin, , , null, &lt;div class=&quot;ace-line gutter-author-p-118095 emptyGutter&..., null, null, USD, , null, null, active, 0, 0, 1, 1, null, null, f, 8018297, greenhouse, https://stripe.com/jobs/search?gh_jid=8018297, null, 2026-09-26 23:39:05.090393+00, f, ["Missing or invalid company name"], 0.8, {"id": 8018297, "title": "Data Scientist, Payments", "location":..., null, EGP, null, null, 2026-06-28 23:39:05.090388+00, , scraped).

/usr/local/lib/python3.11/site-packages/django/db/models/fields/__init__.py:1595: RuntimeWarning: DateTimeField Job.expires_at received a naive datetime (2026-09-26 23:39:05.095629) while time zone support is active.
  warnings.warn(
Failed to process job: null value in column "experience_level" of relation "jobs_job" violates not-null constraint
DETAIL:  Failing row contains (117, 2026-06-28 23:39:05.095805+00, 2026-06-28 23:39:05.095815+00, c98239d3-05ec-4cea-bd92-5b9ddf56c307, Deal Pricing, stripe-deal-pricing-7685049, US-Remote, , , null, &lt;h1&gt;&lt;strong&gt;About Stripe&lt;/strong&gt;&lt;/h1&gt;
&..., null, null, USD, , null, null, active, 0, 0, 1, 1, null, null, f, 7685049, greenhouse, https://stripe.com/jobs/search?gh_jid=7685049, null, 2026-09-26 23:39:05.095629+00, f, ["Missing or invalid company name"], 0.8, {"id": 7685049, "title": "Deal Pricing", "location": "US-Remote"..., null, EGP, null, null, 2026-06-28 23:39:05.095624+00, , scraped).

/usr/local/lib/python3.11/site-packages/django/db/models/fields/__init__.py:1595: RuntimeWarning: DateTimeField Job.expires_at received a naive datetime (2026-09-26 23:39:05.100656) while time zone support is active.
  warnings.warn(
Failed to process job: null value in column "experience_level" of relation "jobs_job" violates not-null constraint
DETAIL:  Failing row contains (118, 2026-06-28 23:39:05.100883+00, 2026-06-28 23:39:05.100895+00, 6e32b649-99a5-4a74-8634-2948d10a25f1, Deal Strategist, stripe-deal-strategist-7984686, Dublin, , , null, &lt;h2&gt;&lt;strong&gt;Who we are &lt;/strong&gt;&lt;/h2&gt;
&l..., null, null, USD, , null, null, active, 0, 0, 1, 1, null, null, f, 7984686, greenhouse, https://stripe.com/jobs/search?gh_jid=7984686, null, 2026-09-26 23:39:05.100656+00, f, ["Missing or invalid company name"], 0.8, {"id": 7984686, "title": "Deal Strategist", "location": "Dublin"..., null, EGP, null, null, 2026-06-28 23:39:05.100651+00, , scraped).

/usr/local/lib/python3.11/site-packages/django/db/models/fields/__init__.py:1595: RuntimeWarning: DateTimeField Job.expires_at received a naive datetime (2026-09-26 23:39:05.105507) while time zone support is active.
  warnings.warn(
Failed to process job: null value in column "experience_level" of relation "jobs_job" violates not-null constraint
DETAIL:  Failing row contains (119, 2026-06-28 23:39:05.105775+00, 2026-06-28 23:39:05.105787+00, 75d29513-a28a-453a-9696-a8acdf42c488, Deal Strategist - CDMX, stripe-deal-strategist-cdmx-7958087, Mexico City, , , null, &lt;h2&gt;&lt;strong&gt;Who we are&lt;/strong&gt;&lt;/h2&gt;
&lt..., null, null, USD, , null, null, active, 0, 0, 1, 1, null, null, f, 7958087, greenhouse, https://stripe.com/jobs/search?gh_jid=7958087, null, 2026-09-26 23:39:05.105507+00, f, ["Missing or invalid company name"], 0.8, {"id": 7958087, "title": "Deal Strategist - CDMX", "location": "..., null, EGP, null, null, 2026-06-28 23:39:05.105502+00, , scraped).

/usr/local/lib/python3.11/site-packages/django/db/models/fields/__init__.py:1595: RuntimeWarning: DateTimeField Job.expires_at received a naive datetime (2026-09-26 23:39:05.110582) while time zone support is active.
  warnings.warn(
Failed to process job: null value in column "experience_level" of relation "jobs_job" violates not-null constraint
DETAIL:  Failing row contains (120, 2026-06-28 23:39:05.110758+00, 2026-06-28 23:39:05.110767+00, c2db1c2f-9278-447e-9eb7-5c607c2026a1, Design Engineer, Presence, stripe-design-engineer-presence-7144975, US, Canada, , , null, &lt;h2&gt;Who we are&lt;/h2&gt;
&lt;h3&gt;About Stripe&lt;/h3&gt..., null, null, USD, , null, null, active, 0, 0, 1, 1, null, null, f, 7144975, greenhouse, https://stripe.com/jobs/search?gh_jid=7144975, null, 2026-09-26 23:39:05.110582+00, f, ["Missing or invalid company name"], 0.8, {"id": 7144975, "title": "Design Engineer, Presence", "location"..., null, EGP, null, null, 2026-06-28 23:39:05.110578+00, , scraped).

/usr/local/lib/python3.11/site-packages/django/db/models/fields/__init__.py:1595: RuntimeWarning: DateTimeField Job.expires_at received a naive datetime (2026-09-26 23:39:05.115840) while time zone support is active.
  warnings.warn(
Failed to process job: null value in column "experience_level" of relation "jobs_job" violates not-null constraint
DETAIL:  Failing row contains (121, 2026-06-28 23:39:05.116018+00, 2026-06-28 23:39:05.116028+00, 8c7cff1b-df9b-4aad-901a-b634c4aad098, Designer, Web Presence & Platform, stripe-designer-web-presence-platform-7977745, US / Cananda, , , null, &lt;h2&gt;Who we are&lt;/h2&gt;
&lt;h3&gt;About Stripe&lt;/h3&gt..., null, null, USD, , null, null, active, 0, 0, 1, 1, null, null, f, 7977745, greenhouse, https://stripe.com/jobs/search?gh_jid=7977745, null, 2026-09-26 23:39:05.11584+00, f, ["Missing or invalid company name"], 0.8, {"id": 7977745, "title": "Designer, Web Presence & Platform", "l..., null, EGP, null, null, 2026-06-28 23:39:05.115836+00, , scraped).

/usr/local/lib/python3.11/site-packages/django/db/models/fields/__init__.py:1595: RuntimeWarning: DateTimeField Job.expires_at received a naive datetime (2026-09-26 23:39:05.121705) while time zone support is active.
  warnings.warn(
Failed to process job: null value in column "experience_level" of relation "jobs_job" violates not-null constraint
DETAIL:  Failing row contains (122, 2026-06-28 23:39:05.121991+00, 2026-06-28 23:39:05.122006+00, 074b55a2-6b4e-4b61-aae7-c59f74fadd7c, Design Manager, Digital Experiences, stripe-design-manager-digital-experiences-7241636, US / Canada, , , null, &lt;h2&gt;Who we are&lt;/h2&gt;
&lt;h3&gt;About Stripe&lt;/h3&gt..., null, null, USD, , null, null, active, 0, 0, 1, 1, null, null, f, 7241636, greenhouse, https://stripe.com/jobs/search?gh_jid=7241636, null, 2026-09-26 23:39:05.121705+00, f, ["Missing or invalid company name"], 0.8, {"id": 7241636, "title": "Design Manager, Digital Experiences", ..., null, EGP, null, null, 2026-06-28 23:39:05.121698+00, , scraped).

/usr/local/lib/python3.11/site-packages/django/db/models/fields/__init__.py:1595: RuntimeWarning: DateTimeField Job.expires_at received a naive datetime (2026-09-26 23:39:05.127107) while time zone support is active.
  warnings.warn(
Failed to process job: null value in column "experience_level" of relation "jobs_job" violates not-null constraint
DETAIL:  Failing row contains (123, 2026-06-28 23:39:05.127366+00, 2026-06-28 23:39:05.127378+00, 9d382088-6c96-4290-b39c-9a71ec3e5c2f, Design Program Manager, AI, stripe-design-program-manager-ai-7868564, US, , , null, &lt;h2&gt;&lt;strong&gt;Who we are &lt;/strong&gt;&lt;/h2&gt;
&l..., null, null, USD, , null, null, active, 0, 0, 1, 1, null, null, f, 7868564, greenhouse, https://stripe.com/jobs/search?gh_jid=7868564, null, 2026-09-26 23:39:05.127107+00, f, ["Missing or invalid company name"], 0.8, {"id": 7868564, "title": "Design Program Manager, AI", "location..., null, EGP, null, null, 2026-06-28 23:39:05.127101+00, , scraped).

/usr/local/lib/python3.11/site-packages/django/db/models/fields/__init__.py:1595: RuntimeWarning: DateTimeField Job.expires_at received a naive datetime (2026-09-26 23:39:05.131981) while time zone support is active.
  warnings.warn(
Failed to process job: null value in column "experience_level" of relation "jobs_job" violates not-null constraint
DETAIL:  Failing row contains (124, 2026-06-28 23:39:05.132174+00, 2026-06-28 23:39:05.132185+00, de0918a2-b281-42b9-a848-7bbd81c59e9c, EMEA Deal Pricing Strategist, stripe-emea-deal-pricing-strategist-7960873, London/Dublin, , , null, &lt;h2&gt;Who we are&lt;/h2&gt;
&lt;h3&gt;About Stripe&lt;/h3&gt..., null, null, USD, , null, null, active, 0, 0, 1, 1, null, null, f, 7960873, greenhouse, https://stripe.com/jobs/search?gh_jid=7960873, null, 2026-09-26 23:39:05.131981+00, f, ["Missing or invalid company name"], 0.8, {"id": 7960873, "title": "EMEA Deal Pricing Strategist", "locati..., null, EGP, null, null, 2026-06-28 23:39:05.131977+00, , scraped).

/usr/local/lib/python3.11/site-packages/django/db/models/fields/__init__.py:1595: RuntimeWarning: DateTimeField Job.expires_at received a naive datetime (2026-09-26 23:39:05.137773) while time zone support is active.
  warnings.warn(
Failed to process job: null value in column "experience_level" of relation "jobs_job" violates not-null constraint
DETAIL:  Failing row contains (125, 2026-06-28 23:39:05.13802+00, 2026-06-28 23:39:05.138035+00, f52b6ad0-0801-4b11-a70f-996a8857ecbf, EMEA IT Helpdesk Manager, stripe-emea-it-helpdesk-manager-7941800, Dublin, , , null, &lt;h2&gt;Who we are&lt;/h2&gt;
&lt;h3&gt;About Stripe&lt;/h3&gt..., null, null, USD, , null, null, active, 0, 0, 1, 1, null, null, f, 7941800, greenhouse, https://stripe.com/jobs/search?gh_jid=7941800, null, 2026-09-26 23:39:05.137773+00, f, ["Missing or invalid company name"], 0.8, {"id": 7941800, "title": "EMEA IT Helpdesk Manager", "location":..., null, EGP, null, null, 2026-06-28 23:39:05.137768+00, , scraped).

/usr/local/lib/python3.11/site-packages/django/db/models/fields/__init__.py:1595: RuntimeWarning: DateTimeField Job.expires_at received a naive datetime (2026-09-26 23:39:05.142788) while time zone support is active.
  warnings.warn(
Failed to process job: null value in column "experience_level" of relation "jobs_job" violates not-null constraint
DETAIL:  Failing row contains (126, 2026-06-28 23:39:05.142984+00, 2026-06-28 23:39:05.142994+00, 12366f00-9048-4a7e-9883-a5a0380607eb, EMEA Regulatory Counsel, stripe-emea-regulatory-counsel-7814947, Dubai , UAE, , , null, &lt;h2&gt;Who we are&lt;/h2&gt;
&lt;h3&gt;About Stripe&lt;/h3&gt..., null, null, USD, , null, null, active, 0, 0, 1, 1, null, null, f, 7814947, greenhouse, https://stripe.com/jobs/search?gh_jid=7814947, null, 2026-09-26 23:39:05.142788+00, f, ["Missing or invalid company name"], 0.8, {"id": 7814947, "title": "EMEA Regulatory Counsel", "location": ..., null, EGP, null, null, 2026-06-28 23:39:05.142784+00, , scraped).

/usr/local/lib/python3.11/site-packages/django/db/models/fields/__init__.py:1595: RuntimeWarning: DateTimeField Job.expires_at received a naive datetime (2026-09-26 23:39:05.146885) while time zone support is active.
  warnings.warn(
Failed to process job: null value in column "experience_level" of relation "jobs_job" violates not-null constraint
DETAIL:  Failing row contains (127, 2026-06-28 23:39:05.14709+00, 2026-06-28 23:39:05.147102+00, 880d42b4-4925-4a88-aa30-326d9754f1e5, Employee Compensation and Benefits Tax Lead, stripe-employee-compensation-and-benefits-tax-lead-7887519, SF, SEA, NYC, , , null, &lt;h2&gt;Who we are&lt;/h2&gt;
&lt;h3&gt;About Stripe&lt;/h3&gt..., null, null, USD, , null, null, active, 0, 0, 1, 1, null, null, f, 7887519, greenhouse, https://stripe.com/jobs/search?gh_jid=7887519, null, 2026-09-26 23:39:05.146885+00, f, ["Missing or invalid company name"], 0.8, {"id": 7887519, "title": "Employee Compensation and Benefits Tax..., null, EGP, null, null, 2026-06-28 23:39:05.146879+00, , scraped).

/usr/local/lib/python3.11/site-packages/django/db/models/fields/__init__.py:1595: RuntimeWarning: DateTimeField Job.expires_at received a naive datetime (2026-09-26 23:39:05.151419) while time zone support is active.
  warnings.warn(
Failed to process job: null value in column "experience_level" of relation "jobs_job" violates not-null constraint
DETAIL:  Failing row contains (128, 2026-06-28 23:39:05.151604+00, 2026-06-28 23:39:05.151614+00, 638bf5cb-80a0-45f8-a645-f84cb5dcc278, Employee Relations Partner, stripe-employee-relations-partner-7175216, Mexico City, , , null, &lt;h2&gt;&lt;strong&gt;Who we are&lt;/strong&gt;&lt;/h2&gt;
&lt..., null, null, USD, , null, null, active, 0, 0, 1, 1, null, null, f, 7175216, greenhouse, https://stripe.com/jobs/search?gh_jid=7175216, null, 2026-09-26 23:39:05.151419+00, f, ["Missing or invalid company name"], 0.8, {"id": 7175216, "title": "Employee Relations Partner", "location..., null, EGP, null, null, 2026-06-28 23:39:05.151415+00, , scraped).

/usr/local/lib/python3.11/site-packages/django/db/models/fields/__init__.py:1595: RuntimeWarning: DateTimeField Job.expires_at received a naive datetime (2026-09-26 23:39:05.155896) while time zone support is active.
  warnings.warn(
Failed to process job: null value in column "experience_level" of relation "jobs_job" violates not-null constraint
DETAIL:  Failing row contains (129, 2026-06-28 23:39:05.156087+00, 2026-06-28 23:39:05.156098+00, 6ac0f7b8-7c5e-40f0-9b96-7f3a49dd35cc, Engagement Manager, stripe-engagement-manager-7808299, London, UK, , , null, &lt;h3&gt;&lt;strong&gt;Who we are&lt;/strong&gt;&amp;nbsp;&lt;/..., null, null, USD, , null, null, active, 0, 0, 1, 1, null, null, f, 7808299, greenhouse, https://stripe.com/jobs/search?gh_jid=7808299, null, 2026-09-26 23:39:05.155896+00, f, ["Missing or invalid company name"], 0.8, {"id": 7808299, "title": "Engagement Manager", "location": "Lond..., null, EGP, null, null, 2026-06-28 23:39:05.155892+00, , scraped).

/usr/local/lib/python3.11/site-packages/django/db/models/fields/__init__.py:1595: RuntimeWarning: DateTimeField Job.expires_at received a naive datetime (2026-09-26 23:39:05.160841) while time zone support is active.
  warnings.warn(
Failed to process job: null value in column "experience_level" of relation "jobs_job" violates not-null constraint
DETAIL:  Failing row contains (130, 2026-06-28 23:39:05.161174+00, 2026-06-28 23:39:05.161193+00, ca73a916-023a-41ea-81e0-b1d64a137fa4, Engagement Manager, stripe-engagement-manager-7775314, Dublin, Ireland, , , null, &lt;h3&gt;&lt;strong&gt;Who we are&lt;/strong&gt;&amp;nbsp;&lt;/..., null, null, USD, , null, null, active, 0, 0, 1, 1, null, null, f, 7775314, greenhouse, https://stripe.com/jobs/search?gh_jid=7775314, null, 2026-09-26 23:39:05.160841+00, f, ["Missing or invalid company name"], 0.8, {"id": 7775314, "title": "Engagement Manager", "location": "Dubl..., null, EGP, null, null, 2026-06-28 23:39:05.160835+00, , scraped).

/usr/local/lib/python3.11/site-packages/django/db/models/fields/__init__.py:1595: RuntimeWarning: DateTimeField Job.expires_at received a naive datetime (2026-09-26 23:39:05.166102) while time zone support is active.
  warnings.warn(
Failed to process job: null value in column "experience_level" of relation "jobs_job" violates not-null constraint
DETAIL:  Failing row contains (131, 2026-06-28 23:39:05.166304+00, 2026-06-28 23:39:05.166314+00, 7764c130-4a38-41d0-81ac-88f72eb21d56, Engagement Manager, stripe-engagement-manager-7946230, Sydney, , , null, &lt;h2&gt;Who we are&lt;/h2&gt;
&lt;h3&gt;About Stripe&lt;/h3&gt..., null, null, USD, , null, null, active, 0, 0, 1, 1, null, null, f, 7946230, greenhouse, https://stripe.com/jobs/search?gh_jid=7946230, null, 2026-09-26 23:39:05.166102+00, f, ["Missing or invalid company name"], 0.8, {"id": 7946230, "title": "Engagement Manager", "location": "Sydn..., null, EGP, null, null, 2026-06-28 23:39:05.166097+00, , scraped).

/usr/local/lib/python3.11/site-packages/django/db/models/fields/__init__.py:1595: RuntimeWarning: DateTimeField Job.expires_at received a naive datetime (2026-09-26 23:39:05.170320) while time zone support is active.
  warnings.warn(
Failed to process job: null value in column "experience_level" of relation "jobs_job" violates not-null constraint
DETAIL:  Failing row contains (132, 2026-06-28 23:39:05.170498+00, 2026-06-28 23:39:05.170508+00, 884e91d3-025e-4cfa-9649-5870d6a6c63b, Engineering Manager, Access Management, stripe-engineering-manager-access-management-8014484, N/A, , , null, &lt;h2&gt;Who we are&lt;/h2&gt;
&lt;h3&gt;About Stripe&lt;/h3&gt..., null, null, USD, , null, null, active, 0, 0, 1, 1, null, null, f, 8014484, greenhouse, https://stripe.com/jobs/search?gh_jid=8014484, null, 2026-09-26 23:39:05.17032+00, f, ["Missing or invalid company name"], 0.8, {"id": 8014484, "title": "Engineering Manager, Access Management..., null, EGP, null, null, 2026-06-28 23:39:05.170316+00, , scraped).

/usr/local/lib/python3.11/site-packages/django/db/models/fields/__init__.py:1595: RuntimeWarning: DateTimeField Job.expires_at received a naive datetime (2026-09-26 23:39:05.174023) while time zone support is active.
  warnings.warn(
Failed to process job: null value in column "experience_level" of relation "jobs_job" violates not-null constraint
DETAIL:  Failing row contains (133, 2026-06-28 23:39:05.174226+00, 2026-06-28 23:39:05.174237+00, c1198c4d-83c4-4b16-b40b-c15d94d63e02, Engineering Manager, AI Conversation Platform, stripe-engineering-manager-ai-conversation-platform-7943804, Toronto, Canada, , , null, &lt;h2&gt;&lt;strong&gt;Engineering Manager, AI Conversation Pla..., null, null, USD, , null, null, active, 0, 0, 1, 1, null, null, f, 7943804, greenhouse, https://stripe.com/jobs/search?gh_jid=7943804, null, 2026-09-26 23:39:05.174023+00, f, ["Missing or invalid company name"], 0.8, {"id": 7943804, "title": "Engineering Manager, AI Conversation P..., null, EGP, null, null, 2026-06-28 23:39:05.174019+00, , scraped).

/usr/local/lib/python3.11/site-packages/django/db/models/fields/__init__.py:1595: RuntimeWarning: DateTimeField Job.expires_at received a naive datetime (2026-09-26 23:39:05.178590) while time zone support is active.
  warnings.warn(
Failed to process job: null value in column "experience_level" of relation "jobs_job" violates not-null constraint
DETAIL:  Failing row contains (134, 2026-06-28 23:39:05.178769+00, 2026-06-28 23:39:05.178779+00, 0f61fd02-f991-462c-8a1f-e7f10e1d7f43, Engineering Manager, APAC & EMEA Cards, stripe-engineering-manager-apac-emea-cards-7841757, Singapore, , , null, &lt;h2&gt;&lt;strong&gt;Who we are&lt;/strong&gt;&lt;/h2&gt;
&lt..., null, null, USD, , null, null, active, 0, 0, 1, 1, null, null, f, 7841757, greenhouse, https://stripe.com/jobs/search?gh_jid=7841757, null, 2026-09-26 23:39:05.17859+00, f, ["Missing or invalid company name"], 0.8, {"id": 7841757, "title": "Engineering Manager, APAC & EMEA Cards..., null, EGP, null, null, 2026-06-28 23:39:05.178586+00, , scraped).

/usr/local/lib/python3.11/site-packages/django/db/models/fields/__init__.py:1595: RuntimeWarning: DateTimeField Job.expires_at received a naive datetime (2026-09-26 23:39:05.183295) while time zone support is active.
  warnings.warn(
Failed to process job: null value in column "experience_level" of relation "jobs_job" violates not-null constraint
DETAIL:  Failing row contains (135, 2026-06-28 23:39:05.183491+00, 2026-06-28 23:39:05.183502+00, 11ea3c6e-9e03-430a-a32c-94fcef011463, Engineering Manager - Core Performance, stripe-engineering-manager-core-performance-7835108, Sydney, Australia, , , null, &lt;h2&gt;Who we are&lt;/h2&gt;
&lt;h3&gt;About Stripe&lt;/h3&gt..., null, null, USD, , null, null, active, 0, 0, 1, 1, null, null, f, 7835108, greenhouse, https://stripe.com/jobs/search?gh_jid=7835108, null, 2026-09-26 23:39:05.183295+00, f, ["Missing or invalid company name"], 0.8, {"id": 7835108, "title": "Engineering Manager - Core Performance..., null, EGP, null, null, 2026-06-28 23:39:05.18329+00, , scraped).

/usr/local/lib/python3.11/site-packages/django/db/models/fields/__init__.py:1595: RuntimeWarning: DateTimeField Job.expires_at received a naive datetime (2026-09-26 23:39:05.187549) while time zone support is active.
  warnings.warn(
Failed to process job: null value in column "experience_level" of relation "jobs_job" violates not-null constraint
DETAIL:  Failing row contains (136, 2026-06-28 23:39:05.187725+00, 2026-06-28 23:39:05.187735+00, 5ed7ee0b-0fc3-407d-86d6-2f094f03ac4b, Engineering Manager, Data Transformation, stripe-engineering-manager-data-transformation-7688358, US-SEA, US-SF, US-NYC, Canada-OPEN, , , null, &lt;h2&gt;Who we are&lt;/h2&gt;
&lt;h3&gt;About Stripe&lt;/h3&gt..., null, null, USD, , null, null, active, 0, 0, 1, 1, null, null, f, 7688358, greenhouse, https://stripe.com/jobs/search?gh_jid=7688358, null, 2026-09-26 23:39:05.187549+00, f, ["Missing or invalid company name"], 0.8, {"id": 7688358, "title": "Engineering Manager, Data Transformati..., null, EGP, null, null, 2026-06-28 23:39:05.187544+00, , scraped).

/usr/local/lib/python3.11/site-packages/django/db/models/fields/__init__.py:1595: RuntimeWarning: DateTimeField Job.expires_at received a naive datetime (2026-09-26 23:39:05.192539) while time zone support is active.
  warnings.warn(
Failed to process job: null value in column "experience_level" of relation "jobs_job" violates not-null constraint
DETAIL:  Failing row contains (137, 2026-06-28 23:39:05.192747+00, 2026-06-28 23:39:05.192757+00, a89a4372-ec42-4cf3-958d-96e351989e95, Engineering Manager, Developer Productivity AI, stripe-engineering-manager-developer-productivity-ai-7736943, US-Remote, , , null, &lt;p&gt;&lt;strong&gt;Who we are&lt;/strong&gt;&lt;/p&gt;
&lt;p..., null, null, USD, , null, null, active, 0, 0, 1, 1, null, null, f, 7736943, greenhouse, https://stripe.com/jobs/search?gh_jid=7736943, null, 2026-09-26 23:39:05.192539+00, f, ["Missing or invalid company name"], 0.8, {"id": 7736943, "title": "Engineering Manager, Developer Product..., null, EGP, null, null, 2026-06-28 23:39:05.192535+00, , scraped).

/usr/local/lib/python3.11/site-packages/django/db/models/fields/__init__.py:1595: RuntimeWarning: DateTimeField Job.expires_at received a naive datetime (2026-09-26 23:39:05.197512) while time zone support is active.
  warnings.warn(
Failed to process job: null value in column "experience_level" of relation "jobs_job" violates not-null constraint
DETAIL:  Failing row contains (138, 2026-06-28 23:39:05.197714+00, 2026-06-28 23:39:05.197726+00, 9da0f0e0-82b4-4ab3-9f20-ddc39e4e718c, Engineering Manager, Forward Deployed (Privy), stripe-engineering-manager-forward-deployed-privy-7947546, NYC-Privy, , , null, &lt;h2&gt;&lt;strong&gt;Who we are&lt;/strong&gt;&lt;/h2&gt;
&lt..., null, null, USD, , null, null, active, 0, 0, 1, 1, null, null, f, 7947546, greenhouse, https://stripe.com/jobs/search?gh_jid=7947546, null, 2026-09-26 23:39:05.197512+00, f, ["Missing or invalid company name"], 0.8, {"id": 7947546, "title": "Engineering Manager, Forward Deployed ..., null, EGP, null, null, 2026-06-28 23:39:05.197507+00, , scraped).

/usr/local/lib/python3.11/site-packages/django/db/models/fields/__init__.py:1595: RuntimeWarning: DateTimeField Job.expires_at received a naive datetime (2026-09-26 23:39:05.201436) while time zone support is active.
  warnings.warn(
Failed to process job: null value in column "experience_level" of relation "jobs_job" violates not-null constraint
DETAIL:  Failing row contains (139, 2026-06-28 23:39:05.201631+00, 2026-06-28 23:39:05.201641+00, 6cdebf2e-99bf-4183-855d-ce231f8c1b6b, Engineering Manager, HADR, stripe-engineering-manager-hadr-7762534, Seattle, , , null, &lt;p&gt;Engineering Manager, HADR&lt;/p&gt;
&lt;h2&gt;Who we ar..., null, null, USD, , null, null, active, 0, 0, 1, 1, null, null, f, 7762534, greenhouse, https://stripe.com/jobs/search?gh_jid=7762534, null, 2026-09-26 23:39:05.201436+00, f, ["Missing or invalid company name"], 0.8, {"id": 7762534, "title": "Engineering Manager, HADR", "location"..., null, EGP, null, null, 2026-06-28 23:39:05.201432+00, , scraped).

/usr/local/lib/python3.11/site-packages/django/db/models/fields/__init__.py:1595: RuntimeWarning: DateTimeField Job.expires_at received a naive datetime (2026-09-26 23:39:05.205598) while time zone support is active.
  warnings.warn(
Failed to process job: null value in column "experience_level" of relation "jobs_job" violates not-null constraint
DETAIL:  Failing row contains (140, 2026-06-28 23:39:05.205844+00, 2026-06-28 23:39:05.205868+00, d1ce217e-371b-45e3-b808-d86174bf0fda, Engineering Manager, Managed Payments, stripe-engineering-manager-managed-payments-7867868, US-NYC, , , null, &lt;h2&gt;&lt;strong&gt;Who we are&lt;/strong&gt;&lt;/h2&gt;
&lt..., null, null, USD, , null, null, active, 0, 0, 1, 1, null, null, f, 7867868, greenhouse, https://stripe.com/jobs/search?gh_jid=7867868, null, 2026-09-26 23:39:05.205598+00, f, ["Missing or invalid company name"], 0.8, {"id": 7867868, "title": "Engineering Manager, Managed Payments"..., null, EGP, null, null, 2026-06-28 23:39:05.205594+00, , scraped).

/usr/local/lib/python3.11/site-packages/django/db/models/fields/__init__.py:1595: RuntimeWarning: DateTimeField Job.expires_at received a naive datetime (2026-09-26 23:39:05.209330) while time zone support is active.
  warnings.warn(
Failed to process job: null value in column "experience_level" of relation "jobs_job" violates not-null constraint
DETAIL:  Failing row contains (141, 2026-06-28 23:39:05.209536+00, 2026-06-28 23:39:05.209546+00, 5adc0a6a-7db7-4c13-b9ff-ec70305aece1, Engineering Manager - Operations Infrastructure  , stripe-engineering-manager-operations-infrastructure-7773553, Bengaluru, , , null, &lt;h2&gt;Who we are&lt;/h2&gt;
&lt;h3&gt;About Stripe&lt;/h3&gt..., null, null, USD, , null, null, active, 0, 0, 1, 1, null, null, f, 7773553, greenhouse, https://stripe.com/jobs/search?gh_jid=7773553, null, 2026-09-26 23:39:05.20933+00, f, ["Missing or invalid company name"], 0.8, {"id": 7773553, "title": "Engineering Manager - Operations Infra..., null, EGP, null, null, 2026-06-28 23:39:05.209324+00, , scraped).

/usr/local/lib/python3.11/site-packages/django/db/models/fields/__init__.py:1595: RuntimeWarning: DateTimeField Job.expires_at received a naive datetime (2026-09-26 23:39:05.215075) while time zone support is active.
  warnings.warn(
Failed to process job: null value in column "experience_level" of relation "jobs_job" violates not-null constraint
DETAIL:  Failing row contains (142, 2026-06-28 23:39:05.215268+00, 2026-06-28 23:39:05.215279+00, 2a8805b6-42e1-4711-82dd-eab6b247989f, Engineering Manager, Operator Tooling, stripe-engineering-manager-operator-tooling-7475396, Bucharest, , , null, &lt;h2&gt;Who we are&lt;/h2&gt;
&lt;h3&gt;About Stripe&lt;/h3&gt..., null, null, USD, , null, null, active, 0, 0, 1, 1, null, null, f, 7475396, greenhouse, https://stripe.com/jobs/search?gh_jid=7475396, null, 2026-09-26 23:39:05.215075+00, f, ["Missing or invalid company name"], 0.8, {"id": 7475396, "title": "Engineering Manager, Operator Tooling"..., null, EGP, null, null, 2026-06-28 23:39:05.215072+00, , scraped).

/usr/local/lib/python3.11/site-packages/django/db/models/fields/__init__.py:1595: RuntimeWarning: DateTimeField Job.expires_at received a naive datetime (2026-09-26 23:39:05.219754) while time zone support is active.
  warnings.warn(
Failed to process job: null value in column "experience_level" of relation "jobs_job" violates not-null constraint
DETAIL:  Failing row contains (143, 2026-06-28 23:39:05.219937+00, 2026-06-28 23:39:05.219947+00, da7817de-1cfa-4c2c-acfe-3165bf027ccd, Engineering Manager, Product (Privy), stripe-engineering-manager-product-privy-7913545, NYC-Privy, , , null, &lt;h2 id=&quot;about-privy&quot;&gt;Who we are&lt;/h2&gt;
&lt;h..., null, null, USD, , null, null, active, 0, 0, 1, 1, null, null, f, 7913545, greenhouse, https://stripe.com/jobs/search?gh_jid=7913545, null, 2026-09-26 23:39:05.219754+00, f, ["Missing or invalid company name"], 0.8, {"id": 7913545, "title": "Engineering Manager, Product (Privy)",..., null, EGP, null, null, 2026-06-28 23:39:05.21975+00, , scraped).

/usr/local/lib/python3.11/site-packages/django/db/models/fields/__init__.py:1595: RuntimeWarning: DateTimeField Job.expires_at received a naive datetime (2026-09-26 23:39:05.223912) while time zone support is active.
  warnings.warn(
Failed to process job: null value in column "experience_level" of relation "jobs_job" violates not-null constraint
DETAIL:  Failing row contains (144, 2026-06-28 23:39:05.224118+00, 2026-06-28 23:39:05.22413+00, 0bd4468e-6856-4d5c-b676-932267989789, Engineering Manager, Sales Systems, stripe-engineering-manager-sales-systems-7525370, Bengaluru, , , null, &lt;h2&gt;Who we are&lt;/h2&gt;
&lt;h3&gt;About Stripe&lt;/h3&gt..., null, null, USD, , null, null, active, 0, 0, 1, 1, null, null, f, 7525370, greenhouse, https://stripe.com/jobs/search?gh_jid=7525370, null, 2026-09-26 23:39:05.223912+00, f, ["Missing or invalid company name"], 0.8, {"id": 7525370, "title": "Engineering Manager, Sales Systems", "..., null, EGP, null, null, 2026-06-28 23:39:05.223908+00, , scraped).

/usr/local/lib/python3.11/site-packages/django/db/models/fields/__init__.py:1595: RuntimeWarning: DateTimeField Job.expires_at received a naive datetime (2026-09-26 23:39:05.228579) while time zone support is active.
  warnings.warn(
Failed to process job: null value in column "experience_level" of relation "jobs_job" violates not-null constraint
DETAIL:  Failing row contains (145, 2026-06-28 23:39:05.228749+00, 2026-06-28 23:39:05.228761+00, e912a5c1-58cd-4cb8-afa8-15700735761b, Engineering Manager, Streaming Services, stripe-engineering-manager-streaming-services-7613386, Bengaluru, , , null, &lt;h2&gt;Who we are&lt;/h2&gt;
&lt;h3&gt;About Stripe&lt;/h3&gt..., null, null, USD, , null, null, active, 0, 0, 1, 1, null, null, f, 7613386, greenhouse, https://stripe.com/jobs/search?gh_jid=7613386, null, 2026-09-26 23:39:05.228579+00, f, ["Missing or invalid company name"], 0.8, {"id": 7613386, "title": "Engineering Manager, Streaming Service..., null, EGP, null, null, 2026-06-28 23:39:05.228575+00, , scraped).

/usr/local/lib/python3.11/site-packages/django/db/models/fields/__init__.py:1595: RuntimeWarning: DateTimeField Job.expires_at received a naive datetime (2026-09-26 23:39:05.233450) while time zone support is active.
  warnings.warn(
Failed to process job: null value in column "experience_level" of relation "jobs_job" violates not-null constraint
DETAIL:  Failing row contains (146, 2026-06-28 23:39:05.233627+00, 2026-06-28 23:39:05.233637+00, 157d3be0-7519-46ce-838e-20180410ca15, Engineering Manager, Terminal, stripe-engineering-manager-terminal-7769005, Toronto, Canada, , , null, &lt;h2&gt;Who we are&lt;/h2&gt;
&lt;h3&gt;About Stripe&lt;/h3&gt..., null, null, USD, , null, null, active, 0, 0, 1, 1, null, null, f, 7769005, greenhouse, https://stripe.com/jobs/search?gh_jid=7769005, null, 2026-09-26 23:39:05.23345+00, f, ["Missing or invalid company name"], 0.8, {"id": 7769005, "title": "Engineering Manager, Terminal", "locat..., null, EGP, null, null, 2026-06-28 23:39:05.233447+00, , scraped).

/usr/local/lib/python3.11/site-packages/django/db/models/fields/__init__.py:1595: RuntimeWarning: DateTimeField Job.expires_at received a naive datetime (2026-09-26 23:39:05.237349) while time zone support is active.
  warnings.warn(
Failed to process job: null value in column "experience_level" of relation "jobs_job" violates not-null constraint
DETAIL:  Failing row contains (147, 2026-06-28 23:39:05.237586+00, 2026-06-28 23:39:05.237599+00, 3673b5d5-6b23-42a8-a9b5-3217a4702976, Enterprise Account Executive (Hunter), stripe-enterprise-account-executive-hunter-7693271, Sydney Or Melbourne, , , null, &lt;h2&gt;&lt;strong&gt;Who we are&lt;/strong&gt;&lt;/h2&gt;
&lt..., null, null, USD, , null, null, active, 0, 0, 1, 1, null, null, f, 7693271, greenhouse, https://stripe.com/jobs/search?gh_jid=7693271, null, 2026-09-26 23:39:05.237349+00, f, ["Missing or invalid company name"], 0.8, {"id": 7693271, "title": "Enterprise Account Executive (Hunter)"..., null, EGP, null, null, 2026-06-28 23:39:05.237344+00, , scraped).

/usr/local/lib/python3.11/site-packages/django/db/models/fields/__init__.py:1595: RuntimeWarning: DateTimeField Job.expires_at received a naive datetime (2026-09-26 23:39:05.241654) while time zone support is active.
  warnings.warn(
Failed to process job: null value in column "experience_level" of relation "jobs_job" violates not-null constraint
DETAIL:  Failing row contains (148, 2026-06-28 23:39:05.24184+00, 2026-06-28 23:39:05.24185+00, da2b1585-5d9a-430a-b6b7-8dceed35d77f, Enterprise Paid Marketing Manager, stripe-enterprise-paid-marketing-manager-7882047, London, , , null, &lt;h2&gt;&lt;strong&gt;Who we are &lt;/strong&gt;&lt;/h2&gt;
&l..., null, null, USD, , null, null, active, 0, 0, 1, 1, null, null, f, 7882047, greenhouse, https://stripe.com/jobs/search?gh_jid=7882047, null, 2026-09-26 23:39:05.241654+00, f, ["Missing or invalid company name"], 0.8, {"id": 7882047, "title": "Enterprise Paid Marketing Manager", "l..., null, EGP, null, null, 2026-06-28 23:39:05.241649+00, , scraped).

/usr/local/lib/python3.11/site-packages/django/db/models/fields/__init__.py:1595: RuntimeWarning: DateTimeField Job.expires_at received a naive datetime (2026-09-26 23:39:05.245866) while time zone support is active.
  warnings.warn(
Failed to process job: null value in column "experience_level" of relation "jobs_job" violates not-null constraint
DETAIL:  Failing row contains (149, 2026-06-28 23:39:05.246063+00, 2026-06-28 23:39:05.246073+00, 6d6b59f3-ced5-4670-a77b-83c677639907, Enterprise Product Support Manager, stripe-enterprise-product-support-manager-7894387, Singapore, , , null, &lt;h2&gt;Who we are&lt;/h2&gt;
&lt;h3&gt;About Stripe&lt;/h3&gt..., null, null, USD, , null, null, active, 0, 0, 1, 1, null, null, f, 7894387, greenhouse, https://stripe.com/jobs/search?gh_jid=7894387, null, 2026-09-26 23:39:05.245866+00, f, ["Missing or invalid company name"], 0.8, {"id": 7894387, "title": "Enterprise Product Support Manager", "..., null, EGP, null, null, 2026-06-28 23:39:05.245861+00, , scraped).

/usr/local/lib/python3.11/site-packages/django/db/models/fields/__init__.py:1595: RuntimeWarning: DateTimeField Job.expires_at received a naive datetime (2026-09-26 23:39:05.249725) while time zone support is active.
  warnings.warn(
Failed to process job: null value in column "experience_level" of relation "jobs_job" violates not-null constraint
DETAIL:  Failing row contains (150, 2026-06-28 23:39:05.249954+00, 2026-06-28 23:39:05.249966+00, 79470a9c-11d9-433d-93fd-904ed1b5c015, Enterprise Solutions Architecture Manager, AMER, stripe-enterprise-solutions-architecture-manager-amer-7779497, US-San Francisco, , , null, &lt;h2&gt;&lt;strong&gt;Who We Are&lt;/strong&gt;&lt;/h2&gt;
&lt..., null, null, USD, , null, null, active, 0, 0, 1, 1, null, null, f, 7779497, greenhouse, https://stripe.com/jobs/search?gh_jid=7779497, null, 2026-09-26 23:39:05.249725+00, f, ["Missing or invalid company name"], 0.8, {"id": 7779497, "title": "Enterprise Solutions Architecture Mana..., null, EGP, null, null, 2026-06-28 23:39:05.249722+00, , scraped).

/usr/local/lib/python3.11/site-packages/django/db/models/fields/__init__.py:1595: RuntimeWarning: DateTimeField Job.expires_at received a naive datetime (2026-09-26 23:39:05.254222) while time zone support is active.
  warnings.warn(
Failed to process job: null value in column "experience_level" of relation "jobs_job" violates not-null constraint
DETAIL:  Failing row contains (151, 2026-06-28 23:39:05.254399+00, 2026-06-28 23:39:05.254409+00, bf61f0f2-a8cc-4fd7-ae05-d904d398a9c0, Executive Briefing Manager, stripe-executive-briefing-manager-7787598, South San Francisco, , , null, &lt;h2&gt;Who we are&lt;/h2&gt;
&lt;h3&gt;About Stripe&lt;/h3&gt..., null, null, USD, , null, null, active, 0, 0, 1, 1, null, null, f, 7787598, greenhouse, https://stripe.com/jobs/search?gh_jid=7787598, null, 2026-09-26 23:39:05.254222+00, f, ["Missing or invalid company name"], 0.8, {"id": 7787598, "title": "Executive Briefing Manager", "location..., null, EGP, null, null, 2026-06-28 23:39:05.254218+00, , scraped).

/usr/local/lib/python3.11/site-packages/django/db/models/fields/__init__.py:1595: RuntimeWarning: DateTimeField Job.expires_at received a naive datetime (2026-09-26 23:39:05.259137) while time zone support is active.
  warnings.warn(
Failed to process job: null value in column "experience_level" of relation "jobs_job" violates not-null constraint
DETAIL:  Failing row contains (152, 2026-06-28 23:39:05.259341+00, 2026-06-28 23:39:05.259351+00, 360bd640-fbb6-4dba-87d5-ab12d377ed8a, Executive Journey Strategy Manager, stripe-executive-journey-strategy-manager-7932062, San Francisco or US-Remote, , , null, &lt;h2&gt;&lt;strong&gt;Who we are &lt;/strong&gt;&lt;/h2&gt;
&l..., null, null, USD, , null, null, active, 0, 0, 1, 1, null, null, f, 7932062, greenhouse, https://stripe.com/jobs/search?gh_jid=7932062, null, 2026-09-26 23:39:05.259137+00, f, ["Missing or invalid company name"], 0.8, {"id": 7932062, "title": "Executive Journey Strategy Manager", "..., null, EGP, null, null, 2026-06-28 23:39:05.259132+00, , scraped).

/usr/local/lib/python3.11/site-packages/django/db/models/fields/__init__.py:1595: RuntimeWarning: DateTimeField Job.expires_at received a naive datetime (2026-09-26 23:39:05.263286) while time zone support is active.
  warnings.warn(
Failed to process job: null value in column "experience_level" of relation "jobs_job" violates not-null constraint
DETAIL:  Failing row contains (153, 2026-06-28 23:39:05.263452+00, 2026-06-28 23:39:05.263461+00, de66e59b-5081-45c9-b707-8dd0df8e04fc, Field Marketing Manager - AUNZ, stripe-field-marketing-manager-aunz-7645717, Sydney, , , null, &lt;h2&gt;Who we are&lt;/h2&gt;
&lt;h3&gt;About Stripe&lt;/h3&gt..., null, null, USD, , null, null, active, 0, 0, 1, 1, null, null, f, 7645717, greenhouse, https://stripe.com/jobs/search?gh_jid=7645717, null, 2026-09-26 23:39:05.263286+00, f, ["Missing or invalid company name"], 0.8, {"id": 7645717, "title": "Field Marketing Manager - AUNZ", "loca..., null, EGP, null, null, 2026-06-28 23:39:05.263283+00, , scraped).

/usr/local/lib/python3.11/site-packages/django/db/models/fields/__init__.py:1595: RuntimeWarning: DateTimeField Job.expires_at received a naive datetime (2026-09-26 23:39:05.268300) while time zone support is active.
  warnings.warn(
Failed to process job: null value in column "experience_level" of relation "jobs_job" violates not-null constraint
DETAIL:  Failing row contains (154, 2026-06-28 23:39:05.268522+00, 2026-06-28 23:39:05.268533+00, 776b6b5e-4fd6-4f1c-bf62-b0389f6757c6, Field Marketing Manager, SMB and Mid-Market - EMEA, stripe-field-marketing-manager-smb-and-mid-market-emea-7634113, Dublin, , , null, &lt;h2&gt;&lt;strong&gt;Who we are&amp;nbsp;&lt;/strong&gt;&lt;/..., null, null, USD, , null, null, active, 0, 0, 1, 1, null, null, f, 7634113, greenhouse, https://stripe.com/jobs/search?gh_jid=7634113, null, 2026-09-26 23:39:05.2683+00, f, ["Missing or invalid company name"], 0.8, {"id": 7634113, "title": "Field Marketing Manager, SMB and Mid-M..., null, EGP, null, null, 2026-06-28 23:39:05.268295+00, , scraped).

/usr/local/lib/python3.11/site-packages/django/db/models/fields/__init__.py:1595: RuntimeWarning: DateTimeField Job.expires_at received a naive datetime (2026-09-26 23:39:05.272110) while time zone support is active.
  warnings.warn(
Failed to process job: null value in column "experience_level" of relation "jobs_job" violates not-null constraint
DETAIL:  Failing row contains (155, 2026-06-28 23:39:05.272351+00, 2026-06-28 23:39:05.272364+00, 2a59ff8a-ccc0-4292-8c09-8becaf9d3035, Finance and Strategy Analyst, stripe-finance-and-strategy-analyst-7963763, Dublin OR London, , , null, &lt;p&gt;&lt;strong&gt;Who we are&lt;/strong&gt;&lt;/p&gt;
&lt;p..., null, null, USD, , null, null, active, 0, 0, 1, 1, null, null, f, 7963763, greenhouse, https://stripe.com/jobs/search?gh_jid=7963763, null, 2026-09-26 23:39:05.27211+00, f, ["Missing or invalid company name"], 0.8, {"id": 7963763, "title": "Finance and Strategy Analyst", "locati..., null, EGP, null, null, 2026-06-28 23:39:05.272105+00, , scraped).

/usr/local/lib/python3.11/site-packages/django/db/models/fields/__init__.py:1595: RuntimeWarning: DateTimeField Job.expires_at received a naive datetime (2026-09-26 23:39:05.276186) while time zone support is active.
  warnings.warn(
Failed to process job: null value in column "experience_level" of relation "jobs_job" violates not-null constraint
DETAIL:  Failing row contains (156, 2026-06-28 23:39:05.276351+00, 2026-06-28 23:39:05.276361+00, d932a3dc-5604-4bbf-8754-4ce65fb4f65f, Finance and Strategy Partner, stripe-finance-and-strategy-partner-7463755, Chicago, San Francisco, Seattle, New York City, , , null, &lt;div&gt;
&lt;div class=&quot;kai-markdown&quot;&gt;
&lt;h2&gt..., null, null, USD, , null, null, active, 0, 0, 1, 1, null, null, f, 7463755, greenhouse, https://stripe.com/jobs/search?gh_jid=7463755, null, 2026-09-26 23:39:05.276186+00, f, ["Missing or invalid company name"], 0.8, {"id": 7463755, "title": "Finance and Strategy Partner", "locati..., null, EGP, null, null, 2026-06-28 23:39:05.276182+00, , scraped).

/usr/local/lib/python3.11/site-packages/django/db/models/fields/__init__.py:1595: RuntimeWarning: DateTimeField Job.expires_at received a naive datetime (2026-09-26 23:39:05.280602) while time zone support is active.
  warnings.warn(
Failed to process job: null value in column "experience_level" of relation "jobs_job" violates not-null constraint
DETAIL:  Failing row contains (157, 2026-06-28 23:39:05.280782+00, 2026-06-28 23:39:05.280793+00, 00b647d0-fa44-4bba-98ab-75bbb1dacf9f, Finance & Strategy Analyst, stripe-finance-strategy-analyst-7985368, CHI, SEA, NYC, SF, , , null, &lt;h2&gt;Who we are&lt;/h2&gt;
&lt;h3&gt;About Stripe&lt;/h3&gt..., null, null, USD, , null, null, active, 0, 0, 1, 1, null, null, f, 7985368, greenhouse, https://stripe.com/jobs/search?gh_jid=7985368, null, 2026-09-26 23:39:05.280602+00, f, ["Missing or invalid company name"], 0.8, {"id": 7985368, "title": "Finance & Strategy Analyst", "location..., null, EGP, null, null, 2026-06-28 23:39:05.280598+00, , scraped).

/usr/local/lib/python3.11/site-packages/django/db/models/fields/__init__.py:1595: RuntimeWarning: DateTimeField Job.expires_at received a naive datetime (2026-09-26 23:39:05.284045) while time zone support is active.
  warnings.warn(
Failed to process job: null value in column "experience_level" of relation "jobs_job" violates not-null constraint
DETAIL:  Failing row contains (158, 2026-06-28 23:39:05.284199+00, 2026-06-28 23:39:05.284209+00, 0eb8ba87-c4c7-43d3-906e-72695eb451e3, Finance & Strategy Partner, stripe-finance-strategy-partner-7812163, New York, NY, , , null, &lt;h2&gt;&lt;strong&gt;Who we are&lt;/strong&gt;&lt;/h2&gt;
&lt..., null, null, USD, , null, null, active, 0, 0, 1, 1, null, null, f, 7812163, greenhouse, https://stripe.com/jobs/search?gh_jid=7812163, null, 2026-09-26 23:39:05.284045+00, f, ["Missing or invalid company name"], 0.8, {"id": 7812163, "title": "Finance & Strategy Partner", "location..., null, EGP, null, null, 2026-06-28 23:39:05.284042+00, , scraped).

/usr/local/lib/python3.11/site-packages/django/db/models/fields/__init__.py:1595: RuntimeWarning: DateTimeField Job.expires_at received a naive datetime (2026-09-26 23:39:05.288478) while time zone support is active.
  warnings.warn(
Failed to process job: null value in column "experience_level" of relation "jobs_job" violates not-null constraint
DETAIL:  Failing row contains (159, 2026-06-28 23:39:05.288655+00, 2026-06-28 23:39:05.288666+00, ab0ae43e-eeb0-4878-a650-aac64f2ada28, Finance & Strategy Partner, Central Engineering, stripe-finance-strategy-partner-central-engineering-7979885, Remote US, SF, SEA, NYC, CHI, , , null, &lt;h2&gt;Who we are&lt;/h2&gt;
&lt;h3&gt;About Stripe&lt;/h3&gt..., null, null, USD, , null, null, active, 0, 0, 1, 1, null, null, f, 7979885, greenhouse, https://stripe.com/jobs/search?gh_jid=7979885, null, 2026-09-26 23:39:05.288478+00, f, ["Missing or invalid company name"], 0.8, {"id": 7979885, "title": "Finance & Strategy Partner, Central En..., null, EGP, null, null, 2026-06-28 23:39:05.288475+00, , scraped).

/usr/local/lib/python3.11/site-packages/django/db/models/fields/__init__.py:1595: RuntimeWarning: DateTimeField Job.expires_at received a naive datetime (2026-09-26 23:39:05.291990) while time zone support is active.
  warnings.warn(
Failed to process job: null value in column "experience_level" of relation "jobs_job" violates not-null constraint
DETAIL:  Failing row contains (160, 2026-06-28 23:39:05.29214+00, 2026-06-28 23:39:05.292149+00, a30a3968-af54-4805-bcff-e2a9f067740d, Financial Crimes Operations Manager, Bridge, stripe-financial-crimes-operations-manager-bridge-7868815, Mexico City, , , null, &lt;h2&gt;&lt;strong&gt;Who we are &lt;/strong&gt;&lt;/h2&gt;
&l..., null, null, USD, , null, null, active, 0, 0, 1, 1, null, null, f, 7868815, greenhouse, https://stripe.com/jobs/search?gh_jid=7868815, null, 2026-09-26 23:39:05.29199+00, f, ["Missing or invalid company name"], 0.8, {"id": 7868815, "title": "Financial Crimes Operations Manager, B..., null, EGP, null, null, 2026-06-28 23:39:05.291987+00, , scraped).

/usr/local/lib/python3.11/site-packages/django/db/models/fields/__init__.py:1595: RuntimeWarning: DateTimeField Job.expires_at received a naive datetime (2026-09-26 23:39:05.296016) while time zone support is active.
  warnings.warn(
Failed to process job: null value in column "experience_level" of relation "jobs_job" violates not-null constraint
DETAIL:  Failing row contains (161, 2026-06-28 23:39:05.296173+00, 2026-06-28 23:39:05.296183+00, 3433bc1a-6a9b-4a9e-ba62-953b5e6ee461, FinOps Program Manager,  AI Enablement, stripe-finops-program-manager-ai-enablement-7975826, IN-Bengaluru, , , null, &lt;h2&gt;Who we are&lt;/h2&gt;
&lt;h3&gt;About Stripe&lt;/h3&gt..., null, null, USD, , null, null, active, 0, 0, 1, 1, null, null, f, 7975826, greenhouse, https://stripe.com/jobs/search?gh_jid=7975826, null, 2026-09-26 23:39:05.296016+00, f, ["Missing or invalid company name"], 0.8, {"id": 7975826, "title": "FinOps Program Manager,  AI Enablement..., null, EGP, null, null, 2026-06-28 23:39:05.296012+00, , scraped).

/usr/local/lib/python3.11/site-packages/django/db/models/fields/__init__.py:1595: RuntimeWarning: DateTimeField Job.expires_at received a naive datetime (2026-09-26 23:39:05.299909) while time zone support is active.
  warnings.warn(
Failed to process job: null value in column "experience_level" of relation "jobs_job" violates not-null constraint
DETAIL:  Failing row contains (162, 2026-06-28 23:39:05.300079+00, 2026-06-28 23:39:05.30009+00, 2c088838-9a6c-43d1-bdc5-0707662c3382, Forward Deployed AI Accelerator, Marketing, stripe-forward-deployed-ai-accelerator-marketing-7747638, United States, , , null, &lt;h2&gt;Who we are&lt;/h2&gt;
&lt;h3&gt;About Stripe&lt;/h3&gt..., null, null, USD, , null, null, active, 0, 0, 1, 1, null, null, f, 7747638, greenhouse, https://stripe.com/jobs/search?gh_jid=7747638, null, 2026-09-26 23:39:05.299909+00, f, ["Missing or invalid company name"], 0.8, {"id": 7747638, "title": "Forward Deployed AI Accelerator, Marke..., null, EGP, null, null, 2026-06-28 23:39:05.299904+00, , scraped).

/usr/local/lib/python3.11/site-packages/django/db/models/fields/__init__.py:1595: RuntimeWarning: DateTimeField Job.expires_at received a naive datetime (2026-09-26 23:39:05.304038) while time zone support is active.
  warnings.warn(
Failed to process job: null value in column "experience_level" of relation "jobs_job" violates not-null constraint
DETAIL:  Failing row contains (163, 2026-06-28 23:39:05.304199+00, 2026-06-28 23:39:05.304208+00, 988d2210-bc3c-41c5-bf42-eaf3172762de, Forward Deployed AI Accelerator, Marketing, stripe-forward-deployed-ai-accelerator-marketing-7747640, United States, , , null, &lt;h2&gt;Who we are&lt;/h2&gt;
&lt;h3&gt;About Stripe&lt;/h3&gt..., null, null, USD, , null, null, active, 0, 0, 1, 1, null, null, f, 7747640, greenhouse, https://stripe.com/jobs/search?gh_jid=7747640, null, 2026-09-26 23:39:05.304038+00, f, ["Missing or invalid company name"], 0.8, {"id": 7747640, "title": "Forward Deployed AI Accelerator, Marke..., null, EGP, null, null, 2026-06-28 23:39:05.304034+00, , scraped).

/usr/local/lib/python3.11/site-packages/django/db/models/fields/__init__.py:1595: RuntimeWarning: DateTimeField Job.expires_at received a naive datetime (2026-09-26 23:39:05.308192) while time zone support is active.
  warnings.warn(
Failed to process job: null value in column "experience_level" of relation "jobs_job" violates not-null constraint
DETAIL:  Failing row contains (164, 2026-06-28 23:39:05.308426+00, 2026-06-28 23:39:05.30844+00, 78a71efb-4f4d-46a0-ba92-f1edaa62bfbc, Forward Deployed Engineer, Privy, stripe-forward-deployed-engineer-privy-7230452, New York Privy HQ, , , null, &lt;h2&gt;Who we are&lt;/h2&gt;
&lt;h3 id=&quot;about-privy&quot..., null, null, USD, , null, null, active, 0, 0, 1, 1, null, null, f, 7230452, greenhouse, https://stripe.com/jobs/search?gh_jid=7230452, null, 2026-09-26 23:39:05.308192+00, f, ["Missing or invalid company name"], 0.8, {"id": 7230452, "title": "Forward Deployed Engineer, Privy", "lo..., null, EGP, null, null, 2026-06-28 23:39:05.308188+00, , scraped).

/usr/local/lib/python3.11/site-packages/django/db/models/fields/__init__.py:1595: RuntimeWarning: DateTimeField Job.expires_at received a naive datetime (2026-09-26 23:39:05.312035) while time zone support is active.
  warnings.warn(
Failed to process job: null value in column "experience_level" of relation "jobs_job" violates not-null constraint
DETAIL:  Failing row contains (165, 2026-06-28 23:39:05.312189+00, 2026-06-28 23:39:05.312198+00, 185fc9a4-fb22-4653-a7d9-868ae4aba1b6, Forward Deployed Integration Engineer, Professional Services, stripe-forward-deployed-integration-engineer-professional-800960..., Dublin, , , null, &lt;h2&gt;Who we are&lt;/h2&gt;
&lt;h3&gt;About Stripe&lt;/h3&gt..., null, null, USD, , null, null, active, 0, 0, 1, 1, null, null, f, 8009604, greenhouse, https://stripe.com/jobs/search?gh_jid=8009604, null, 2026-09-26 23:39:05.312035+00, f, ["Missing or invalid company name"], 0.8, {"id": 8009604, "title": "Forward Deployed Integration Engineer,..., null, EGP, null, null, 2026-06-28 23:39:05.312032+00, , scraped).

/usr/local/lib/python3.11/site-packages/django/db/models/fields/__init__.py:1595: RuntimeWarning: DateTimeField Job.expires_at received a naive datetime (2026-09-26 23:39:05.316552) while time zone support is active.
  warnings.warn(
Failed to process job: null value in column "experience_level" of relation "jobs_job" violates not-null constraint
DETAIL:  Failing row contains (166, 2026-06-28 23:39:05.316731+00, 2026-06-28 23:39:05.316742+00, 5af8adc6-3ce3-4d67-a17e-12068c966c18, Fraud Operations Associate SDC, stripe-fraud-operations-associate-sdc-7651078, Mexico City, , , null, &lt;h2&gt;Who we are&lt;/h2&gt;
&lt;h3&gt;About Stripe&lt;/h3&gt..., null, null, USD, , null, null, active, 0, 0, 1, 1, null, null, f, 7651078, greenhouse, https://stripe.com/jobs/search?gh_jid=7651078, null, 2026-09-26 23:39:05.316552+00, f, ["Missing or invalid company name"], 0.8, {"id": 7651078, "title": "Fraud Operations Associate SDC", "loca..., null, EGP, null, null, 2026-06-28 23:39:05.316549+00, , scraped).

/usr/local/lib/python3.11/site-packages/django/db/models/fields/__init__.py:1595: RuntimeWarning: DateTimeField Job.expires_at received a naive datetime (2026-09-26 23:39:05.320411) while time zone support is active.
  warnings.warn(
Failed to process job: null value in column "experience_level" of relation "jobs_job" violates not-null constraint
DETAIL:  Failing row contains (167, 2026-06-28 23:39:05.3206+00, 2026-06-28 23:39:05.32061+00, d745f307-e345-45a9-a579-534721264223, Fraud Operations Associate SDC, stripe-fraud-operations-associate-sdc-7462358, Bengaluru, , , null, &lt;h2&gt;Who we are&lt;/h2&gt;
&lt;h3&gt;About Stripe&lt;/h3&gt..., null, null, USD, , null, null, active, 0, 0, 1, 1, null, null, f, 7462358, greenhouse, https://stripe.com/jobs/search?gh_jid=7462358, null, 2026-09-26 23:39:05.320411+00, f, ["Missing or invalid company name"], 0.8, {"id": 7462358, "title": "Fraud Operations Associate SDC", "loca..., null, EGP, null, null, 2026-06-28 23:39:05.320407+00, , scraped).

/usr/local/lib/python3.11/site-packages/django/db/models/fields/__init__.py:1595: RuntimeWarning: DateTimeField Job.expires_at received a naive datetime (2026-09-26 23:39:05.324293) while time zone support is active.
  warnings.warn(
Failed to process job: null value in column "experience_level" of relation "jobs_job" violates not-null constraint
DETAIL:  Failing row contains (168, 2026-06-28 23:39:05.324487+00, 2026-06-28 23:39:05.324497+00, 78bae0b8-9ae0-44bd-90d1-ef5071c2f2f0, Fraud Operations Manager, stripe-fraud-operations-manager-7608396, Bengaluru, , , null, &lt;h2&gt;Who we are&lt;/h2&gt;
&lt;h3&gt;About Stripe&lt;/h3&gt..., null, null, USD, , null, null, active, 0, 0, 1, 1, null, null, f, 7608396, greenhouse, https://stripe.com/jobs/search?gh_jid=7608396, null, 2026-09-26 23:39:05.324293+00, f, ["Missing or invalid company name"], 0.8, {"id": 7608396, "title": "Fraud Operations Manager", "location":..., null, EGP, null, null, 2026-06-28 23:39:05.324289+00, , scraped).

/usr/local/lib/python3.11/site-packages/django/db/models/fields/__init__.py:1595: RuntimeWarning: DateTimeField Job.expires_at received a naive datetime (2026-09-26 23:39:05.327499) while time zone support is active.
  warnings.warn(
Failed to process job: null value in column "experience_level" of relation "jobs_job" violates not-null constraint
DETAIL:  Failing row contains (169, 2026-06-28 23:39:05.32765+00, 2026-06-28 23:39:05.32766+00, 3fe2502a-da79-4654-8ed4-efed80a1f774, Fraud Operations Manager (Mandarin-speaking), stripe-fraud-operations-manager-mandarin-speaking-7994541, Singapore, , , null, &lt;h2&gt;&lt;strong&gt;Who we are &lt;/strong&gt;&lt;/h2&gt;
&l..., null, null, USD, , null, null, active, 0, 0, 1, 1, null, null, f, 7994541, greenhouse, https://stripe.com/jobs/search?gh_jid=7994541, null, 2026-09-26 23:39:05.327499+00, f, ["Missing or invalid company name"], 0.8, {"id": 7994541, "title": "Fraud Operations Manager (Mandarin-spe..., null, EGP, null, null, 2026-06-28 23:39:05.327495+00, , scraped).

/usr/local/lib/python3.11/site-packages/django/db/models/fields/__init__.py:1595: RuntimeWarning: DateTimeField Job.expires_at received a naive datetime (2026-09-26 23:39:05.331194) while time zone support is active.
  warnings.warn(
Failed to process job: null value in column "experience_level" of relation "jobs_job" violates not-null constraint
DETAIL:  Failing row contains (170, 2026-06-28 23:39:05.331353+00, 2026-06-28 23:39:05.331362+00, 07b1e171-e15c-4adb-a21a-dacc5a4b0371, Fraud Operations Team Lead, stripe-fraud-operations-team-lead-7685460, Mexico City, , , null, &lt;h2&gt;&lt;strong&gt;Who we are&lt;/strong&gt;&lt;/h2&gt;
&lt..., null, null, USD, , null, null, active, 0, 0, 1, 1, null, null, f, 7685460, greenhouse, https://stripe.com/jobs/search?gh_jid=7685460, null, 2026-09-26 23:39:05.331194+00, f, ["Missing or invalid company name"], 0.8, {"id": 7685460, "title": "Fraud Operations Team Lead", "location..., null, EGP, null, null, 2026-06-28 23:39:05.33119+00, , scraped).

/usr/local/lib/python3.11/site-packages/django/db/models/fields/__init__.py:1595: RuntimeWarning: DateTimeField Job.expires_at received a naive datetime (2026-09-26 23:39:05.335924) while time zone support is active.
  warnings.warn(
Failed to process job: null value in column "experience_level" of relation "jobs_job" violates not-null constraint
DETAIL:  Failing row contains (171, 2026-06-28 23:39:05.336114+00, 2026-06-28 23:39:05.336126+00, 3cc17593-8016-44ed-96cc-aca794b1756e, Fraud Patterns Analyst, stripe-fraud-patterns-analyst-7913410, US-Remote, , , null, &lt;h2&gt;Who we are&lt;/h2&gt;
&lt;h3&gt;About Stripe&lt;/h3&gt..., null, null, USD, , null, null, active, 0, 0, 1, 1, null, null, f, 7913410, greenhouse, https://stripe.com/jobs/search?gh_jid=7913410, null, 2026-09-26 23:39:05.335924+00, f, ["Missing or invalid company name"], 0.8, {"id": 7913410, "title": "Fraud Patterns Analyst", "location": "..., null, EGP, null, null, 2026-06-28 23:39:05.33592+00, , scraped).

/usr/local/lib/python3.11/site-packages/django/db/models/fields/__init__.py:1595: RuntimeWarning: DateTimeField Job.expires_at received a naive datetime (2026-09-26 23:39:05.339518) while time zone support is active.
  warnings.warn(
Failed to process job: null value in column "experience_level" of relation "jobs_job" violates not-null constraint
DETAIL:  Failing row contains (172, 2026-06-28 23:39:05.339675+00, 2026-06-28 23:39:05.339684+00, 023adf65-b774-4097-b862-d551a253448e, Frontend Engineer, Payments & Risk, stripe-frontend-engineer-payments-risk-7325252, N/A, , , null, &lt;h2&gt;&lt;strong&gt;Who we are&lt;/strong&gt;&lt;/h2&gt;
&lt..., null, null, USD, , null, null, active, 0, 0, 1, 1, null, null, f, 7325252, greenhouse, https://stripe.com/jobs/search?gh_jid=7325252, null, 2026-09-26 23:39:05.339518+00, f, ["Missing or invalid company name"], 0.8, {"id": 7325252, "title": "Frontend Engineer, Payments & Risk", "..., null, EGP, null, null, 2026-06-28 23:39:05.339515+00, , scraped).

/usr/local/lib/python3.11/site-packages/django/db/models/fields/__init__.py:1595: RuntimeWarning: DateTimeField Job.expires_at received a naive datetime (2026-09-26 23:39:05.343428) while time zone support is active.
  warnings.warn(
Failed to process job: null value in column "experience_level" of relation "jobs_job" violates not-null constraint
DETAIL:  Failing row contains (173, 2026-06-28 23:39:05.343581+00, 2026-06-28 23:39:05.343591+00, db1f946a-62e8-484c-9d63-5da63a5674b5, F&S COE Analyst, stripe-fs-coe-analyst-7597613, Bengaluru, , , null, &lt;h2&gt;Who we are&lt;/h2&gt;
&lt;h3&gt;About Stripe&lt;/h3&gt..., null, null, USD, , null, null, active, 0, 0, 1, 1, null, null, f, 7597613, greenhouse, https://stripe.com/jobs/search?gh_jid=7597613, null, 2026-09-26 23:39:05.343428+00, f, ["Missing or invalid company name"], 0.8, {"id": 7597613, "title": "F&S COE Analyst", "location": "Bengalu..., null, EGP, null, null, 2026-06-28 23:39:05.343424+00, , scraped).

/usr/local/lib/python3.11/site-packages/django/db/models/fields/__init__.py:1595: RuntimeWarning: DateTimeField Job.expires_at received a naive datetime (2026-09-26 23:39:05.346604) while time zone support is active.
  warnings.warn(
Failed to process job: null value in column "experience_level" of relation "jobs_job" violates not-null constraint
DETAIL:  Failing row contains (174, 2026-06-28 23:39:05.346736+00, 2026-06-28 23:39:05.346745+00, 5caad9ab-0d37-4ee2-92f8-36f79f7dc74a, Full-Stack Engineer, stripe-full-stack-engineer-8003382, San Francisco, , , null, &lt;h2&gt;&lt;strong&gt;Who we are&lt;/strong&gt;&lt;/h2&gt;
&lt..., null, null, USD, , null, null, active, 0, 0, 1, 1, null, null, f, 8003382, greenhouse, https://stripe.com/jobs/search?gh_jid=8003382, null, 2026-09-26 23:39:05.346604+00, f, ["Missing or invalid company name"], 0.8, {"id": 8003382, "title": "Full-Stack Engineer", "location": "San..., null, EGP, null, null, 2026-06-28 23:39:05.346601+00, , scraped).

/usr/local/lib/python3.11/site-packages/django/db/models/fields/__init__.py:1595: RuntimeWarning: DateTimeField Job.expires_at received a naive datetime (2026-09-26 23:39:05.350662) while time zone support is active.
  warnings.warn(
Failed to process job: null value in column "experience_level" of relation "jobs_job" violates not-null constraint
DETAIL:  Failing row contains (175, 2026-06-28 23:39:05.350823+00, 2026-06-28 23:39:05.350833+00, db8d1eef-840a-4633-8855-09de1593a158, Full Stack Engineer, Billing, stripe-full-stack-engineer-billing-6786324, N/A, , , null, &lt;h2 id=&quot;who-we-are&quot;&gt;Who we are&lt;/h2&gt;
&lt;h3..., null, null, USD, , null, null, active, 0, 0, 1, 1, null, null, f, 6786324, greenhouse, https://stripe.com/jobs/search?gh_jid=6786324, null, 2026-09-26 23:39:05.350662+00, f, ["Missing or invalid company name"], 0.8, {"id": 6786324, "title": "Full Stack Engineer, Billing", "locati..., null, EGP, null, null, 2026-06-28 23:39:05.350658+00, , scraped).

/usr/local/lib/python3.11/site-packages/django/db/models/fields/__init__.py:1595: RuntimeWarning: DateTimeField Job.expires_at received a naive datetime (2026-09-26 23:39:05.354067) while time zone support is active.
  warnings.warn(
Failed to process job: null value in column "experience_level" of relation "jobs_job" violates not-null constraint
DETAIL:  Failing row contains (176, 2026-06-28 23:39:05.354209+00, 2026-06-28 23:39:05.354217+00, b3457d86-bce4-4f40-a914-95a02fd70851, Full Stack Engineer, Developer Experience & Product Platform, stripe-full-stack-engineer-developer-experience-product-p-656710..., N/A, , , null, &lt;h2&gt;&lt;strong&gt;Who we are&lt;/strong&gt;&lt;/h2&gt;
&lt..., null, null, USD, , null, null, active, 0, 0, 1, 1, null, null, f, 6567104, greenhouse, https://stripe.com/jobs/search?gh_jid=6567104, null, 2026-09-26 23:39:05.354067+00, f, ["Missing or invalid company name"], 0.8, {"id": 6567104, "title": "Full Stack Engineer, Developer Experie..., null, EGP, null, null, 2026-06-28 23:39:05.354064+00, , scraped).

/usr/local/lib/python3.11/site-packages/django/db/models/fields/__init__.py:1595: RuntimeWarning: DateTimeField Job.expires_at received a naive datetime (2026-09-26 23:39:05.357549) while time zone support is active.
  warnings.warn(
Failed to process job: null value in column "experience_level" of relation "jobs_job" violates not-null constraint
DETAIL:  Failing row contains (177, 2026-06-28 23:39:05.35771+00, 2026-06-28 23:39:05.35772+00, 62d4839f-35a6-4c6e-8117-d126fb7fe2ad, Full Stack Engineer, Growth, stripe-full-stack-engineer-growth-7964956, Singapore, , , null, &lt;h2&gt;Who we are&lt;/h2&gt;
&lt;h3&gt;About Stripe&lt;/h3&gt..., null, null, USD, , null, null, active, 0, 0, 1, 1, null, null, f, 7964956, greenhouse, https://stripe.com/jobs/search?gh_jid=7964956, null, 2026-09-26 23:39:05.357549+00, f, ["Missing or invalid company name"], 0.8, {"id": 7964956, "title": "Full Stack Engineer, Growth", "locatio..., null, EGP, null, null, 2026-06-28 23:39:05.357546+00, , scraped).

/usr/local/lib/python3.11/site-packages/django/db/models/fields/__init__.py:1595: RuntimeWarning: DateTimeField Job.expires_at received a naive datetime (2026-09-26 23:39:05.360756) while time zone support is active.
  warnings.warn(
Failed to process job: null value in column "experience_level" of relation "jobs_job" violates not-null constraint
DETAIL:  Failing row contains (178, 2026-06-28 23:39:05.360896+00, 2026-06-28 23:39:05.360904+00, 5d13dc15-2381-4ada-9d1b-8b233babe1fa, Fullstack Engineer, Internal Tools, stripe-fullstack-engineer-internal-tools-7532806, Dublin, , , null, &lt;h2&gt;Who we are&lt;/h2&gt;
&lt;h3&gt;About Stripe&lt;/h3&gt..., null, null, USD, , null, null, active, 0, 0, 1, 1, null, null, f, 7532806, greenhouse, https://stripe.com/jobs/search?gh_jid=7532806, null, 2026-09-26 23:39:05.360756+00, f, ["Missing or invalid company name"], 0.8, {"id": 7532806, "title": "Fullstack Engineer, Internal Tools", "..., null, EGP, null, null, 2026-06-28 23:39:05.360753+00, , scraped).

/usr/local/lib/python3.11/site-packages/django/db/models/fields/__init__.py:1595: RuntimeWarning: DateTimeField Job.expires_at received a naive datetime (2026-09-26 23:39:05.364796) while time zone support is active.
  warnings.warn(
Failed to process job: null value in column "experience_level" of relation "jobs_job" violates not-null constraint
DETAIL:  Failing row contains (179, 2026-06-28 23:39:05.364952+00, 2026-06-28 23:39:05.364961+00, 89e43ea4-b7be-426f-a60f-25593adb7e8e, Full Stack Engineer, Money as a Service, stripe-full-stack-engineer-money-as-a-service-6606581, N/A, , , null, &lt;p&gt;&lt;strong&gt;&lt;em&gt;Note: &lt;/em&gt;&lt;/strong&gt..., null, null, USD, , null, null, active, 0, 0, 1, 1, null, null, f, 6606581, greenhouse, https://stripe.com/jobs/search?gh_jid=6606581, null, 2026-09-26 23:39:05.364796+00, f, ["Missing or invalid company name"], 0.8, {"id": 6606581, "title": "Full Stack Engineer, Money as a Servic..., null, EGP, null, null, 2026-06-28 23:39:05.364793+00, , scraped).

/usr/local/lib/python3.11/site-packages/django/db/models/fields/__init__.py:1595: RuntimeWarning: DateTimeField Job.expires_at received a naive datetime (2026-09-26 23:39:05.368115) while time zone support is active.
  warnings.warn(
Failed to process job: null value in column "experience_level" of relation "jobs_job" violates not-null constraint
DETAIL:  Failing row contains (180, 2026-06-28 23:39:05.368266+00, 2026-06-28 23:39:05.368274+00, be38a6d7-4379-4fd0-bc28-441d45e4d602, Full Stack Engineer, Money as a Service, stripe-full-stack-engineer-money-as-a-service-7325118, N/A, , , null, &lt;h2&gt;Who we are&lt;/h2&gt;
&lt;h3&gt;About Stripe&lt;/h3&gt..., null, null, USD, , null, null, active, 0, 0, 1, 1, null, null, f, 7325118, greenhouse, https://stripe.com/jobs/search?gh_jid=7325118, null, 2026-09-26 23:39:05.368115+00, f, ["Missing or invalid company name"], 0.8, {"id": 7325118, "title": "Full Stack Engineer, Money as a Servic..., null, EGP, null, null, 2026-06-28 23:39:05.368111+00, , scraped).

/usr/local/lib/python3.11/site-packages/django/db/models/fields/__init__.py:1595: RuntimeWarning: DateTimeField Job.expires_at received a naive datetime (2026-09-26 23:39:05.372306) while time zone support is active.
  warnings.warn(
Failed to process job: null value in column "experience_level" of relation "jobs_job" violates not-null constraint
DETAIL:  Failing row contains (181, 2026-06-28 23:39:05.372502+00, 2026-06-28 23:39:05.372511+00, 115d3496-3d38-4b7c-b294-b12247aec47c, Fullstack Engineer, Payments and Risk, stripe-fullstack-engineer-payments-and-risk-6717520, Dublin, Ireland, , , null, &lt;h2&gt;Who we are&lt;/h2&gt;
&lt;h3&gt;About Stripe&lt;/h3&gt..., null, null, USD, , null, null, active, 0, 0, 1, 1, null, null, f, 6717520, greenhouse, https://stripe.com/jobs/search?gh_jid=6717520, null, 2026-09-26 23:39:05.372306+00, f, ["Missing or invalid company name"], 0.8, {"id": 6717520, "title": "Fullstack Engineer, Payments and Risk"..., null, EGP, null, null, 2026-06-28 23:39:05.372302+00, , scraped).

/usr/local/lib/python3.11/site-packages/django/db/models/fields/__init__.py:1595: RuntimeWarning: DateTimeField Job.expires_at received a naive datetime (2026-09-26 23:39:05.375731) while time zone support is active.
  warnings.warn(
Failed to process job: null value in column "experience_level" of relation "jobs_job" violates not-null constraint
DETAIL:  Failing row contains (182, 2026-06-28 23:39:05.375894+00, 2026-06-28 23:39:05.375905+00, fb00a534-1625-475c-a77a-33c8e34bad29, Fullstack Engineer, Privy, stripe-fullstack-engineer-privy-7091959, NYC-Privy, US-Remote, , , null, &lt;h2&gt;&lt;strong&gt;Who we are&lt;/strong&gt;&lt;/h2&gt;
&lt..., null, null, USD, , null, null, active, 0, 0, 1, 1, null, null, f, 7091959, greenhouse, https://stripe.com/jobs/search?gh_jid=7091959, null, 2026-09-26 23:39:05.375731+00, f, ["Missing or invalid company name"], 0.8, {"id": 7091959, "title": "Fullstack Engineer, Privy", "location"..., null, EGP, null, null, 2026-06-28 23:39:05.375728+00, , scraped).

/usr/local/lib/python3.11/site-packages/django/db/models/fields/__init__.py:1595: RuntimeWarning: DateTimeField Job.expires_at received a naive datetime (2026-09-26 23:39:05.379987) while time zone support is active.
  warnings.warn(
Failed to process job: null value in column "experience_level" of relation "jobs_job" violates not-null constraint
DETAIL:  Failing row contains (183, 2026-06-28 23:39:05.380139+00, 2026-06-28 23:39:05.380148+00, 3dfe6e5e-e20f-4329-a2c2-fd580d0ad31b, Full Stack Engineer, Startup Products, stripe-full-stack-engineer-startup-products-7994887, N/A, , , null, &lt;h2&gt;&lt;strong&gt;Who we are&lt;/strong&gt;&lt;/h2&gt;
&lt..., null, null, USD, , null, null, active, 0, 0, 1, 1, null, null, f, 7994887, greenhouse, https://stripe.com/jobs/search?gh_jid=7994887, null, 2026-09-26 23:39:05.379987+00, f, ["Missing or invalid company name"], 0.8, {"id": 7994887, "title": "Full Stack Engineer, Startup Products"..., null, EGP, null, null, 2026-06-28 23:39:05.379983+00, , scraped).

/usr/local/lib/python3.11/site-packages/django/db/models/fields/__init__.py:1595: RuntimeWarning: DateTimeField Job.expires_at received a naive datetime (2026-09-26 23:39:05.383268) while time zone support is active.
  warnings.warn(
Failed to process job: null value in column "experience_level" of relation "jobs_job" violates not-null constraint
DETAIL:  Failing row contains (184, 2026-06-28 23:39:05.383468+00, 2026-06-28 23:39:05.383479+00, 2d3e8bdd-df0e-46e7-a260-d2e5c5f6f565, Full Stack Engineer, Support Experience, stripe-full-stack-engineer-support-experience-7913464, Dublin, , , null, &lt;h2&gt;Who we are&lt;/h2&gt;
&lt;h3&gt;About Stripe&lt;/h3&gt..., null, null, USD, , null, null, active, 0, 0, 1, 1, null, null, f, 7913464, greenhouse, https://stripe.com/jobs/search?gh_jid=7913464, null, 2026-09-26 23:39:05.383268+00, f, ["Missing or invalid company name"], 0.8, {"id": 7913464, "title": "Full Stack Engineer, Support Experienc..., null, EGP, null, null, 2026-06-28 23:39:05.383264+00, , scraped).

/usr/local/lib/python3.11/site-packages/django/db/models/fields/__init__.py:1595: RuntimeWarning: DateTimeField Job.expires_at received a naive datetime (2026-09-26 23:39:05.386798) while time zone support is active.
  warnings.warn(
Failed to process job: null value in column "experience_level" of relation "jobs_job" violates not-null constraint
DETAIL:  Failing row contains (185, 2026-06-28 23:39:05.386952+00, 2026-06-28 23:39:05.386961+00, aaff7112-b350-43ff-b30a-dd44ce586643, Full Stack Engineer, Web Presence and Platform, stripe-full-stack-engineer-web-presence-and-platform-7436086, N/A, , , null, &lt;h2&gt;Who we are&lt;/h2&gt;
&lt;h3&gt;About Stripe&lt;/h3&gt..., null, null, USD, , null, null, active, 0, 0, 1, 1, null, null, f, 7436086, greenhouse, https://stripe.com/jobs/search?gh_jid=7436086, null, 2026-09-26 23:39:05.386798+00, f, ["Missing or invalid company name"], 0.8, {"id": 7436086, "title": "Full Stack Engineer, Web Presence and ..., null, EGP, null, null, 2026-06-28 23:39:05.386794+00, , scraped).

/usr/local/lib/python3.11/site-packages/django/db/models/fields/__init__.py:1595: RuntimeWarning: DateTimeField Job.expires_at received a naive datetime (2026-09-26 23:39:05.390025) while time zone support is active.
  warnings.warn(
Failed to process job: null value in column "experience_level" of relation "jobs_job" violates not-null constraint
DETAIL:  Failing row contains (186, 2026-06-28 23:39:05.390221+00, 2026-06-28 23:39:05.390233+00, d2a21dec-b1f0-4adf-9e5f-61138e179f1d, Global Filing Specialist, Tax, stripe-global-filing-specialist-tax-7997545, US Remote,Toronto, CA-Remote-Ontario, , , null, &lt;h1&gt;&lt;strong&gt;Who we are&lt;/strong&gt;&lt;/h1&gt;
&lt..., null, null, USD, , null, null, active, 0, 0, 1, 1, null, null, f, 7997545, greenhouse, https://stripe.com/jobs/search?gh_jid=7997545, null, 2026-09-26 23:39:05.390025+00, f, ["Missing or invalid company name"], 0.8, {"id": 7997545, "title": "Global Filing Specialist, Tax", "locat..., null, EGP, null, null, 2026-06-28 23:39:05.39002+00, , scraped).

/usr/local/lib/python3.11/site-packages/django/db/models/fields/__init__.py:1595: RuntimeWarning: DateTimeField Job.expires_at received a naive datetime (2026-09-26 23:39:05.393824) while time zone support is active.
  warnings.warn(
Failed to process job: null value in column "experience_level" of relation "jobs_job" violates not-null constraint
DETAIL:  Failing row contains (187, 2026-06-28 23:39:05.393977+00, 2026-06-28 23:39:05.393986+00, 904fdaeb-6563-4e9a-b116-ce07486858c0, Global Head of Specialist Solutions Architecture, Billing, stripe-global-head-of-specialist-solutions-architecture-b-752394..., SF, , , null, &lt;h1&gt;&lt;strong&gt;Who We Are&lt;/strong&gt;&lt;/h1&gt;
&lt..., null, null, USD, , null, null, active, 0, 0, 1, 1, null, null, f, 7523947, greenhouse, https://stripe.com/jobs/search?gh_jid=7523947, null, 2026-09-26 23:39:05.393824+00, f, ["Missing or invalid company name"], 0.8, {"id": 7523947, "title": "Global Head of Specialist Solutions Ar..., null, EGP, null, null, 2026-06-28 23:39:05.39382+00, , scraped).

/usr/local/lib/python3.11/site-packages/django/db/models/fields/__init__.py:1595: RuntimeWarning: DateTimeField Job.expires_at received a naive datetime (2026-09-26 23:39:05.397402) while time zone support is active.
  warnings.warn(
Failed to process job: null value in column "experience_level" of relation "jobs_job" violates not-null constraint
DETAIL:  Failing row contains (188, 2026-06-28 23:39:05.397557+00, 2026-06-28 23:39:05.397566+00, 1ea79096-be6a-4fb8-a7fc-b8cb3f97ac20, Global Head of Specialist Solutions Architecture, Revenue , stripe-global-head-of-specialist-solutions-architecture-r-796350..., London, , , null, &lt;h2&gt;&lt;strong&gt;Who We Are&lt;/strong&gt;&lt;/h2&gt;
&lt..., null, null, USD, , null, null, active, 0, 0, 1, 1, null, null, f, 7963508, greenhouse, https://stripe.com/jobs/search?gh_jid=7963508, null, 2026-09-26 23:39:05.397402+00, f, ["Missing or invalid company name"], 0.8, {"id": 7963508, "title": "Global Head of Specialist Solutions Ar..., null, EGP, null, null, 2026-06-28 23:39:05.397398+00, , scraped).

/usr/local/lib/python3.11/site-packages/django/db/models/fields/__init__.py:1595: RuntimeWarning: DateTimeField Job.expires_at received a naive datetime (2026-09-26 23:39:05.400930) while time zone support is active.
  warnings.warn(
Failed to process job: null value in column "experience_level" of relation "jobs_job" violates not-null constraint
DETAIL:  Failing row contains (189, 2026-06-28 23:39:05.40107+00, 2026-06-28 23:39:05.401078+00, 2d64e5bb-5fdd-4009-aec4-ed428ce2f6ef, Global Indirect Tax Compliance, stripe-global-indirect-tax-compliance-7587922, Bangalore, , , null, &lt;p&gt;At Stripe, our mission is to increase the GDP of the in..., null, null, USD, , null, null, active, 0, 0, 1, 1, null, null, f, 7587922, greenhouse, https://stripe.com/jobs/search?gh_jid=7587922, null, 2026-09-26 23:39:05.40093+00, f, ["Missing or invalid company name"], 0.8, {"id": 7587922, "title": "Global Indirect Tax Compliance", "loca..., null, EGP, null, null, 2026-06-28 23:39:05.400927+00, , scraped).

/usr/local/lib/python3.11/site-packages/django/db/models/fields/__init__.py:1595: RuntimeWarning: DateTimeField Job.expires_at received a naive datetime (2026-09-26 23:39:05.403947) while time zone support is active.
  warnings.warn(
Failed to process job: null value in column "experience_level" of relation "jobs_job" violates not-null constraint
DETAIL:  Failing row contains (190, 2026-06-28 23:39:05.404096+00, 2026-06-28 23:39:05.404105+00, 92cabfea-b7f0-4164-ae52-1a9d29d5be2e, Global Partner Marketing Lead, AI, stripe-global-partner-marketing-lead-ai-7819587, South San Francisco HQ, , , null, &lt;h2&gt;Who we are&lt;/h2&gt;
&lt;h3&gt;About Stripe&lt;/h3&gt..., null, null, USD, , null, null, active, 0, 0, 1, 1, null, null, f, 7819587, greenhouse, https://stripe.com/jobs/search?gh_jid=7819587, null, 2026-09-26 23:39:05.403947+00, f, ["Missing or invalid company name"], 0.8, {"id": 7819587, "title": "Global Partner Marketing Lead, AI", "l..., null, EGP, null, null, 2026-06-28 23:39:05.403944+00, , scraped).

/usr/local/lib/python3.11/site-packages/django/db/models/fields/__init__.py:1595: RuntimeWarning: DateTimeField Job.expires_at received a naive datetime (2026-09-26 23:39:05.407482) while time zone support is active.
  warnings.warn(
Failed to process job: null value in column "experience_level" of relation "jobs_job" violates not-null constraint
DETAIL:  Failing row contains (191, 2026-06-28 23:39:05.407623+00, 2026-06-28 23:39:05.407632+00, 471e2c7e-5188-4f64-aba2-841b0f012b8f, Global People Support - Team Lead, stripe-global-people-support-team-lead-7553098, Bengaluru, , , null, &lt;h2&gt;&lt;strong&gt;About the job&lt;/strong&gt;&lt;/h2&gt;
..., null, null, USD, , null, null, active, 0, 0, 1, 1, null, null, f, 7553098, greenhouse, https://stripe.com/jobs/search?gh_jid=7553098, null, 2026-09-26 23:39:05.407482+00, f, ["Missing or invalid company name"], 0.8, {"id": 7553098, "title": "Global People Support - Team Lead", "l..., null, EGP, null, null, 2026-06-28 23:39:05.407479+00, , scraped).

/usr/local/lib/python3.11/site-packages/django/db/models/fields/__init__.py:1595: RuntimeWarning: DateTimeField Job.expires_at received a naive datetime (2026-09-26 23:39:05.411148) while time zone support is active.
  warnings.warn(
Failed to process job: null value in column "experience_level" of relation "jobs_job" violates not-null constraint
DETAIL:  Failing row contains (192, 2026-06-28 23:39:05.411307+00, 2026-06-28 23:39:05.411316+00, c381d812-2c7a-40d7-b462-ad8003dbdbf8, Global Sales Enablement Systems Administrator, stripe-global-sales-enablement-systems-administrator-7993682, US-Remote, , , null, &lt;h2&gt;&lt;strong&gt;Who we are&lt;/strong&gt;&lt;/h2&gt;
&lt..., null, null, USD, , null, null, active, 0, 0, 1, 1, null, null, f, 7993682, greenhouse, https://stripe.com/jobs/search?gh_jid=7993682, null, 2026-09-26 23:39:05.411148+00, f, ["Missing or invalid company name"], 0.8, {"id": 7993682, "title": "Global Sales Enablement Systems Admini..., null, EGP, null, null, 2026-06-28 23:39:05.411144+00, , scraped).

/usr/local/lib/python3.11/site-packages/django/db/models/fields/__init__.py:1595: RuntimeWarning: DateTimeField Job.expires_at received a naive datetime (2026-09-26 23:39:05.414536) while time zone support is active.
  warnings.warn(
Failed to process job: null value in column "experience_level" of relation "jobs_job" violates not-null constraint
DETAIL:  Failing row contains (193, 2026-06-28 23:39:05.414683+00, 2026-06-28 23:39:05.414692+00, f464054d-8fed-4ed4-aef8-a617735817e3, Global Strategic Alliances Lead, Emerging GSIs, stripe-global-strategic-alliances-lead-emerging-gsis-7461966, US-SF, , , null, &lt;h2&gt;&lt;strong&gt;About Stripe&lt;/strong&gt;&lt;/h2&gt;
&..., null, null, USD, , null, null, active, 0, 0, 1, 1, null, null, f, 7461966, greenhouse, https://stripe.com/jobs/search?gh_jid=7461966, null, 2026-09-26 23:39:05.414536+00, f, ["Missing or invalid company name"], 0.8, {"id": 7461966, "title": "Global Strategic Alliances Lead, Emerg..., null, EGP, null, null, 2026-06-28 23:39:05.414532+00, , scraped).

/usr/local/lib/python3.11/site-packages/django/db/models/fields/__init__.py:1595: RuntimeWarning: DateTimeField Job.expires_at received a naive datetime (2026-09-26 23:39:05.417814) while time zone support is active.
  warnings.warn(
Failed to process job: null value in column "experience_level" of relation "jobs_job" violates not-null constraint
DETAIL:  Failing row contains (194, 2026-06-28 23:39:05.418109+00, 2026-06-28 23:39:05.418124+00, 3be50561-a05a-4aa7-961a-40c49e2508ea, Growth Engineer, stripe-growth-engineer-8008880, New York, NY, , , null, &lt;h2&gt;&lt;strong&gt;Who we are&lt;/strong&gt;&lt;/h2&gt;
&lt..., null, null, USD, , null, null, active, 0, 0, 1, 1, null, null, f, 8008880, greenhouse, https://stripe.com/jobs/search?gh_jid=8008880, null, 2026-09-26 23:39:05.417814+00, f, ["Missing or invalid company name"], 0.8, {"id": 8008880, "title": "Growth Engineer", "location": "New Yor..., null, EGP, null, null, 2026-06-28 23:39:05.417809+00, , scraped).

/usr/local/lib/python3.11/site-packages/django/db/models/fields/__init__.py:1595: RuntimeWarning: DateTimeField Job.expires_at received a naive datetime (2026-09-26 23:39:05.421187) while time zone support is active.
  warnings.warn(
Failed to process job: null value in column "experience_level" of relation "jobs_job" violates not-null constraint
DETAIL:  Failing row contains (195, 2026-06-28 23:39:05.421317+00, 2026-06-28 23:39:05.421326+00, 7e47aebf-3d20-4681-b7d6-b85450d6148b, GSI Partner Development Lead- EMEA, stripe-gsi-partner-development-lead-emea-7677136, London, , , null, &lt;h2&gt;Who we are&lt;/h2&gt;
&lt;h3&gt;About Stripe&lt;/h3&gt..., null, null, USD, , null, null, active, 0, 0, 1, 1, null, null, f, 7677136, greenhouse, https://stripe.com/jobs/search?gh_jid=7677136, null, 2026-09-26 23:39:05.421187+00, f, ["Missing or invalid company name"], 0.8, {"id": 7677136, "title": "GSI Partner Development Lead- EMEA", "..., null, EGP, null, null, 2026-06-28 23:39:05.421184+00, , scraped).

/usr/local/lib/python3.11/site-packages/django/db/models/fields/__init__.py:1595: RuntimeWarning: DateTimeField Job.expires_at received a naive datetime (2026-09-26 23:39:05.424327) while time zone support is active.
  warnings.warn(
Failed to process job: null value in column "experience_level" of relation "jobs_job" violates not-null constraint
DETAIL:  Failing row contains (196, 2026-06-28 23:39:05.424582+00, 2026-06-28 23:39:05.424595+00, 5d8a57dd-8e19-4dfb-833a-fa0d7b821350, GTM Operations Process Architect, stripe-gtm-operations-process-architect-7993610, US Remote National, , , null, &lt;h2&gt;&lt;strong&gt;Who we are &lt;/strong&gt;&lt;/h2&gt;
&l..., null, null, USD, , null, null, active, 0, 0, 1, 1, null, null, f, 7993610, greenhouse, https://stripe.com/jobs/search?gh_jid=7993610, null, 2026-09-26 23:39:05.424327+00, f, ["Missing or invalid company name"], 0.8, {"id": 7993610, "title": "GTM Operations Process Architect", "lo..., null, EGP, null, null, 2026-06-28 23:39:05.424323+00, , scraped).

/usr/local/lib/python3.11/site-packages/django/db/models/fields/__init__.py:1595: RuntimeWarning: DateTimeField Job.expires_at received a naive datetime (2026-09-26 23:39:05.428323) while time zone support is active.
  warnings.warn(
Failed to process job: null value in column "experience_level" of relation "jobs_job" violates not-null constraint
DETAIL:  Failing row contains (197, 2026-06-28 23:39:05.428519+00, 2026-06-28 23:39:05.428531+00, 1ef00bd9-79ff-48aa-b2a1-3c29c28ca254, GTM Product Marketing Manager, Commerce Experiences, stripe-gtm-product-marketing-manager-commerce-experiences-799081..., United States, , , null, &lt;h2&gt;&lt;strong&gt;Who we are &lt;/strong&gt;&lt;/h2&gt;
&l..., null, null, USD, , null, null, active, 0, 0, 1, 1, null, null, f, 7990812, greenhouse, https://stripe.com/jobs/search?gh_jid=7990812, null, 2026-09-26 23:39:05.428323+00, f, ["Missing or invalid company name"], 0.8, {"id": 7990812, "title": "GTM Product Marketing Manager, Commerc..., null, EGP, null, null, 2026-06-28 23:39:05.428319+00, , scraped).

/usr/local/lib/python3.11/site-packages/django/db/models/fields/__init__.py:1595: RuntimeWarning: DateTimeField Job.expires_at received a naive datetime (2026-09-26 23:39:05.431643) while time zone support is active.
  warnings.warn(
Failed to process job: null value in column "experience_level" of relation "jobs_job" violates not-null constraint
DETAIL:  Failing row contains (198, 2026-06-28 23:39:05.431841+00, 2026-06-28 23:39:05.431854+00, 681ada21-6a78-4533-99f3-404daf9044c8, GTM Recruiter (Fixed-Term), stripe-gtm-recruiter-fixed-term-8015838, Singapore, , , null, &lt;p&gt;&lt;strong&gt;Go-to-Market Recruiter, Asia-Pacific&lt;/..., null, null, USD, , null, null, active, 0, 0, 1, 1, null, null, f, 8015838, greenhouse, https://stripe.com/jobs/search?gh_jid=8015838, null, 2026-09-26 23:39:05.431643+00, f, ["Missing or invalid company name"], 0.8, {"id": 8015838, "title": "GTM Recruiter (Fixed-Term)", "location..., null, EGP, null, null, 2026-06-28 23:39:05.431639+00, , scraped).

/usr/local/lib/python3.11/site-packages/django/db/models/fields/__init__.py:1595: RuntimeWarning: DateTimeField Job.expires_at received a naive datetime (2026-09-26 23:39:05.435318) while time zone support is active.
  warnings.warn(
Failed to process job: null value in column "experience_level" of relation "jobs_job" violates not-null constraint
DETAIL:  Failing row contains (199, 2026-06-28 23:39:05.435453+00, 2026-06-28 23:39:05.43546+00, f9561c3d-408d-45d7-9920-44d602b00899, Head of Communications, APAC, stripe-head-of-communications-apac-7684149, Singapore, , , null, &lt;h2&gt;&lt;strong&gt;Who we are&lt;/strong&gt;&lt;/h2&gt;
&lt..., null, null, USD, , null, null, active, 0, 0, 1, 1, null, null, f, 7684149, greenhouse, https://stripe.com/jobs/search?gh_jid=7684149, null, 2026-09-26 23:39:05.435318+00, f, ["Missing or invalid company name"], 0.8, {"id": 7684149, "title": "Head of Communications, APAC", "locati..., null, EGP, null, null, 2026-06-28 23:39:05.435315+00, , scraped).

/usr/local/lib/python3.11/site-packages/django/db/models/fields/__init__.py:1595: RuntimeWarning: DateTimeField Job.expires_at received a naive datetime (2026-09-26 23:39:05.438888) while time zone support is active.
  warnings.warn(
Failed to process job: null value in column "experience_level" of relation "jobs_job" violates not-null constraint
DETAIL:  Failing row contains (200, 2026-06-28 23:39:05.439142+00, 2026-06-28 23:39:05.439159+00, 9284d2bd-2603-4f0b-adc2-0a898646ad88, Head of Enterprise Solutions Architecture Platforms, stripe-head-of-enterprise-solutions-architecture-platform-791514..., San Francisco, CA, , , null, &lt;h2&gt;&lt;strong&gt;Who We Are&lt;/strong&gt;&lt;/h2&gt;
&lt..., null, null, USD, , null, null, active, 0, 0, 1, 1, null, null, f, 7915144, greenhouse, https://stripe.com/jobs/search?gh_jid=7915144, null, 2026-09-26 23:39:05.438888+00, f, ["Missing or invalid company name"], 0.8, {"id": 7915144, "title": "Head of Enterprise Solutions Architect..., null, EGP, null, null, 2026-06-28 23:39:05.438884+00, , scraped).

/usr/local/lib/python3.11/site-packages/django/db/models/fields/__init__.py:1595: RuntimeWarning: DateTimeField Job.expires_at received a naive datetime (2026-09-26 23:39:05.443381) while time zone support is active.
  warnings.warn(
Failed to process job: null value in column "experience_level" of relation "jobs_job" violates not-null constraint
DETAIL:  Failing row contains (201, 2026-06-28 23:39:05.443534+00, 2026-06-28 23:39:05.443542+00, ba6515b5-49f7-4215-bda8-ef187f0bdf2b, Head of Finance Operations, stripe-head-of-finance-operations-7950828, Bengaluru, , , null, &lt;h2&gt;&lt;strong&gt;Who we are&lt;/strong&gt;&lt;/h2&gt;
&lt..., null, null, USD, , null, null, active, 0, 0, 1, 1, null, null, f, 7950828, greenhouse, https://stripe.com/jobs/search?gh_jid=7950828, null, 2026-09-26 23:39:05.443381+00, f, ["Missing or invalid company name", "Description suspiciously lo..., 0.7000000000000001, {"id": 7950828, "title": "Head of Finance Operations", "location..., null, EGP, null, null, 2026-06-28 23:39:05.443376+00, , scraped).

/usr/local/lib/python3.11/site-packages/django/db/models/fields/__init__.py:1595: RuntimeWarning: DateTimeField Job.expires_at received a naive datetime (2026-09-26 23:39:05.447075) while time zone support is active.
  warnings.warn(
Failed to process job: null value in column "experience_level" of relation "jobs_job" violates not-null constraint
DETAIL:  Failing row contains (202, 2026-06-28 23:39:05.447218+00, 2026-06-28 23:39:05.447226+00, a4edfed4-06a0-4df2-b682-f1c65e66a861, Head of Learning & Quality, Stripe Delivery Center, stripe-head-of-learning-quality-stripe-delivery-center-8007158, Bangalore, , , null, &lt;h2&gt;&lt;strong&gt;Who we are&lt;/strong&gt;&lt;/h2&gt;
&lt..., null, null, USD, , null, null, active, 0, 0, 1, 1, null, null, f, 8007158, greenhouse, https://stripe.com/jobs/search?gh_jid=8007158, null, 2026-09-26 23:39:05.447075+00, f, ["Missing or invalid company name"], 0.8, {"id": 8007158, "title": "Head of Learning & Quality, Stripe Del..., null, EGP, null, null, 2026-06-28 23:39:05.447072+00, , scraped).

/usr/local/lib/python3.11/site-packages/django/db/models/fields/__init__.py:1595: RuntimeWarning: DateTimeField Job.expires_at received a naive datetime (2026-09-26 23:39:05.450014) while time zone support is active.
  warnings.warn(
Failed to process job: null value in column "experience_level" of relation "jobs_job" violates not-null constraint
DETAIL:  Failing row contains (203, 2026-06-28 23:39:05.450144+00, 2026-06-28 23:39:05.450152+00, 7982c1c0-d01e-49bd-83c9-fa6cac297191, Head of Platforms Sales, Australia and New Zealand, stripe-head-of-platforms-sales-australia-and-new-zealand-7760773, Sydney, , , null, &lt;h2&gt;Who we are&lt;/h2&gt;
&lt;h3&gt;About Stripe&lt;/h3&gt..., null, null, USD, , null, null, active, 0, 0, 1, 1, null, null, f, 7760773, greenhouse, https://stripe.com/jobs/search?gh_jid=7760773, null, 2026-09-26 23:39:05.450014+00, f, ["Missing or invalid company name"], 0.8, {"id": 7760773, "title": "Head of Platforms Sales, Australia and..., null, EGP, null, null, 2026-06-28 23:39:05.450012+00, , scraped).

/usr/local/lib/python3.11/site-packages/django/db/models/fields/__init__.py:1595: RuntimeWarning: DateTimeField Job.expires_at received a naive datetime (2026-09-26 23:39:05.452971) while time zone support is active.
  warnings.warn(
Failed to process job: null value in column "experience_level" of relation "jobs_job" violates not-null constraint
DETAIL:  Failing row contains (204, 2026-06-28 23:39:05.45312+00, 2026-06-28 23:39:05.453128+00, e082f439-e7f8-4283-a0bd-cc40d2d5c7d1, Head of Sales - Large Enterprise, Growth, stripe-head-of-sales-large-enterprise-growth-7813129, New York City, NY, , , null, &lt;h2&gt;&lt;strong&gt;Who we are&lt;/strong&gt;&lt;/h2&gt;
&lt..., null, null, USD, , null, null, active, 0, 0, 1, 1, null, null, f, 7813129, greenhouse, https://stripe.com/jobs/search?gh_jid=7813129, null, 2026-09-26 23:39:05.452971+00, f, ["Missing or invalid company name"], 0.8, {"id": 7813129, "title": "Head of Sales - Large Enterprise, Grow..., null, EGP, null, null, 2026-06-28 23:39:05.452968+00, , scraped).

/usr/local/lib/python3.11/site-packages/django/db/models/fields/__init__.py:1595: RuntimeWarning: DateTimeField Job.expires_at received a naive datetime (2026-09-26 23:39:05.456834) while time zone support is active.
  warnings.warn(
Failed to process job: null value in column "experience_level" of relation "jobs_job" violates not-null constraint
DETAIL:  Failing row contains (205, 2026-06-28 23:39:05.456978+00, 2026-06-28 23:39:05.456986+00, 71fb5af5-11f0-47f6-84e0-a0ea12a4ca47, Head of Sales, Stripe Billing - APAC, stripe-head-of-sales-stripe-billing-apac-8029041, Sydney OR Singapore, , , null, &lt;h2&gt;&lt;strong&gt;Who we are&lt;/strong&gt;&lt;/h2&gt;
&lt..., null, null, USD, , null, null, active, 0, 0, 1, 1, null, null, f, 8029041, greenhouse, https://stripe.com/jobs/search?gh_jid=8029041, null, 2026-09-26 23:39:05.456834+00, f, ["Missing or invalid company name"], 0.8, {"id": 8029041, "title": "Head of Sales, Stripe Billing - APAC",..., null, EGP, null, null, 2026-06-28 23:39:05.456831+00, , scraped).

/usr/local/lib/python3.11/site-packages/django/db/models/fields/__init__.py:1595: RuntimeWarning: DateTimeField Job.expires_at received a naive datetime (2026-09-26 23:39:05.460825) while time zone support is active.
  warnings.warn(
Failed to process job: null value in column "experience_level" of relation "jobs_job" violates not-null constraint
DETAIL:  Failing row contains (206, 2026-06-28 23:39:05.460987+00, 2026-06-28 23:39:05.460997+00, dc396fb0-6be9-4fb1-a7f3-a109136ed94f, Head of Startups and Velocity Sales Development, stripe-head-of-startups-and-velocity-sales-development-7337546, Dublin, , , null, &lt;h3&gt;&lt;strong&gt;Who We Are&lt;/strong&gt;&lt;/h3&gt;
&lt..., null, null, USD, , null, null, active, 0, 0, 1, 1, null, null, f, 7337546, greenhouse, https://stripe.com/jobs/search?gh_jid=7337546, null, 2026-09-26 23:39:05.460825+00, f, ["Missing or invalid company name"], 0.8, {"id": 7337546, "title": "Head of Startups and Velocity Sales De..., null, EGP, null, null, 2026-06-28 23:39:05.460821+00, , scraped).

/usr/local/lib/python3.11/site-packages/django/db/models/fields/__init__.py:1595: RuntimeWarning: DateTimeField Job.expires_at received a naive datetime (2026-09-26 23:39:05.464817) while time zone support is active.
  warnings.warn(
Failed to process job: null value in column "experience_level" of relation "jobs_job" violates not-null constraint
DETAIL:  Failing row contains (207, 2026-06-28 23:39:05.464969+00, 2026-06-28 23:39:05.464977+00, 996f8008-696c-44ab-88e3-365a52bad3d5, Head of User Risk Strategy, stripe-head-of-user-risk-strategy-7730667, US, , , null, &lt;h2&gt;&lt;strong&gt;Who we are &lt;/strong&gt;&lt;/h2&gt;
&l..., null, null, USD, , null, null, active, 0, 0, 1, 1, null, null, f, 7730667, greenhouse, https://stripe.com/jobs/search?gh_jid=7730667, null, 2026-09-26 23:39:05.464817+00, f, ["Missing or invalid company name", "Description suspiciously lo..., 0.7000000000000001, {"id": 7730667, "title": "Head of User Risk Strategy", "location..., null, EGP, null, null, 2026-06-28 23:39:05.464813+00, , scraped).

/usr/local/lib/python3.11/site-packages/django/db/models/fields/__init__.py:1595: RuntimeWarning: DateTimeField Job.expires_at received a naive datetime (2026-09-26 23:39:05.469276) while time zone support is active.
  warnings.warn(
Failed to process job: null value in column "experience_level" of relation "jobs_job" violates not-null constraint
DETAIL:  Failing row contains (208, 2026-06-28 23:39:05.469477+00, 2026-06-28 23:39:05.469488+00, 949cd98d-bdb2-4b8d-b62c-44232313f662,  Hong Kong Regulatory Compliance & Money Laundering Reporting Of..., stripe-hong-kong-regulatory-compliance-money-laundering-r-797616..., Hong Kong , Singapore, , , null, &lt;h2&gt;Who we are&lt;/h2&gt;
&lt;h3&gt;About the team&lt;/h3&..., null, null, USD, , null, null, active, 0, 0, 1, 1, null, null, f, 7976163, greenhouse, https://stripe.com/jobs/search?gh_jid=7976163, null, 2026-09-26 23:39:05.469276+00, f, ["Missing or invalid company name"], 0.8, {"id": 7976163, "title": " Hong Kong Regulatory Compliance & Mon..., null, EGP, null, null, 2026-06-28 23:39:05.469271+00, , scraped).

/usr/local/lib/python3.11/site-packages/django/db/models/fields/__init__.py:1595: RuntimeWarning: DateTimeField Job.expires_at received a naive datetime (2026-09-26 23:39:05.472942) while time zone support is active.
  warnings.warn(
Failed to process job: null value in column "experience_level" of relation "jobs_job" violates not-null constraint
DETAIL:  Failing row contains (209, 2026-06-28 23:39:05.473118+00, 2026-06-28 23:39:05.473129+00, 6384acf4-d7bb-4497-8a10-12cf01b4aaf1, Implementation Consultant, stripe-implementation-consultant-7744344, Tokyo, , , null, &lt;h2&gt;Who we are&lt;/h2&gt;
&lt;h3&gt;About Stripe&lt;/h3&gt..., null, null, USD, , null, null, active, 0, 0, 1, 1, null, null, f, 7744344, greenhouse, https://stripe.com/jobs/search?gh_jid=7744344, null, 2026-09-26 23:39:05.472942+00, f, ["Missing or invalid company name"], 0.8, {"id": 7744344, "title": "Implementation Consultant", "location"..., null, EGP, null, null, 2026-06-28 23:39:05.472937+00, , scraped).

/usr/local/lib/python3.11/site-packages/django/db/models/fields/__init__.py:1595: RuntimeWarning: DateTimeField Job.expires_at received a naive datetime (2026-09-26 23:39:05.476703) while time zone support is active.
  warnings.warn(
Failed to process job: null value in column "experience_level" of relation "jobs_job" violates not-null constraint
DETAIL:  Failing row contains (210, 2026-06-28 23:39:05.476856+00, 2026-06-28 23:39:05.476865+00, ed502786-cf54-42f1-8b73-baae77020cd8, Implementation Specialist, GTM Accelerate, stripe-implementation-specialist-gtm-accelerate-7520686, Dublin, , , null, &lt;h2&gt;Who we are&lt;/h2&gt;
&lt;h3&gt;About Stripe&lt;/h3&gt..., null, null, USD, , null, null, active, 0, 0, 1, 1, null, null, f, 7520686, greenhouse, https://stripe.com/jobs/search?gh_jid=7520686, null, 2026-09-26 23:39:05.476703+00, f, ["Missing or invalid company name"], 0.8, {"id": 7520686, "title": "Implementation Specialist, GTM Acceler..., null, EGP, null, null, 2026-06-28 23:39:05.476699+00, , scraped).

/usr/local/lib/python3.11/site-packages/django/db/models/fields/__init__.py:1595: RuntimeWarning: DateTimeField Job.expires_at received a naive datetime (2026-09-26 23:39:05.479667) while time zone support is active.
  warnings.warn(
Failed to process job: null value in column "experience_level" of relation "jobs_job" violates not-null constraint
DETAIL:  Failing row contains (211, 2026-06-28 23:39:05.479805+00, 2026-06-28 23:39:05.479814+00, 97b72354-00b7-4034-a855-c69683805033, Indirect Tax Advisory Consultant, stripe-indirect-tax-advisory-consultant-7589400, Dublin or London, , , null, &lt;p&gt;&lt;strong&gt;Who we are&lt;/strong&gt;&lt;/p&gt;
&lt;p..., null, null, USD, , null, null, active, 0, 0, 1, 1, null, null, f, 7589400, greenhouse, https://stripe.com/jobs/search?gh_jid=7589400, null, 2026-09-26 23:39:05.479667+00, f, ["Missing or invalid company name"], 0.8, {"id": 7589400, "title": "Indirect Tax Advisory Consultant", "lo..., null, EGP, null, null, 2026-06-28 23:39:05.479663+00, , scraped).

/usr/local/lib/python3.11/site-packages/django/db/models/fields/__init__.py:1595: RuntimeWarning: DateTimeField Job.expires_at received a naive datetime (2026-09-26 23:39:05.483231) while time zone support is active.
  warnings.warn(
Failed to process job: null value in column "experience_level" of relation "jobs_job" violates not-null constraint
DETAIL:  Failing row contains (212, 2026-06-28 23:39:05.48339+00, 2026-06-28 23:39:05.4834+00, 29402e9e-abab-4a86-b503-3b0c66a865a7, Indirect Tax (VAT/GST) Advisory Consultant, stripe-indirect-tax-vatgst-advisory-consultant-7950653, NYC, SF, SEA, US Remote, , , null, &lt;h2&gt;Who we are&lt;/h2&gt;
&lt;h3&gt;About Stripe&lt;/h3&gt..., null, null, USD, , null, null, active, 0, 0, 1, 1, null, null, f, 7950653, greenhouse, https://stripe.com/jobs/search?gh_jid=7950653, null, 2026-09-26 23:39:05.483231+00, f, ["Missing or invalid company name"], 0.8, {"id": 7950653, "title": "Indirect Tax (VAT/GST) Advisory Consul..., null, EGP, null, null, 2026-06-28 23:39:05.483227+00, , scraped).

/usr/local/lib/python3.11/site-packages/django/db/models/fields/__init__.py:1595: RuntimeWarning: DateTimeField Job.expires_at received a naive datetime (2026-09-26 23:39:05.486717) while time zone support is active.
  warnings.warn(
Failed to process job: null value in column "experience_level" of relation "jobs_job" violates not-null constraint
DETAIL:  Failing row contains (213, 2026-06-28 23:39:05.486885+00, 2026-06-28 23:39:05.486895+00, 9fcbb341-0cda-4b99-9c3d-1c64d8967cf6, Infrastructure Engineer, Privy, stripe-infrastructure-engineer-privy-7462961, New York, , , null, &lt;h2 id=&quot;who-we-are&quot;&gt;Who we are&lt;/h2&gt;
&lt;h3..., null, null, USD, , null, null, active, 0, 0, 1, 1, null, null, f, 7462961, greenhouse, https://stripe.com/jobs/search?gh_jid=7462961, null, 2026-09-26 23:39:05.486717+00, f, ["Missing or invalid company name"], 0.8, {"id": 7462961, "title": "Infrastructure Engineer, Privy", "loca..., null, EGP, null, null, 2026-06-28 23:39:05.486712+00, , scraped).

/usr/local/lib/python3.11/site-packages/django/db/models/fields/__init__.py:1595: RuntimeWarning: DateTimeField Job.expires_at received a naive datetime (2026-09-26 23:39:05.491001) while time zone support is active.
  warnings.warn(
Failed to process job: null value in column "experience_level" of relation "jobs_job" violates not-null constraint
DETAIL:  Failing row contains (214, 2026-06-28 23:39:05.491162+00, 2026-06-28 23:39:05.491172+00, dfa1ae55-0b0c-4e10-b8f3-c81979fb4f7d, Integrated Campaigns Manager, Startups and AI, stripe-integrated-campaigns-manager-startups-and-ai-7587812, San Francisco, New York, Seattle, Chicago, Remote in the US, , , null, &lt;h2&gt;Who we are&lt;/h2&gt;
&lt;h3&gt;About Stripe&lt;/h3&gt..., null, null, USD, , null, null, active, 0, 0, 1, 1, null, null, f, 7587812, greenhouse, https://stripe.com/jobs/search?gh_jid=7587812, null, 2026-09-26 23:39:05.491001+00, f, ["Missing or invalid company name"], 0.8, {"id": 7587812, "title": "Integrated Campaigns Manager, Startups..., null, EGP, null, null, 2026-06-28 23:39:05.490996+00, , scraped).

/usr/local/lib/python3.11/site-packages/django/db/models/fields/__init__.py:1595: RuntimeWarning: DateTimeField Job.expires_at received a naive datetime (2026-09-26 23:39:05.494395) while time zone support is active.
  warnings.warn(
Failed to process job: null value in column "experience_level" of relation "jobs_job" violates not-null constraint
DETAIL:  Failing row contains (215, 2026-06-28 23:39:05.494589+00, 2026-06-28 23:39:05.494601+00, ff12908d-35c2-4aa7-8331-26047d381958, Integrated Campaigns Manager, Treasury, stripe-integrated-campaigns-manager-treasury-7978019, Remote in the US, , , null, &lt;h2&gt;Who we are&lt;/h2&gt;
&lt;h3&gt;About Stripe&lt;/h3&gt..., null, null, USD, , null, null, active, 0, 0, 1, 1, null, null, f, 7978019, greenhouse, https://stripe.com/jobs/search?gh_jid=7978019, null, 2026-09-26 23:39:05.494395+00, f, ["Missing or invalid company name"], 0.8, {"id": 7978019, "title": "Integrated Campaigns Manager, Treasury..., null, EGP, null, null, 2026-06-28 23:39:05.494391+00, , scraped).

/usr/local/lib/python3.11/site-packages/django/db/models/fields/__init__.py:1595: RuntimeWarning: DateTimeField Job.expires_at received a naive datetime (2026-09-26 23:39:05.497825) while time zone support is active.
  warnings.warn(
Failed to process job: null value in column "experience_level" of relation "jobs_job" violates not-null constraint
DETAIL:  Failing row contains (216, 2026-06-28 23:39:05.497961+00, 2026-06-28 23:39:05.497968+00, 52587af4-e250-4258-b45b-ff33514a6d49, Integration Engineer (Chicago) , stripe-integration-engineer-chicago-7819426, Chicago, , , null, &lt;h2&gt;&lt;strong&gt;Who we are&lt;/strong&gt;&lt;/h2&gt;
&lt..., null, null, USD, , null, null, active, 0, 0, 1, 1, null, null, f, 7819426, greenhouse, https://stripe.com/jobs/search?gh_jid=7819426, null, 2026-09-26 23:39:05.497825+00, f, ["Missing or invalid company name"], 0.8, {"id": 7819426, "title": "Integration Engineer (Chicago) ", "loc..., null, EGP, null, null, 2026-06-28 23:39:05.497821+00, , scraped).

/usr/local/lib/python3.11/site-packages/django/db/models/fields/__init__.py:1595: RuntimeWarning: DateTimeField Job.expires_at received a naive datetime (2026-09-26 23:39:05.501931) while time zone support is active.
  warnings.warn(
Failed to process job: null value in column "experience_level" of relation "jobs_job" violates not-null constraint
DETAIL:  Failing row contains (217, 2026-06-28 23:39:05.502115+00, 2026-06-28 23:39:05.502125+00, 71804681-26fe-4083-917c-a0abbcdfd01c, Integration Engineer (Client facing), Professional Services, stripe-integration-engineer-client-facing-professional-se-802313..., Stockholm, , , null, &lt;h2&gt;Who we are&lt;/h2&gt;
&lt;h3&gt;About Stripe&lt;/h3&gt..., null, null, USD, , null, null, active, 0, 0, 1, 1, null, null, f, 8023136, greenhouse, https://stripe.com/jobs/search?gh_jid=8023136, null, 2026-09-26 23:39:05.501931+00, f, ["Missing or invalid company name"], 0.8, {"id": 8023136, "title": "Integration Engineer (Client facing), ..., null, EGP, null, null, 2026-06-28 23:39:05.501927+00, , scraped).

/usr/local/lib/python3.11/site-packages/django/db/models/fields/__init__.py:1595: RuntimeWarning: DateTimeField Job.expires_at received a naive datetime (2026-09-26 23:39:05.506096) while time zone support is active.
  warnings.warn(
Failed to process job: null value in column "experience_level" of relation "jobs_job" violates not-null constraint
DETAIL:  Failing row contains (218, 2026-06-28 23:39:05.506242+00, 2026-06-28 23:39:05.506251+00, 1d848f79-f04d-475a-b564-bf19539d9ec2, Integration Engineer (Client facing), Professional Services, stripe-integration-engineer-client-facing-professional-se-802313..., Amsterdam, , , null, &lt;h2&gt;Who we are&lt;/h2&gt;
&lt;h3&gt;About Stripe&lt;/h3&gt..., null, null, USD, , null, null, active, 0, 0, 1, 1, null, null, f, 8023134, greenhouse, https://stripe.com/jobs/search?gh_jid=8023134, null, 2026-09-26 23:39:05.506096+00, f, ["Missing or invalid company name"], 0.8, {"id": 8023134, "title": "Integration Engineer (Client facing), ..., null, EGP, null, null, 2026-06-28 23:39:05.506093+00, , scraped).

/usr/local/lib/python3.11/site-packages/django/db/models/fields/__init__.py:1595: RuntimeWarning: DateTimeField Job.expires_at received a naive datetime (2026-09-26 23:39:05.509500) while time zone support is active.
  warnings.warn(
Failed to process job: null value in column "experience_level" of relation "jobs_job" violates not-null constraint
DETAIL:  Failing row contains (219, 2026-06-28 23:39:05.50965+00, 2026-06-28 23:39:05.509659+00, 1fa513cd-093a-49af-930a-7fe50c34936a, Integration Engineer (Client facing), Professional Services , stripe-integration-engineer-client-facing-professional-se-789652..., Dublin, , , null, &lt;h2&gt;Who we are&lt;/h2&gt;
&lt;h3&gt;About Stripe&lt;/h3&gt..., null, null, USD, , null, null, active, 0, 0, 1, 1, null, null, f, 7896525, greenhouse, https://stripe.com/jobs/search?gh_jid=7896525, null, 2026-09-26 23:39:05.5095+00, f, ["Missing or invalid company name"], 0.8, {"id": 7896525, "title": "Integration Engineer (Client facing), ..., null, EGP, null, null, 2026-06-28 23:39:05.509496+00, , scraped).

/usr/local/lib/python3.11/site-packages/django/db/models/fields/__init__.py:1595: RuntimeWarning: DateTimeField Job.expires_at received a naive datetime (2026-09-26 23:39:05.512464) while time zone support is active.
  warnings.warn(
Failed to process job: null value in column "experience_level" of relation "jobs_job" violates not-null constraint
DETAIL:  Failing row contains (220, 2026-06-28 23:39:05.512604+00, 2026-06-28 23:39:05.512611+00, 0fbf6753-bc83-46b1-b376-3d0623c5a21e, Integration Engineer (Global) , stripe-integration-engineer-global-7896519, Toronto, , , null, &lt;h2&gt;&lt;strong&gt;Who we are&lt;/strong&gt;&lt;/h2&gt;
&lt..., null, null, USD, , null, null, active, 0, 0, 1, 1, null, null, f, 7896519, greenhouse, https://stripe.com/jobs/search?gh_jid=7896519, null, 2026-09-26 23:39:05.512464+00, f, ["Missing or invalid company name"], 0.8, {"id": 7896519, "title": "Integration Engineer (Global) ", "loca..., null, EGP, null, null, 2026-06-28 23:39:05.512461+00, , scraped).

/usr/local/lib/python3.11/site-packages/django/db/models/fields/__init__.py:1595: RuntimeWarning: DateTimeField Job.expires_at received a naive datetime (2026-09-26 23:39:05.516556) while time zone support is active.
  warnings.warn(
Failed to process job: null value in column "experience_level" of relation "jobs_job" violates not-null constraint
DETAIL:  Failing row contains (221, 2026-06-28 23:39:05.516743+00, 2026-06-28 23:39:05.516753+00, d6fcdf1b-d3e5-4372-86e8-91075dae5904, Integration Engineer, Professional Services (French fluency), stripe-integration-engineer-professional-services-french--799274..., Paris, , , null, &lt;h2&gt;Who we are&lt;/h2&gt;
&lt;h3&gt;About Stripe&lt;/h3&gt..., null, null, USD, , null, null, active, 0, 0, 1, 1, null, null, f, 7992740, greenhouse, https://stripe.com/jobs/search?gh_jid=7992740, null, 2026-09-26 23:39:05.516556+00, f, ["Missing or invalid company name"], 0.8, {"id": 7992740, "title": "Integration Engineer, Professional Ser..., null, EGP, null, null, 2026-06-28 23:39:05.516551+00, , scraped).

/usr/local/lib/python3.11/site-packages/django/db/models/fields/__init__.py:1595: RuntimeWarning: DateTimeField Job.expires_at received a naive datetime (2026-09-26 23:39:05.520264) while time zone support is active.
  warnings.warn(
Failed to process job: null value in column "experience_level" of relation "jobs_job" violates not-null constraint
DETAIL:  Failing row contains (222, 2026-06-28 23:39:05.52046+00, 2026-06-28 23:39:05.520469+00, c44cb173-e8d8-4f21-8565-f061942b8c50, Integration Engineer, Professional Services (Spanish fluency), stripe-integration-engineer-professional-services-spanish-800035..., Spain, , , null, &lt;h2&gt;&lt;strong&gt;Who we are&lt;/strong&gt;&lt;/h2&gt;
&lt..., null, null, USD, , null, null, active, 0, 0, 1, 1, null, null, f, 8000359, greenhouse, https://stripe.com/jobs/search?gh_jid=8000359, null, 2026-09-26 23:39:05.520264+00, f, ["Missing or invalid company name"], 0.8, {"id": 8000359, "title": "Integration Engineer, Professional Ser..., null, EGP, null, null, 2026-06-28 23:39:05.52026+00, , scraped).

/usr/local/lib/python3.11/site-packages/django/db/models/fields/__init__.py:1595: RuntimeWarning: DateTimeField Job.expires_at received a naive datetime (2026-09-26 23:39:05.524621) while time zone support is active.
  warnings.warn(
Failed to process job: null value in column "experience_level" of relation "jobs_job" violates not-null constraint
DETAIL:  Failing row contains (223, 2026-06-28 23:39:05.524845+00, 2026-06-28 23:39:05.524856+00, 73cbb4f8-1c75-453b-a4dd-df4a985e4a0b, Integration Reliability Engineer, Technical Operations, stripe-integration-reliability-engineer-technical-operati-798842..., Singapore, , , null, &lt;h2&gt;&lt;strong&gt;About Stripe&lt;/strong&gt;&lt;/h2&gt;
&..., null, null, USD, , null, null, active, 0, 0, 1, 1, null, null, f, 7988429, greenhouse, https://stripe.com/jobs/search?gh_jid=7988429, null, 2026-09-26 23:39:05.524621+00, f, ["Missing or invalid company name"], 0.8, {"id": 7988429, "title": "Integration Reliability Engineer, Tech..., null, EGP, null, null, 2026-06-28 23:39:05.524616+00, , scraped).

/usr/local/lib/python3.11/site-packages/django/db/models/fields/__init__.py:1595: RuntimeWarning: DateTimeField Job.expires_at received a naive datetime (2026-09-26 23:39:05.531956) while time zone support is active.
  warnings.warn(
Failed to process job: null value in column "experience_level" of relation "jobs_job" violates not-null constraint
DETAIL:  Failing row contains (224, 2026-06-28 23:39:05.532162+00, 2026-06-28 23:39:05.532173+00, 63c0ce54-3f1d-4d3b-9e11-c474ec1b0692, Internal Audit Data Analytics Lead, stripe-internal-audit-data-analytics-lead-8026689, Toronto, New York, San Francisco, , , null, &lt;div class=&quot;ace-line gutter-author-p-118095 emptyGutter&..., null, null, USD, , null, null, active, 0, 0, 1, 1, null, null, f, 8026689, greenhouse, https://stripe.com/jobs/search?gh_jid=8026689, null, 2026-09-26 23:39:05.531956+00, f, ["Missing or invalid company name"], 0.8, {"id": 8026689, "title": "Internal Audit Data Analytics Lead", "..., null, EGP, null, null, 2026-06-28 23:39:05.531951+00, , scraped).

/usr/local/lib/python3.11/site-packages/django/db/models/fields/__init__.py:1595: RuntimeWarning: DateTimeField Job.expires_at received a naive datetime (2026-09-26 23:39:05.537165) while time zone support is active.
  warnings.warn(
Failed to process job: null value in column "experience_level" of relation "jobs_job" violates not-null constraint
DETAIL:  Failing row contains (225, 2026-06-28 23:39:05.537361+00, 2026-06-28 23:39:05.537371+00, 8ce2a1e8-dc1b-453f-bcb7-118a10733f70, Internal Audit Lead, Merchant Acquirer Limited Purpose Bank (MAL..., stripe-internal-audit-lead-merchant-acquirer-limited-purp-756960..., Atlanta; New York, , , null, &lt;h2&gt;Who we are&lt;/h2&gt;
&lt;h3&gt;About Stripe&lt;/h3&gt..., null, null, USD, , null, null, active, 0, 0, 1, 1, null, null, f, 7569605, greenhouse, https://stripe.com/jobs/search?gh_jid=7569605, null, 2026-09-26 23:39:05.537165+00, f, ["Missing or invalid company name"], 0.8, {"id": 7569605, "title": "Internal Audit Lead, Merchant Acquirer..., null, EGP, null, null, 2026-06-28 23:39:05.53716+00, , scraped).

/usr/local/lib/python3.11/site-packages/django/db/models/fields/__init__.py:1595: RuntimeWarning: DateTimeField Job.expires_at received a naive datetime (2026-09-26 23:39:05.541428) while time zone support is active.
  warnings.warn(
Failed to process job: null value in column "experience_level" of relation "jobs_job" violates not-null constraint
DETAIL:  Failing row contains (226, 2026-06-28 23:39:05.541597+00, 2026-06-28 23:39:05.541608+00, 2dd6b9aa-5f18-41b9-a797-fcf7ba3f6ce9, Internal Audit Lead, Stablecoins & Digital Assets, stripe-internal-audit-lead-stablecoins-digital-assets-7997826, San Francisco, Seattle, New York City, , , null, &lt;h2&gt;Who we are&lt;/h2&gt;
&lt;h3&gt;About Stripe&lt;/h3&gt..., null, null, USD, , null, null, active, 0, 0, 1, 1, null, null, f, 7997826, greenhouse, https://stripe.com/jobs/search?gh_jid=7997826, null, 2026-09-26 23:39:05.541428+00, f, ["Missing or invalid company name"], 0.8, {"id": 7997826, "title": "Internal Audit Lead, Stablecoins & Dig..., null, EGP, null, null, 2026-06-28 23:39:05.541425+00, , scraped).

/usr/local/lib/python3.11/site-packages/django/db/models/fields/__init__.py:1595: RuntimeWarning: DateTimeField Job.expires_at received a naive datetime (2026-09-26 23:39:05.546985) while time zone support is active.
  warnings.warn(
Failed to process job: null value in column "experience_level" of relation "jobs_job" violates not-null constraint
DETAIL:  Failing row contains (227, 2026-06-28 23:39:05.547177+00, 2026-06-28 23:39:05.547188+00, 45538c9f-29d8-465d-9726-87665d6e9e66, Internal Audit Lead - Treasury, Finance & Operations, stripe-internal-audit-lead-treasury-finance-operations-7678541, Dublin OR London, , , null, &lt;p&gt;&lt;strong&gt;Who we are&lt;/strong&gt;&lt;/p&gt;
&lt;p..., null, null, USD, , null, null, active, 0, 0, 1, 1, null, null, f, 7678541, greenhouse, https://stripe.com/jobs/search?gh_jid=7678541, null, 2026-09-26 23:39:05.546985+00, f, ["Missing or invalid company name"], 0.8, {"id": 7678541, "title": "Internal Audit Lead - Treasury, Financ..., null, EGP, null, null, 2026-06-28 23:39:05.546979+00, , scraped).

/usr/local/lib/python3.11/site-packages/django/db/models/fields/__init__.py:1595: RuntimeWarning: DateTimeField Job.expires_at received a naive datetime (2026-09-26 23:39:05.552019) while time zone support is active.
  warnings.warn(
Failed to process job: null value in column "experience_level" of relation "jobs_job" violates not-null constraint
DETAIL:  Failing row contains (228, 2026-06-28 23:39:05.552204+00, 2026-06-28 23:39:05.552215+00, 826bfc50-2d67-474b-bf2d-c6fce659fed6, Internal Product Engineer, Developer Productivity AI , stripe-internal-product-engineer-developer-productivity-a-789615..., Toronto, Canada, , , null, &lt;p&gt;&lt;strong&gt;About Stripe&lt;/strong&gt;&lt;/p&gt;
&lt..., null, null, USD, , null, null, active, 0, 0, 1, 1, null, null, f, 7896151, greenhouse, https://stripe.com/jobs/search?gh_jid=7896151, null, 2026-09-26 23:39:05.552019+00, f, ["Missing or invalid company name"], 0.8, {"id": 7896151, "title": "Internal Product Engineer, Developer P..., null, EGP, null, null, 2026-06-28 23:39:05.552015+00, , scraped).

/usr/local/lib/python3.11/site-packages/django/db/models/fields/__init__.py:1595: RuntimeWarning: DateTimeField Job.expires_at received a naive datetime (2026-09-26 23:39:05.556201) while time zone support is active.
  warnings.warn(
Failed to process job: null value in column "experience_level" of relation "jobs_job" violates not-null constraint
DETAIL:  Failing row contains (229, 2026-06-28 23:39:05.556401+00, 2026-06-28 23:39:05.556413+00, a16d5dd8-b484-4b89-9263-6ca6dda31950, International Accounting Lead, stripe-international-accounting-lead-7838593, Dublin, , , null, &lt;p&gt;&lt;strong&gt;Who we are&lt;/strong&gt;&lt;/p&gt;
&lt;p..., null, null, USD, , null, null, active, 0, 0, 1, 1, null, null, f, 7838593, greenhouse, https://stripe.com/jobs/search?gh_jid=7838593, null, 2026-09-26 23:39:05.556201+00, f, ["Missing or invalid company name"], 0.8, {"id": 7838593, "title": "International Accounting Lead", "locat..., null, EGP, null, null, 2026-06-28 23:39:05.556196+00, , scraped).

/usr/local/lib/python3.11/site-packages/django/db/models/fields/__init__.py:1595: RuntimeWarning: DateTimeField Job.expires_at received a naive datetime (2026-09-26 23:39:05.561308) while time zone support is active.
  warnings.warn(
Failed to process job: null value in column "experience_level" of relation "jobs_job" violates not-null constraint
DETAIL:  Failing row contains (230, 2026-06-28 23:39:05.561509+00, 2026-06-28 23:39:05.561519+00, a5288295-ff91-4d8d-ade6-5e4014cffca5, International Regulatory Exam Lead, stripe-international-regulatory-exam-lead-7942650, London, Dublin, , , null, &lt;h2&gt;&lt;strong&gt;Who we are &lt;/strong&gt;&lt;/h2&gt;
&l..., null, null, USD, , null, null, active, 0, 0, 1, 1, null, null, f, 7942650, greenhouse, https://stripe.com/jobs/search?gh_jid=7942650, null, 2026-09-26 23:39:05.561308+00, f, ["Missing or invalid company name"], 0.8, {"id": 7942650, "title": "International Regulatory Exam Lead", "..., null, EGP, null, null, 2026-06-28 23:39:05.561303+00, , scraped).

/usr/local/lib/python3.11/site-packages/django/db/models/fields/__init__.py:1595: RuntimeWarning: DateTimeField Job.expires_at received a naive datetime (2026-09-26 23:39:05.566094) while time zone support is active.
  warnings.warn(
Failed to process job: null value in column "experience_level" of relation "jobs_job" violates not-null constraint
DETAIL:  Failing row contains (231, 2026-06-28 23:39:05.566287+00, 2026-06-28 23:39:05.566298+00, e8563fcd-0797-472b-86ea-cd83b8d542c2, International Reporting Tax Advisory Consultant, stripe-international-reporting-tax-advisory-consultant-7931101, Dublin, , , null, &lt;h2&gt;&lt;strong&gt;Who we are&lt;/strong&gt;&lt;/h2&gt;
&lt..., null, null, USD, , null, null, active, 0, 0, 1, 1, null, null, f, 7931101, greenhouse, https://stripe.com/jobs/search?gh_jid=7931101, null, 2026-09-26 23:39:05.566094+00, f, ["Missing or invalid company name"], 0.8, {"id": 7931101, "title": "International Reporting Tax Advisory C..., null, EGP, null, null, 2026-06-28 23:39:05.566089+00, , scraped).

/usr/local/lib/python3.11/site-packages/django/db/models/fields/__init__.py:1595: RuntimeWarning: DateTimeField Job.expires_at received a naive datetime (2026-09-26 23:39:05.569923) while time zone support is active.
  warnings.warn(
Failed to process job: null value in column "experience_level" of relation "jobs_job" violates not-null constraint
DETAIL:  Failing row contains (232, 2026-06-28 23:39:05.570077+00, 2026-06-28 23:39:05.570087+00, 874467d4-ac23-4cbb-b167-fb831a7483a6, IT Governance, Risk & Compliance (GRC) Specialist, Luxembourg, stripe-it-governance-risk-compliance-grc-specialist-luxem-758725..., Luxembourg, , , null, &lt;h2&gt;Who we are&lt;/h2&gt;
&lt;h3&gt;About Stripe&lt;/h3&gt..., null, null, USD, , null, null, active, 0, 0, 1, 1, null, null, f, 7587254, greenhouse, https://stripe.com/jobs/search?gh_jid=7587254, null, 2026-09-26 23:39:05.569923+00, f, ["Missing or invalid company name"], 0.8, {"id": 7587254, "title": "IT Governance, Risk & Compliance (GRC)..., null, EGP, null, null, 2026-06-28 23:39:05.569918+00, , scraped).

/usr/local/lib/python3.11/site-packages/django/db/models/fields/__init__.py:1595: RuntimeWarning: DateTimeField Job.expires_at received a naive datetime (2026-09-26 23:39:05.573864) while time zone support is active.
  warnings.warn(
Failed to process job: null value in column "experience_level" of relation "jobs_job" violates not-null constraint
DETAIL:  Failing row contains (233, 2026-06-28 23:39:05.574026+00, 2026-06-28 23:39:05.574035+00, 81946f28-9b34-4399-a0b1-5ea27d2fe9b8, Japan Regulatory Compliance & Money Laundering Reporting Officer..., stripe-japan-regulatory-compliance-money-laundering-repor-775755..., Tokyo , Japan, , , null, &lt;h2&gt;Who we are&lt;/h2&gt;
&lt;h3&gt;About Stripe&lt;/h3&gt..., null, null, USD, , null, null, active, 0, 0, 1, 1, null, null, f, 7757552, greenhouse, https://stripe.com/jobs/search?gh_jid=7757552, null, 2026-09-26 23:39:05.573864+00, f, ["Missing or invalid company name"], 0.8, {"id": 7757552, "title": "Japan Regulatory Compliance & Money La..., null, EGP, null, null, 2026-06-28 23:39:05.57386+00, , scraped).

/usr/local/lib/python3.11/site-packages/django/db/models/fields/__init__.py:1595: RuntimeWarning: DateTimeField Job.expires_at received a naive datetime (2026-09-26 23:39:05.577912) while time zone support is active.
  warnings.warn(
Failed to process job: null value in column "experience_level" of relation "jobs_job" violates not-null constraint
DETAIL:  Failing row contains (234, 2026-06-28 23:39:05.578092+00, 2026-06-28 23:39:05.578102+00, 10e1ab8d-1451-48fa-aa8f-e2628cb795d4, KYB/KYC Operations Associate, Bridge (CDMX), stripe-kybkyc-operations-associate-bridge-cdmx-8022463, Mexico City, , , null, &lt;h2&gt;Who we are&lt;/h2&gt;
&lt;h3&gt;About Stripe&lt;/h3&gt..., null, null, USD, , null, null, active, 0, 0, 1, 1, null, null, f, 8022463, greenhouse, https://stripe.com/jobs/search?gh_jid=8022463, null, 2026-09-26 23:39:05.577912+00, f, ["Missing or invalid company name"], 0.8, {"id": 8022463, "title": "KYB/KYC Operations Associate, Bridge (..., null, EGP, null, null, 2026-06-28 23:39:05.577908+00, , scraped).

/usr/local/lib/python3.11/site-packages/django/db/models/fields/__init__.py:1595: RuntimeWarning: DateTimeField Job.expires_at received a naive datetime (2026-09-26 23:39:05.581685) while time zone support is active.
  warnings.warn(
Failed to process job: null value in column "experience_level" of relation "jobs_job" violates not-null constraint
DETAIL:  Failing row contains (235, 2026-06-28 23:39:05.581837+00, 2026-06-28 23:39:05.581846+00, 27878e09-c8cd-4c84-9b92-9dac9fda7470, Legal Entity Controller, stripe-legal-entity-controller-6209187, Bangalore, , , null, &lt;h2&gt;&lt;strong&gt;Legal Entity Controller (Bangalore)&lt;/..., null, null, USD, , null, null, active, 0, 0, 1, 1, null, null, f, 6209187, greenhouse, https://stripe.com/jobs/search?gh_jid=6209187, null, 2026-09-26 23:39:05.581685+00, f, ["Missing or invalid company name"], 0.8, {"id": 6209187, "title": "Legal Entity Controller", "location": ..., null, EGP, null, null, 2026-06-28 23:39:05.581681+00, , scraped).

/usr/local/lib/python3.11/site-packages/django/db/models/fields/__init__.py:1595: RuntimeWarning: DateTimeField Job.expires_at received a naive datetime (2026-09-26 23:39:05.585473) while time zone support is active.
  warnings.warn(
Failed to process job: null value in column "experience_level" of relation "jobs_job" violates not-null constraint
DETAIL:  Failing row contains (236, 2026-06-28 23:39:05.585648+00, 2026-06-28 23:39:05.585658+00, 372f4921-07c4-408e-97f5-3aa2a0c47228, Machine Learning Engineer, Capital Underwriting, stripe-machine-learning-engineer-capital-underwriting-7952048, US, , , null, &lt;h2&gt;&lt;strong&gt;Who we are&lt;/strong&gt;&lt;/h2&gt;
&lt..., null, null, USD, , null, null, active, 0, 0, 1, 1, null, null, f, 7952048, greenhouse, https://stripe.com/jobs/search?gh_jid=7952048, null, 2026-09-26 23:39:05.585473+00, f, ["Missing or invalid company name"], 0.8, {"id": 7952048, "title": "Machine Learning Engineer, Capital Und..., null, EGP, null, null, 2026-06-28 23:39:05.585469+00, , scraped).

/usr/local/lib/python3.11/site-packages/django/db/models/fields/__init__.py:1595: RuntimeWarning: DateTimeField Job.expires_at received a naive datetime (2026-09-26 23:39:05.589343) while time zone support is active.
  warnings.warn(
Failed to process job: null value in column "experience_level" of relation "jobs_job" violates not-null constraint
DETAIL:  Failing row contains (237, 2026-06-28 23:39:05.589557+00, 2026-06-28 23:39:05.589568+00, 68d63682-9fa4-4f9e-b244-7523310c3ed8, Machine Learning Engineer, Payment Intelligence, stripe-machine-learning-engineer-payment-intelligence-7983456, Seattle, , , null, &lt;h3&gt;&lt;strong&gt;About Stripe&lt;/strong&gt;&lt;/h3&gt;
&..., null, null, USD, , null, null, active, 0, 0, 1, 1, null, null, f, 7983456, greenhouse, https://stripe.com/jobs/search?gh_jid=7983456, null, 2026-09-26 23:39:05.589343+00, f, ["Missing or invalid company name"], 0.8, {"id": 7983456, "title": "Machine Learning Engineer, Payment Int..., null, EGP, null, null, 2026-06-28 23:39:05.58934+00, , scraped).

/usr/local/lib/python3.11/site-packages/django/db/models/fields/__init__.py:1595: RuntimeWarning: DateTimeField Job.expires_at received a naive datetime (2026-09-26 23:39:05.593737) while time zone support is active.
  warnings.warn(
Failed to process job: null value in column "experience_level" of relation "jobs_job" violates not-null constraint
DETAIL:  Failing row contains (238, 2026-06-28 23:39:05.59392+00, 2026-06-28 23:39:05.593929+00, 4fc259ba-5bb9-449f-a28e-8c30fdb2cb61, Major Financial Crimes & Insider Risk Investigator, stripe-major-financial-crimes-insider-risk-investigator-7964854, Dublin, London, , , null, &lt;h2&gt;&lt;strong&gt;Who we are&lt;/strong&gt;&lt;/h2&gt;
&lt..., null, null, USD, , null, null, active, 0, 0, 1, 1, null, null, f, 7964854, greenhouse, https://stripe.com/jobs/search?gh_jid=7964854, null, 2026-09-26 23:39:05.593737+00, f, ["Missing or invalid company name"], 0.8, {"id": 7964854, "title": "Major Financial Crimes & Insider Risk ..., null, EGP, null, null, 2026-06-28 23:39:05.593733+00, , scraped).

/usr/local/lib/python3.11/site-packages/django/db/models/fields/__init__.py:1595: RuntimeWarning: DateTimeField Job.expires_at received a naive datetime (2026-09-26 23:39:05.597410) while time zone support is active.
  warnings.warn(
Failed to process job: null value in column "experience_level" of relation "jobs_job" violates not-null constraint
DETAIL:  Failing row contains (239, 2026-06-28 23:39:05.597558+00, 2026-06-28 23:39:05.597567+00, 4feea220-1a00-4b54-a938-4e86aaf38795, Manager, Customer Success, stripe-manager-customer-success-7955351, Atlanta, GA or Chicago, IL, , , null, &lt;h2&gt;&lt;strong&gt;Who we are&lt;/strong&gt;&lt;/h2&gt;
&lt..., null, null, USD, , null, null, active, 0, 0, 1, 1, null, null, f, 7955351, greenhouse, https://stripe.com/jobs/search?gh_jid=7955351, null, 2026-09-26 23:39:05.59741+00, f, ["Missing or invalid company name"], 0.8, {"id": 7955351, "title": "Manager, Customer Success", "location"..., null, EGP, null, null, 2026-06-28 23:39:05.597406+00, , scraped).

/usr/local/lib/python3.11/site-packages/django/db/models/fields/__init__.py:1595: RuntimeWarning: DateTimeField Job.expires_at received a naive datetime (2026-09-26 23:39:05.601636) while time zone support is active.
  warnings.warn(
Failed to process job: null value in column "experience_level" of relation "jobs_job" violates not-null constraint
DETAIL:  Failing row contains (240, 2026-06-28 23:39:05.601793+00, 2026-06-28 23:39:05.601803+00, 215314cf-7e74-4a34-b976-0bbbdc4257a4, Manager, Global Sanctions, stripe-manager-global-sanctions-8014898, United States, , , null, &lt;h2&gt;&lt;strong&gt;Who we are &lt;/strong&gt;&lt;/h2&gt;
&l..., null, null, USD, , null, null, active, 0, 0, 1, 1, null, null, f, 8014898, greenhouse, https://stripe.com/jobs/search?gh_jid=8014898, null, 2026-09-26 23:39:05.601636+00, f, ["Missing or invalid company name"], 0.8, {"id": 8014898, "title": "Manager, Global Sanctions", "location"..., null, EGP, null, null, 2026-06-28 23:39:05.601632+00, , scraped).

/usr/local/lib/python3.11/site-packages/django/db/models/fields/__init__.py:1595: RuntimeWarning: DateTimeField Job.expires_at received a naive datetime (2026-09-26 23:39:05.605045) while time zone support is active.
  warnings.warn(
Failed to process job: null value in column "experience_level" of relation "jobs_job" violates not-null constraint
DETAIL:  Failing row contains (241, 2026-06-28 23:39:05.605222+00, 2026-06-28 23:39:05.605232+00, 420f0571-99c0-4a40-a2fe-bfe211a75d8a, Manager, Global Sanctions , stripe-manager-global-sanctions-7896802, Ireland, , , null, &lt;h2&gt;&lt;strong&gt;Who we are &lt;/strong&gt;&lt;/h2&gt;
&l..., null, null, USD, , null, null, active, 0, 0, 1, 1, null, null, f, 7896802, greenhouse, https://stripe.com/jobs/search?gh_jid=7896802, null, 2026-09-26 23:39:05.605045+00, f, ["Missing or invalid company name"], 0.8, {"id": 7896802, "title": "Manager, Global Sanctions ", "location..., null, EGP, null, null, 2026-06-28 23:39:05.605041+00, , scraped).

/usr/local/lib/python3.11/site-packages/django/db/models/fields/__init__.py:1595: RuntimeWarning: DateTimeField Job.expires_at received a naive datetime (2026-09-26 23:39:05.609533) while time zone support is active.
  warnings.warn(
Failed to process job: null value in column "experience_level" of relation "jobs_job" violates not-null constraint
DETAIL:  Failing row contains (242, 2026-06-28 23:39:05.609693+00, 2026-06-28 23:39:05.609702+00, 981f4405-4a71-422a-a5aa-c605c8991d2b, Manager - Legal Entity Controller, stripe-manager-legal-entity-controller-7703750, Bengaluru, , , null, &lt;p&gt;&lt;strong&gt;Who we are&lt;/strong&gt;&lt;/p&gt;
&lt;p..., null, null, USD, , null, null, active, 0, 0, 1, 1, null, null, f, 7703750, greenhouse, https://stripe.com/jobs/search?gh_jid=7703750, null, 2026-09-26 23:39:05.609533+00, f, ["Missing or invalid company name"], 0.8, {"id": 7703750, "title": "Manager - Legal Entity Controller", "l..., null, EGP, null, null, 2026-06-28 23:39:05.609528+00, , scraped).

/usr/local/lib/python3.11/site-packages/django/db/models/fields/__init__.py:1595: RuntimeWarning: DateTimeField Job.expires_at received a naive datetime (2026-09-26 23:39:05.612910) while time zone support is active.
  warnings.warn(
Failed to process job: null value in column "experience_level" of relation "jobs_job" violates not-null constraint
DETAIL:  Failing row contains (243, 2026-06-28 23:39:05.613089+00, 2026-06-28 23:39:05.6131+00, d7d010f3-d62a-4d08-893e-4b31dc468c20, Manager, Product Support Specialist, stripe-manager-product-support-specialist-7962089, Singapore, , , null, &lt;h2&gt;Who we are&lt;/h2&gt;
&lt;h3&gt;About Stripe&lt;/h3&gt..., null, null, USD, , null, null, active, 0, 0, 1, 1, null, null, f, 7962089, greenhouse, https://stripe.com/jobs/search?gh_jid=7962089, null, 2026-09-26 23:39:05.61291+00, f, ["Missing or invalid company name"], 0.8, {"id": 7962089, "title": "Manager, Product Support Specialist", ..., null, EGP, null, null, 2026-06-28 23:39:05.612906+00, , scraped).

/usr/local/lib/python3.11/site-packages/django/db/models/fields/__init__.py:1595: RuntimeWarning: DateTimeField Job.expires_at received a naive datetime (2026-09-26 23:39:05.616801) while time zone support is active.
  warnings.warn(
Failed to process job: null value in column "experience_level" of relation "jobs_job" violates not-null constraint
DETAIL:  Failing row contains (244, 2026-06-28 23:39:05.616964+00, 2026-06-28 23:39:05.616975+00, 716f89ca-3cb4-41b2-85a1-1521cb2070af, Manager, Sales Development, stripe-manager-sales-development-7337544, Dublin, , , null, &lt;h2&gt;Who we are&lt;/h2&gt;
&lt;h3&gt;About Stripe&lt;/h3&gt..., null, null, USD, , null, null, active, 0, 0, 1, 1, null, null, f, 7337544, greenhouse, https://stripe.com/jobs/search?gh_jid=7337544, null, 2026-09-26 23:39:05.616801+00, f, ["Missing or invalid company name"], 0.8, {"id": 7337544, "title": "Manager, Sales Development", "location..., null, EGP, null, null, 2026-06-28 23:39:05.616798+00, , scraped).

/usr/local/lib/python3.11/site-packages/django/db/models/fields/__init__.py:1595: RuntimeWarning: DateTimeField Job.expires_at received a naive datetime (2026-09-26 23:39:05.621254) while time zone support is active.
  warnings.warn(
Failed to process job: null value in column "experience_level" of relation "jobs_job" violates not-null constraint
DETAIL:  Failing row contains (245, 2026-06-28 23:39:05.621424+00, 2026-06-28 23:39:05.621434+00, 5af9b0af-edf2-415b-8b4b-f2a4f21db365, Manager, Sales Development, stripe-manager-sales-development-7896538, Chicago, Illinois, , , null, &lt;h2&gt;Who we are&lt;/h2&gt;
&lt;h3&gt;About Stripe&lt;/h3&gt..., null, null, USD, , null, null, active, 0, 0, 1, 1, null, null, f, 7896538, greenhouse, https://stripe.com/jobs/search?gh_jid=7896538, null, 2026-09-26 23:39:05.621254+00, f, ["Missing or invalid company name"], 0.8, {"id": 7896538, "title": "Manager, Sales Development", "location..., null, EGP, null, null, 2026-06-28 23:39:05.62125+00, , scraped).

/usr/local/lib/python3.11/site-packages/django/db/models/fields/__init__.py:1595: RuntimeWarning: DateTimeField Job.expires_at received a naive datetime (2026-09-26 23:39:05.624880) while time zone support is active.
  warnings.warn(
Failed to process job: null value in column "experience_level" of relation "jobs_job" violates not-null constraint
DETAIL:  Failing row contains (246, 2026-06-28 23:39:05.625033+00, 2026-06-28 23:39:05.625044+00, e9095580-46f4-418c-b987-4177fa9372ee, Manager, Startups Account Executives - Existing Business, stripe-manager-startups-account-executives-existing-busin-736892..., New York, , , null, &lt;h2&gt;&lt;strong&gt;Who we are &lt;/strong&gt;&lt;/h2&gt;
&l..., null, null, USD, , null, null, active, 0, 0, 1, 1, null, null, f, 7368924, greenhouse, https://stripe.com/jobs/search?gh_jid=7368924, null, 2026-09-26 23:39:05.62488+00, f, ["Missing or invalid company name"], 0.8, {"id": 7368924, "title": "Manager, Startups Account Executives -..., null, EGP, null, null, 2026-06-28 23:39:05.624877+00, , scraped).

/usr/local/lib/python3.11/site-packages/django/db/models/fields/__init__.py:1595: RuntimeWarning: DateTimeField Job.expires_at received a naive datetime (2026-09-26 23:39:05.629600) while time zone support is active.
  warnings.warn(
Failed to process job: null value in column "experience_level" of relation "jobs_job" violates not-null constraint
DETAIL:  Failing row contains (247, 2026-06-28 23:39:05.629767+00, 2026-06-28 23:39:05.629778+00, f4d05737-c6c0-4f23-bf81-658ed026d0a1, Manager, Technical Account Management, stripe-manager-technical-account-management-7767222, Dublin, , , null, &lt;h2&gt;Who we are&lt;/h2&gt;
&lt;h3&gt;About Stripe&lt;/h3&gt..., null, null, USD, , null, null, active, 0, 0, 1, 1, null, null, f, 7767222, greenhouse, https://stripe.com/jobs/search?gh_jid=7767222, null, 2026-09-26 23:39:05.6296+00, f, ["Missing or invalid company name"], 0.8, {"id": 7767222, "title": "Manager, Technical Account Management"..., null, EGP, null, null, 2026-06-28 23:39:05.629596+00, , scraped).

/usr/local/lib/python3.11/site-packages/django/db/models/fields/__init__.py:1595: RuntimeWarning: DateTimeField Job.expires_at received a naive datetime (2026-09-26 23:39:05.633350) while time zone support is active.
  warnings.warn(
Failed to process job: null value in column "experience_level" of relation "jobs_job" violates not-null constraint
DETAIL:  Failing row contains (248, 2026-06-28 23:39:05.633523+00, 2026-06-28 23:39:05.633533+00, 07a8bd53-9b21-4c9c-911a-b338b3aee720, Manager, Technical Account Management, stripe-manager-technical-account-management-7664667, Sydney, , , null, &lt;h2&gt;Who we are&lt;/h2&gt;
&lt;h3&gt;About Stripe&lt;/h3&gt..., null, null, USD, , null, null, active, 0, 0, 1, 1, null, null, f, 7664667, greenhouse, https://stripe.com/jobs/search?gh_jid=7664667, null, 2026-09-26 23:39:05.63335+00, f, ["Missing or invalid company name"], 0.8, {"id": 7664667, "title": "Manager, Technical Account Management"..., null, EGP, null, null, 2026-06-28 23:39:05.633346+00, , scraped).

/usr/local/lib/python3.11/site-packages/django/db/models/fields/__init__.py:1595: RuntimeWarning: DateTimeField Job.expires_at received a naive datetime (2026-09-26 23:39:05.637640) while time zone support is active.
  warnings.warn(
Failed to process job: null value in column "experience_level" of relation "jobs_job" violates not-null constraint
DETAIL:  Failing row contains (249, 2026-06-28 23:39:05.637833+00, 2026-06-28 23:39:05.637843+00, 953da417-cb3e-4c4a-ae4e-bda351c73dde, Marketing Operations Manager, stripe-marketing-operations-manager-7253148, South San Francisco, Seattle, , , null, &lt;h2&gt;Who we are&lt;/h2&gt;
&lt;h3&gt;About Stripe&lt;/h3&gt..., null, null, USD, , null, null, active, 0, 0, 1, 1, null, null, f, 7253148, greenhouse, https://stripe.com/jobs/search?gh_jid=7253148, null, 2026-09-26 23:39:05.63764+00, f, ["Missing or invalid company name"], 0.8, {"id": 7253148, "title": "Marketing Operations Manager", "locati..., null, EGP, null, null, 2026-06-28 23:39:05.637635+00, , scraped).

/usr/local/lib/python3.11/site-packages/django/db/models/fields/__init__.py:1595: RuntimeWarning: DateTimeField Job.expires_at received a naive datetime (2026-09-26 23:39:05.642962) while time zone support is active.
  warnings.warn(
Failed to process job: null value in column "experience_level" of relation "jobs_job" violates not-null constraint
DETAIL:  Failing row contains (250, 2026-06-28 23:39:05.64314+00, 2026-06-28 23:39:05.64315+00, e097ee23-d527-4930-b2f0-2453a89e0556, Marketing Operations Manager, stripe-marketing-operations-manager-7805386, India, Bangalore, , , null, &lt;h2&gt;Who we are&lt;/h2&gt;
&lt;h3&gt;About Stripe&lt;/h3&gt..., null, null, USD, , null, null, active, 0, 0, 1, 1, null, null, f, 7805386, greenhouse, https://stripe.com/jobs/search?gh_jid=7805386, null, 2026-09-26 23:39:05.642962+00, f, ["Missing or invalid company name"], 0.8, {"id": 7805386, "title": "Marketing Operations Manager", "locati..., null, EGP, null, null, 2026-06-28 23:39:05.642959+00, , scraped).

/usr/local/lib/python3.11/site-packages/django/db/models/fields/__init__.py:1595: RuntimeWarning: DateTimeField Job.expires_at received a naive datetime (2026-09-26 23:39:05.646783) while time zone support is active.
  warnings.warn(
Failed to process job: null value in column "experience_level" of relation "jobs_job" violates not-null constraint
DETAIL:  Failing row contains (251, 2026-06-28 23:39:05.647037+00, 2026-06-28 23:39:05.647082+00, e1818972-80cb-4da0-a5c3-3c3beb71d1f1, Mobile Engineer, Treasury, stripe-mobile-engineer-treasury-7978915, United Kingdom, , , null, &lt;h2&gt;Who we are&lt;/h2&gt;
&lt;h3&gt;About Stripe&lt;/h3&gt..., null, null, USD, , null, null, active, 0, 0, 1, 1, null, null, f, 7978915, greenhouse, https://stripe.com/jobs/search?gh_jid=7978915, null, 2026-09-26 23:39:05.646783+00, f, ["Missing or invalid company name"], 0.8, {"id": 7978915, "title": "Mobile Engineer, Treasury", "location"..., null, EGP, null, null, 2026-06-28 23:39:05.646778+00, , scraped).

/usr/local/lib/python3.11/site-packages/django/db/models/fields/__init__.py:1595: RuntimeWarning: DateTimeField Job.expires_at received a naive datetime (2026-09-26 23:39:05.651118) while time zone support is active.
  warnings.warn(
Failed to process job: null value in column "experience_level" of relation "jobs_job" violates not-null constraint
DETAIL:  Failing row contains (252, 2026-06-28 23:39:05.651275+00, 2026-06-28 23:39:05.651284+00, 7f4ce3ef-d50a-4daf-bb71-85d834e68510, Monetization Operations Analyst, stripe-monetization-operations-analyst-8021192, IN - Bengaluru, , , null, &lt;ul&gt;
&lt;li style=&quot;font-weight: 400;&quot;&gt;
&lt;h2..., null, null, USD, , null, null, active, 0, 0, 1, 1, null, null, f, 8021192, greenhouse, https://stripe.com/jobs/search?gh_jid=8021192, null, 2026-09-26 23:39:05.651118+00, f, ["Missing or invalid company name"], 0.8, {"id": 8021192, "title": "Monetization Operations Analyst", "loc..., null, EGP, null, null, 2026-06-28 23:39:05.651114+00, , scraped).

/usr/local/lib/python3.11/site-packages/django/db/models/fields/__init__.py:1595: RuntimeWarning: DateTimeField Job.expires_at received a naive datetime (2026-09-26 23:39:05.655431) while time zone support is active.
  warnings.warn(
Failed to process job: null value in column "experience_level" of relation "jobs_job" violates not-null constraint
DETAIL:  Failing row contains (253, 2026-06-28 23:39:05.655617+00, 2026-06-28 23:39:05.655627+00, dba6f961-be02-4f1d-8dfc-dcd9985fc224, Network Solution Specialist, stripe-network-solution-specialist-7589978, Atlanta, Chicago, , , null, &lt;h2&gt;Who we are&lt;/h2&gt;
&lt;h3&gt;About Stripe&lt;/h3&gt..., null, null, USD, , null, null, active, 0, 0, 1, 1, null, null, f, 7589978, greenhouse, https://stripe.com/jobs/search?gh_jid=7589978, null, 2026-09-26 23:39:05.655431+00, f, ["Missing or invalid company name"], 0.8, {"id": 7589978, "title": "Network Solution Specialist", "locatio..., null, EGP, null, null, 2026-06-28 23:39:05.655428+00, , scraped).

/usr/local/lib/python3.11/site-packages/django/db/models/fields/__init__.py:1595: RuntimeWarning: DateTimeField Job.expires_at received a naive datetime (2026-09-26 23:39:05.659195) while time zone support is active.
  warnings.warn(
Failed to process job: null value in column "experience_level" of relation "jobs_job" violates not-null constraint
DETAIL:  Failing row contains (254, 2026-06-28 23:39:05.659354+00, 2026-06-28 23:39:05.659363+00, 44a7691a-f086-49d7-8f40-102bffe6278d, Operations Associate - Bridge (CDMX), stripe-operations-associate-bridge-cdmx-7955051, Mexico City, , , null, &lt;h2&gt;Who we are&lt;/h2&gt;
&lt;h3&gt;About Stripe&lt;/h3&gt..., null, null, USD, , null, null, active, 0, 0, 1, 1, null, null, f, 7955051, greenhouse, https://stripe.com/jobs/search?gh_jid=7955051, null, 2026-09-26 23:39:05.659195+00, f, ["Missing or invalid company name"], 0.8, {"id": 7955051, "title": "Operations Associate - Bridge (CDMX)",..., null, EGP, null, null, 2026-06-28 23:39:05.659191+00, , scraped).

/usr/local/lib/python3.11/site-packages/django/db/models/fields/__init__.py:1595: RuntimeWarning: DateTimeField Job.expires_at received a naive datetime (2026-09-26 23:39:05.663279) while time zone support is active.
  warnings.warn(
Failed to process job: null value in column "experience_level" of relation "jobs_job" violates not-null constraint
DETAIL:  Failing row contains (255, 2026-06-28 23:39:05.663455+00, 2026-06-28 23:39:05.663466+00, e9c5ad17-a8bb-42f0-ac5f-37660e7366f5, Operations Associate, Financial Crimes (AML Investigations), stripe-operations-associate-financial-crimes-aml-investig-801499..., Mexico City, , , null, &lt;h2&gt;Who we are&lt;/h2&gt;
&lt;h3&gt;About Stripe&lt;/h3&gt..., null, null, USD, , null, null, active, 0, 0, 1, 1, null, null, f, 8014995, greenhouse, https://stripe.com/jobs/search?gh_jid=8014995, null, 2026-09-26 23:39:05.663279+00, f, ["Missing or invalid company name"], 0.8, {"id": 8014995, "title": "Operations Associate, Financial Crimes..., null, EGP, null, null, 2026-06-28 23:39:05.663275+00, , scraped).

/usr/local/lib/python3.11/site-packages/django/db/models/fields/__init__.py:1595: RuntimeWarning: DateTimeField Job.expires_at received a naive datetime (2026-09-26 23:39:05.672683) while time zone support is active.
  warnings.warn(
Failed to process job: null value in column "experience_level" of relation "jobs_job" violates not-null constraint
DETAIL:  Failing row contains (256, 2026-06-28 23:39:05.672896+00, 2026-06-28 23:39:05.672907+00, 8c33f621-0057-415d-82b5-ce217e68ff15, Operations Associate, Financial Crimes EDD/PEP, stripe-operations-associate-financial-crimes-eddpep-7202953, Mexico City, , , null, &lt;h2&gt;Who we are&lt;/h2&gt;
&lt;h3&gt;About Stripe&lt;/h3&gt..., null, null, USD, , null, null, active, 0, 0, 1, 1, null, null, f, 7202953, greenhouse, https://stripe.com/jobs/search?gh_jid=7202953, null, 2026-09-26 23:39:05.672683+00, f, ["Missing or invalid company name"], 0.8, {"id": 7202953, "title": "Operations Associate, Financial Crimes..., null, EGP, null, null, 2026-06-28 23:39:05.672678+00, , scraped).

/usr/local/lib/python3.11/site-packages/django/db/models/fields/__init__.py:1595: RuntimeWarning: DateTimeField Job.expires_at received a naive datetime (2026-09-26 23:39:05.678564) while time zone support is active.
  warnings.warn(
Failed to process job: null value in column "experience_level" of relation "jobs_job" violates not-null constraint
DETAIL:  Failing row contains (257, 2026-06-28 23:39:05.67877+00, 2026-06-28 23:39:05.678781+00, 8ccdfd67-9cc4-410a-86e3-fa418d83912a, Operations Associate, GTM Accelerate (Bangalore), stripe-operations-associate-gtm-accelerate-bangalore-7780256, Bengaluru, , , null, &lt;h2&gt;Who we are&lt;/h2&gt;
&lt;h3&gt;About Stripe&lt;/h3&gt..., null, null, USD, , null, null, active, 0, 0, 1, 1, null, null, f, 7780256, greenhouse, https://stripe.com/jobs/search?gh_jid=7780256, null, 2026-09-26 23:39:05.678564+00, f, ["Missing or invalid company name"], 0.8, {"id": 7780256, "title": "Operations Associate, GTM Accelerate (..., null, EGP, null, null, 2026-06-28 23:39:05.678559+00, , scraped).

/usr/local/lib/python3.11/site-packages/django/db/models/fields/__init__.py:1595: RuntimeWarning: DateTimeField Job.expires_at received a naive datetime (2026-09-26 23:39:05.686356) while time zone support is active.
  warnings.warn(
Failed to process job: null value in column "experience_level" of relation "jobs_job" violates not-null constraint
DETAIL:  Failing row contains (258, 2026-06-28 23:39:05.686803+00, 2026-06-28 23:39:05.686823+00, 01718db7-f7d7-4cbb-881e-6763d101fd5d, Operations Associate, GTM Implementation Specialist , stripe-operations-associate-gtm-implementation-specialist-739307..., Mexico, , , null, &lt;h2&gt;&lt;strong&gt;Who we are &lt;/strong&gt;&lt;/h2&gt;
&l..., null, null, USD, , null, null, active, 0, 0, 1, 1, null, null, f, 7393071, greenhouse, https://stripe.com/jobs/search?gh_jid=7393071, null, 2026-09-26 23:39:05.686356+00, f, ["Missing or invalid company name"], 0.8, {"id": 7393071, "title": "Operations Associate, GTM Implementati..., null, EGP, null, null, 2026-06-28 23:39:05.686347+00, , scraped).

/usr/local/lib/python3.11/site-packages/django/db/models/fields/__init__.py:1595: RuntimeWarning: DateTimeField Job.expires_at received a naive datetime (2026-09-26 23:39:05.696331) while time zone support is active.
  warnings.warn(
Failed to process job: null value in column "experience_level" of relation "jobs_job" violates not-null constraint
DETAIL:  Failing row contains (259, 2026-06-28 23:39:05.696792+00, 2026-06-28 23:39:05.69681+00, f0538d5d-e7aa-4299-a7b3-4429cd6ef1b2, Operations Associate - Managed Support (CDMX), stripe-operations-associate-managed-support-cdmx-8011682, Mexico City, , , null, &lt;h2&gt;&lt;strong&gt;Who we are &lt;/strong&gt;&lt;/h2&gt;
&l..., null, null, USD, , null, null, active, 0, 0, 1, 1, null, null, f, 8011682, greenhouse, https://stripe.com/jobs/search?gh_jid=8011682, null, 2026-09-26 23:39:05.696331+00, f, ["Missing or invalid company name"], 0.8, {"id": 8011682, "title": "Operations Associate - Managed Support..., null, EGP, null, null, 2026-06-28 23:39:05.696322+00, , scraped).

/usr/local/lib/python3.11/site-packages/django/db/models/fields/__init__.py:1595: RuntimeWarning: DateTimeField Job.expires_at received a naive datetime (2026-09-26 23:39:05.704074) while time zone support is active.
  warnings.warn(
Failed to process job: null value in column "experience_level" of relation "jobs_job" violates not-null constraint
DETAIL:  Failing row contains (260, 2026-06-28 23:39:05.704452+00, 2026-06-28 23:39:05.704472+00, 62043727-2c4d-4672-a11a-e9721c7dcd33, Operations Associate, New Grad (Mexico), stripe-operations-associate-new-grad-mexico-7544547, Mexico City, Mexico, , , null, &lt;h2&gt;Who we are&lt;/h2&gt;
&lt;h3&gt;About Stripe&lt;/h3&gt..., null, null, USD, , null, null, active, 0, 0, 1, 1, null, null, f, 7544547, greenhouse, https://stripe.com/jobs/search?gh_jid=7544547, null, 2026-09-26 23:39:05.704074+00, f, ["Missing or invalid company name"], 0.8, {"id": 7544547, "title": "Operations Associate, New Grad (Mexico..., null, EGP, null, null, 2026-06-28 23:39:05.704065+00, , scraped).

/usr/local/lib/python3.11/site-packages/django/db/models/fields/__init__.py:1595: RuntimeWarning: DateTimeField Job.expires_at received a naive datetime (2026-09-26 23:39:05.717718) while time zone support is active.
  warnings.warn(
Failed to process job: null value in column "experience_level" of relation "jobs_job" violates not-null constraint
DETAIL:  Failing row contains (261, 2026-06-28 23:39:05.71828+00, 2026-06-28 23:39:05.718307+00, d5a00a0d-e5cc-47cc-9902-cd4564cdc206, Operations Associate - Product Support Operations (CDMX), stripe-operations-associate-product-support-operations-cd-798158..., MX- Mexico City, , , null, &lt;h2&gt;&lt;strong&gt;Who we are&lt;/strong&gt;&lt;/h2&gt;
&lt..., null, null, USD, , null, null, active, 0, 0, 1, 1, null, null, f, 7981587, greenhouse, https://stripe.com/jobs/search?gh_jid=7981587, null, 2026-09-26 23:39:05.717718+00, f, ["Missing or invalid company name"], 0.8, {"id": 7981587, "title": "Operations Associate - Product Support..., null, EGP, null, null, 2026-06-28 23:39:05.717707+00, , scraped).

/usr/local/lib/python3.11/site-packages/django/db/models/fields/__init__.py:1595: RuntimeWarning: DateTimeField Job.expires_at received a naive datetime (2026-09-26 23:39:05.729766) while time zone support is active.
  warnings.warn(
Failed to process job: null value in column "experience_level" of relation "jobs_job" violates not-null constraint
DETAIL:  Failing row contains (262, 2026-06-28 23:39:05.730345+00, 2026-06-28 23:39:05.730376+00, 35a14f55-5ee5-41a6-b55a-be1e1a7e35b6, Operations Insights, Tax, stripe-operations-insights-tax-7997542, US Remote, , , null, &lt;h2&gt;&lt;strong&gt;Who we are&lt;/strong&gt;&lt;/h2&gt;
&lt..., null, null, USD, , null, null, active, 0, 0, 1, 1, null, null, f, 7997542, greenhouse, https://stripe.com/jobs/search?gh_jid=7997542, null, 2026-09-26 23:39:05.729766+00, f, ["Missing or invalid company name"], 0.8, {"id": 7997542, "title": "Operations Insights, Tax", "location":..., null, EGP, null, null, 2026-06-28 23:39:05.729755+00, , scraped).

/usr/local/lib/python3.11/site-packages/django/db/models/fields/__init__.py:1595: RuntimeWarning: DateTimeField Job.expires_at received a naive datetime (2026-09-26 23:39:05.738429) while time zone support is active.
  warnings.warn(
Failed to process job: null value in column "experience_level" of relation "jobs_job" violates not-null constraint
DETAIL:  Failing row contains (263, 2026-06-28 23:39:05.738693+00, 2026-06-28 23:39:05.738708+00, 8594d23e-4df7-4529-844f-af3775543e10, Operations Manager, Enhanced Due Diligence, stripe-operations-manager-enhanced-due-diligence-7576867, Mexico City, , , null, &lt;h2&gt;&lt;strong&gt;Who we are &lt;/strong&gt;&lt;/h2&gt;
&l..., null, null, USD, , null, null, active, 0, 0, 1, 1, null, null, f, 7576867, greenhouse, https://stripe.com/jobs/search?gh_jid=7576867, null, 2026-09-26 23:39:05.738429+00, f, ["Scam description pattern: pay.*fee", "Missing or invalid compa..., 0.49999999999999994, {"id": 7576867, "title": "Operations Manager, Enhanced Due Dilig..., null, EGP, null, null, 2026-06-28 23:39:05.738422+00, , scraped).

/usr/local/lib/python3.11/site-packages/django/db/models/fields/__init__.py:1595: RuntimeWarning: DateTimeField Job.expires_at received a naive datetime (2026-09-26 23:39:05.747078) while time zone support is active.
  warnings.warn(
Failed to process job: null value in column "experience_level" of relation "jobs_job" violates not-null constraint
DETAIL:  Failing row contains (264, 2026-06-28 23:39:05.747452+00, 2026-06-28 23:39:05.747471+00, 8076b617-9d8a-446f-88d9-5714e8b7bc73, Operations Program Manager, Capital Collections, stripe-operations-program-manager-capital-collections-7815794, US-NYC or US-SF, , , null, &lt;h2&gt;&lt;strong&gt;Who we are &lt;/strong&gt;&lt;/h2&gt;
&l..., null, null, USD, , null, null, active, 0, 0, 1, 1, null, null, f, 7815794, greenhouse, https://stripe.com/jobs/search?gh_jid=7815794, null, 2026-09-26 23:39:05.747078+00, f, ["Missing or invalid company name"], 0.8, {"id": 7815794, "title": "Operations Program Manager, Capital Co..., null, EGP, null, null, 2026-06-28 23:39:05.747069+00, , scraped).

/usr/local/lib/python3.11/site-packages/django/db/models/fields/__init__.py:1595: RuntimeWarning: DateTimeField Job.expires_at received a naive datetime (2026-09-26 23:39:05.754137) while time zone support is active.
  warnings.warn(
Failed to process job: null value in column "experience_level" of relation "jobs_job" violates not-null constraint
DETAIL:  Failing row contains (265, 2026-06-28 23:39:05.754352+00, 2026-06-28 23:39:05.754365+00, 15faf7ef-34fa-465f-bb89-6d0ed275a432, Paid Digital Marketing Manager, stripe-paid-digital-marketing-manager-7617049, US: SF Bay Area, Seattle, New York, US Remote; Canada, , , null, &lt;h2&gt;Who we are&lt;/h2&gt;
&lt;h3&gt;About Stripe&lt;/h3&gt..., null, null, USD, , null, null, active, 0, 0, 1, 1, null, null, f, 7617049, greenhouse, https://stripe.com/jobs/search?gh_jid=7617049, null, 2026-09-26 23:39:05.754137+00, f, ["Missing or invalid company name"], 0.8, {"id": 7617049, "title": "Paid Digital Marketing Manager", "loca..., null, EGP, null, null, 2026-06-28 23:39:05.754132+00, , scraped).

/usr/local/lib/python3.11/site-packages/django/db/models/fields/__init__.py:1595: RuntimeWarning: DateTimeField Job.expires_at received a naive datetime (2026-09-26 23:39:05.760919) while time zone support is active.
  warnings.warn(
Failed to process job: null value in column "experience_level" of relation "jobs_job" violates not-null constraint
DETAIL:  Failing row contains (266, 2026-06-28 23:39:05.761107+00, 2026-06-28 23:39:05.761118+00, 603a2f1d-ce19-4c85-bf35-459cdffc846e, Paid Social Marketing Manager, Americas, stripe-paid-social-marketing-manager-americas-7978017, Remote (US), , , null, &lt;h2&gt;Who we are&lt;/h2&gt;
&lt;h3&gt;About Stripe&lt;/h3&gt..., null, null, USD, , null, null, active, 0, 0, 1, 1, null, null, f, 7978017, greenhouse, https://stripe.com/jobs/search?gh_jid=7978017, null, 2026-09-26 23:39:05.760919+00, f, ["Missing or invalid company name"], 0.8, {"id": 7978017, "title": "Paid Social Marketing Manager, America..., null, EGP, null, null, 2026-06-28 23:39:05.760914+00, , scraped).

/usr/local/lib/python3.11/site-packages/django/db/models/fields/__init__.py:1595: RuntimeWarning: DateTimeField Job.expires_at received a naive datetime (2026-09-26 23:39:05.767030) while time zone support is active.
  warnings.warn(
Failed to process job: null value in column "experience_level" of relation "jobs_job" violates not-null constraint
DETAIL:  Failing row contains (267, 2026-06-28 23:39:05.767316+00, 2026-06-28 23:39:05.767331+00, b41ad652-1597-43ea-9668-200fe13532e2, Partner Development Manager , stripe-partner-development-manager-7966902, Germany, Berlin, Munich, , , null, &lt;h2&gt;Who we are&lt;/h2&gt;
&lt;h3&gt;About Stripe&lt;/h3&gt..., null, null, USD, , null, null, active, 0, 0, 1, 1, null, null, f, 7966902, greenhouse, https://stripe.com/jobs/search?gh_jid=7966902, null, 2026-09-26 23:39:05.76703+00, f, ["Missing or invalid company name"], 0.8, {"id": 7966902, "title": "Partner Development Manager ", "locati..., null, EGP, null, null, 2026-06-28 23:39:05.767024+00, , scraped).

/usr/local/lib/python3.11/site-packages/django/db/models/fields/__init__.py:1595: RuntimeWarning: DateTimeField Job.expires_at received a naive datetime (2026-09-26 23:39:05.773462) while time zone support is active.
  warnings.warn(
Failed to process job: null value in column "experience_level" of relation "jobs_job" violates not-null constraint
DETAIL:  Failing row contains (268, 2026-06-28 23:39:05.77376+00, 2026-06-28 23:39:05.773779+00, f79eef64-3418-41d8-a993-7a4688e0cc90, Partner Development Manager (Banks), stripe-partner-development-manager-banks-7289456, London - United Kingdom, , , null, &lt;h2&gt;Who we are&lt;/h2&gt;
&lt;h3&gt;About Stripe&lt;/h3&gt..., null, null, USD, , null, null, active, 0, 0, 1, 1, null, null, f, 7289456, greenhouse, https://stripe.com/jobs/search?gh_jid=7289456, null, 2026-09-26 23:39:05.773462+00, f, ["Missing or invalid company name"], 0.8, {"id": 7289456, "title": "Partner Development Manager (Banks)", ..., null, EGP, null, null, 2026-06-28 23:39:05.773456+00, , scraped).

/usr/local/lib/python3.11/site-packages/django/db/models/fields/__init__.py:1595: RuntimeWarning: DateTimeField Job.expires_at received a naive datetime (2026-09-26 23:39:05.779250) while time zone support is active.
  warnings.warn(
Failed to process job: null value in column "experience_level" of relation "jobs_job" violates not-null constraint
DETAIL:  Failing row contains (269, 2026-06-28 23:39:05.77959+00, 2026-06-28 23:39:05.779608+00, a934928c-6c36-49e3-a060-714dc49129b8, Partner Development Manager, Global Networks, stripe-partner-development-manager-global-networks-7697675, US-Remote; US-Chicago; US-Atlanta; Canada-Toronto; Canada-Remote..., , , null, &lt;h2&gt;Who we are&lt;/h2&gt;
&lt;h3&gt;About Stripe&lt;/h3&gt..., null, null, USD, , null, null, active, 0, 0, 1, 1, null, null, f, 7697675, greenhouse, https://stripe.com/jobs/search?gh_jid=7697675, null, 2026-09-26 23:39:05.77925+00, f, ["Missing or invalid company name"], 0.8, {"id": 7697675, "title": "Partner Development Manager, Global Ne..., null, EGP, null, null, 2026-06-28 23:39:05.779242+00, , scraped).

/usr/local/lib/python3.11/site-packages/django/db/models/fields/__init__.py:1595: RuntimeWarning: DateTimeField Job.expires_at received a naive datetime (2026-09-26 23:39:05.784448) while time zone support is active.
  warnings.warn(
Failed to process job: null value in column "experience_level" of relation "jobs_job" violates not-null constraint
DETAIL:  Failing row contains (270, 2026-06-28 23:39:05.784662+00, 2026-06-28 23:39:05.784672+00, aa7350e9-014d-452e-8d89-9ac3ed345228, Partner Development Manager, Netherlands (Dutch fluency), stripe-partner-development-manager-netherlands-dutch-flue-723746..., LOCATION, , , null, &lt;h2&gt;Who we are&lt;/h2&gt;
&lt;h3&gt;About Stripe&lt;/h3&gt..., null, null, USD, , null, null, active, 0, 0, 1, 1, null, null, f, 7237465, greenhouse, https://stripe.com/jobs/search?gh_jid=7237465, null, 2026-09-26 23:39:05.784448+00, f, ["Missing or invalid company name"], 0.8, {"id": 7237465, "title": "Partner Development Manager, Netherlan..., null, EGP, null, null, 2026-06-28 23:39:05.784443+00, , scraped).

/usr/local/lib/python3.11/site-packages/django/db/models/fields/__init__.py:1595: RuntimeWarning: DateTimeField Job.expires_at received a naive datetime (2026-09-26 23:39:05.788914) while time zone support is active.
  warnings.warn(
Failed to process job: null value in column "experience_level" of relation "jobs_job" violates not-null constraint
DETAIL:  Failing row contains (271, 2026-06-28 23:39:05.789099+00, 2026-06-28 23:39:05.789111+00, 68401a4b-8587-4503-9387-7b5435da4ed0, Partner Development Manager, Strategic Partnerships, stripe-partner-development-manager-strategic-partnerships-797300..., US-San Francisco; US-New York City; US-Seattle; US-Remote; US-Ch..., , , null, &lt;h2&gt;&lt;strong&gt;Who we are &lt;/strong&gt;&lt;/h2&gt;
&l..., null, null, USD, , null, null, active, 0, 0, 1, 1, null, null, f, 7973002, greenhouse, https://stripe.com/jobs/search?gh_jid=7973002, null, 2026-09-26 23:39:05.788914+00, f, ["Missing or invalid company name"], 0.8, {"id": 7973002, "title": "Partner Development Manager, Strategic..., null, EGP, null, null, 2026-06-28 23:39:05.78891+00, , scraped).

/usr/local/lib/python3.11/site-packages/django/db/models/fields/__init__.py:1595: RuntimeWarning: DateTimeField Job.expires_at received a naive datetime (2026-09-26 23:39:05.793655) while time zone support is active.
  warnings.warn(
Failed to process job: null value in column "experience_level" of relation "jobs_job" violates not-null constraint
DETAIL:  Failing row contains (272, 2026-06-28 23:39:05.793857+00, 2026-06-28 23:39:05.793869+00, deba4cdc-e18b-45c1-ba9a-37a3c307c1da, Partner Development Manager, Strategic Partnerships, stripe-partner-development-manager-strategic-partnerships-769767..., US-San Francisco; US-New York City; US-Seattle; US-Remote; US-Ch..., , , null, &lt;h2&gt;&lt;strong&gt;Who we are &lt;/strong&gt;&lt;/h2&gt;
&l..., null, null, USD, , null, null, active, 0, 0, 1, 1, null, null, f, 7697672, greenhouse, https://stripe.com/jobs/search?gh_jid=7697672, null, 2026-09-26 23:39:05.793655+00, f, ["Missing or invalid company name"], 0.8, {"id": 7697672, "title": "Partner Development Manager, Strategic..., null, EGP, null, null, 2026-06-28 23:39:05.793651+00, , scraped).

/usr/local/lib/python3.11/site-packages/django/db/models/fields/__init__.py:1595: RuntimeWarning: DateTimeField Job.expires_at received a naive datetime (2026-09-26 23:39:05.798145) while time zone support is active.
  warnings.warn(
Failed to process job: null value in column "experience_level" of relation "jobs_job" violates not-null constraint
DETAIL:  Failing row contains (273, 2026-06-28 23:39:05.798332+00, 2026-06-28 23:39:05.798342+00, 9b0a4cca-d6fc-4ae7-8be0-65156045cfc5, Partner Solutions Architect - AWS, stripe-partner-solutions-architect-aws-7607761, New York, , , null, &lt;h2&gt;&lt;strong&gt;Who we are&lt;/strong&gt;&lt;/h2&gt;
&lt..., null, null, USD, , null, null, active, 0, 0, 1, 1, null, null, f, 7607761, greenhouse, https://stripe.com/jobs/search?gh_jid=7607761, null, 2026-09-26 23:39:05.798145+00, f, ["Missing or invalid company name"], 0.8, {"id": 7607761, "title": "Partner Solutions Architect - AWS", "l..., null, EGP, null, null, 2026-06-28 23:39:05.798141+00, , scraped).

/usr/local/lib/python3.11/site-packages/django/db/models/fields/__init__.py:1595: RuntimeWarning: DateTimeField Job.expires_at received a naive datetime (2026-09-26 23:39:05.803025) while time zone support is active.
  warnings.warn(
Failed to process job: null value in column "experience_level" of relation "jobs_job" violates not-null constraint
DETAIL:  Failing row contains (274, 2026-06-28 23:39:05.803207+00, 2026-06-28 23:39:05.803218+00, 6a5e84f1-0c73-45fc-96df-7d496b8e5328, Partner Solutions Architect - Billing, stripe-partner-solutions-architect-billing-7927330, USA, , , null, &lt;h2&gt;&lt;strong&gt;Who We Are&lt;/strong&gt;&lt;/h2&gt;
&lt..., null, null, USD, , null, null, active, 0, 0, 1, 1, null, null, f, 7927330, greenhouse, https://stripe.com/jobs/search?gh_jid=7927330, null, 2026-09-26 23:39:05.803025+00, f, ["Missing or invalid company name"], 0.8, {"id": 7927330, "title": "Partner Solutions Architect - Billing"..., null, EGP, null, null, 2026-06-28 23:39:05.803021+00, , scraped).

/usr/local/lib/python3.11/site-packages/django/db/models/fields/__init__.py:1595: RuntimeWarning: DateTimeField Job.expires_at received a naive datetime (2026-09-26 23:39:05.807514) while time zone support is active.
  warnings.warn(
Failed to process job: null value in column "experience_level" of relation "jobs_job" violates not-null constraint
DETAIL:  Failing row contains (275, 2026-06-28 23:39:05.807719+00, 2026-06-28 23:39:05.80773+00, 15fc3a9e-b7e6-421a-ac9a-ebc156c8712e, Partner Solutions Architect, (German fluency), stripe-partner-solutions-architect-german-fluency-7919325, Berlin, Munich, , , null, &lt;h2&gt;&lt;strong&gt;Who we are &lt;/strong&gt;&lt;/h2&gt;
&l..., null, null, USD, , null, null, active, 0, 0, 1, 1, null, null, f, 7919325, greenhouse, https://stripe.com/jobs/search?gh_jid=7919325, null, 2026-09-26 23:39:05.807514+00, f, ["Missing or invalid company name"], 0.8, {"id": 7919325, "title": "Partner Solutions Architect, (German f..., null, EGP, null, null, 2026-06-28 23:39:05.807509+00, , scraped).

/usr/local/lib/python3.11/site-packages/django/db/models/fields/__init__.py:1595: RuntimeWarning: DateTimeField Job.expires_at received a naive datetime (2026-09-26 23:39:05.811843) while time zone support is active.
  warnings.warn(
Failed to process job: null value in column "experience_level" of relation "jobs_job" violates not-null constraint
DETAIL:  Failing row contains (276, 2026-06-28 23:39:05.812005+00, 2026-06-28 23:39:05.812014+00, 4cbeb584-aa28-416d-8abb-3c6b635655fb, Partner Solutions Architect - LatAm, stripe-partner-solutions-architect-latam-7927324, Mexico City, , , null, &lt;h2&gt;&lt;strong&gt;Who we are&lt;/strong&gt;&lt;/h2&gt;
&lt..., null, null, USD, , null, null, active, 0, 0, 1, 1, null, null, f, 7927324, greenhouse, https://stripe.com/jobs/search?gh_jid=7927324, null, 2026-09-26 23:39:05.811843+00, f, ["Missing or invalid company name"], 0.8, {"id": 7927324, "title": "Partner Solutions Architect - LatAm", ..., null, EGP, null, null, 2026-06-28 23:39:05.81184+00, , scraped).

/usr/local/lib/python3.11/site-packages/django/db/models/fields/__init__.py:1595: RuntimeWarning: DateTimeField Job.expires_at received a naive datetime (2026-09-26 23:39:05.817323) while time zone support is active.
  warnings.warn(
Failed to process job: null value in column "experience_level" of relation "jobs_job" violates not-null constraint
DETAIL:  Failing row contains (277, 2026-06-28 23:39:05.817505+00, 2026-06-28 23:39:05.817515+00, 7203389d-6ecf-4047-9249-ecd20a89762a, Partner Solutions Architect, Technology Partnerships, stripe-partner-solutions-architect-technology-partnership-796456..., United States, , , null, &lt;h1&gt;Partner Solutions Architect, Technology Partners&lt;/h..., null, null, USD, , null, null, active, 0, 0, 1, 1, null, null, f, 7964568, greenhouse, https://stripe.com/jobs/search?gh_jid=7964568, null, 2026-09-26 23:39:05.817323+00, f, ["Missing or invalid company name"], 0.8, {"id": 7964568, "title": "Partner Solutions Architect, Technolog..., null, EGP, null, null, 2026-06-28 23:39:05.817319+00, , scraped).

/usr/local/lib/python3.11/site-packages/django/db/models/fields/__init__.py:1595: RuntimeWarning: DateTimeField Job.expires_at received a naive datetime (2026-09-26 23:39:05.822289) while time zone support is active.
  warnings.warn(
Failed to process job: null value in column "experience_level" of relation "jobs_job" violates not-null constraint
DETAIL:  Failing row contains (278, 2026-06-28 23:39:05.822453+00, 2026-06-28 23:39:05.822463+00, 3dbe7ad8-4713-4808-941d-0016c50a740a, Payments Fraud Investigator, stripe-payments-fraud-investigator-7554002, Dublin, , , null, &lt;h2&gt;Who we are&lt;/h2&gt;
&lt;h3&gt;About Stripe&lt;/h3&gt..., null, null, USD, , null, null, active, 0, 0, 1, 1, null, null, f, 7554002, greenhouse, https://stripe.com/jobs/search?gh_jid=7554002, null, 2026-09-26 23:39:05.822289+00, f, ["Missing or invalid company name"], 0.8, {"id": 7554002, "title": "Payments Fraud Investigator", "locatio..., null, EGP, null, null, 2026-06-28 23:39:05.822285+00, , scraped).

/usr/local/lib/python3.11/site-packages/django/db/models/fields/__init__.py:1595: RuntimeWarning: DateTimeField Job.expires_at received a naive datetime (2026-09-26 23:39:05.826378) while time zone support is active.
  warnings.warn(
Failed to process job: null value in column "experience_level" of relation "jobs_job" violates not-null constraint
DETAIL:  Failing row contains (279, 2026-06-28 23:39:05.826547+00, 2026-06-28 23:39:05.826557+00, cf4c97ad-7d1a-4ef6-beff-be00883e1a14, Payments Fraud Investigator, stripe-payments-fraud-investigator-7913406, US-Remote, , , null, &lt;h2&gt;Who we are&lt;/h2&gt;
&lt;h3&gt;About Stripe&lt;/h3&gt..., null, null, USD, , null, null, active, 0, 0, 1, 1, null, null, f, 7913406, greenhouse, https://stripe.com/jobs/search?gh_jid=7913406, null, 2026-09-26 23:39:05.826378+00, f, ["Missing or invalid company name"], 0.8, {"id": 7913406, "title": "Payments Fraud Investigator", "locatio..., null, EGP, null, null, 2026-06-28 23:39:05.826373+00, , scraped).

/usr/local/lib/python3.11/site-packages/django/db/models/fields/__init__.py:1595: RuntimeWarning: DateTimeField Job.expires_at received a naive datetime (2026-09-26 23:39:05.831368) while time zone support is active.
  warnings.warn(
Failed to process job: null value in column "experience_level" of relation "jobs_job" violates not-null constraint
DETAIL:  Failing row contains (280, 2026-06-28 23:39:05.831549+00, 2026-06-28 23:39:05.831558+00, 585aec4e-bb58-4e7c-9a23-f964e15a3a67, Payments Performance Strategist, Card Authorization, stripe-payments-performance-strategist-card-authorization-800405..., San Francisco, CA; Seattle, WA; Chicago, IL; New York, NY; Atlan..., , , null, &lt;h2&gt;&lt;strong&gt;Who we are&lt;/strong&gt;&lt;/h2&gt;
&lt..., null, null, USD, , null, null, active, 0, 0, 1, 1, null, null, f, 8004054, greenhouse, https://stripe.com/jobs/search?gh_jid=8004054, null, 2026-09-26 23:39:05.831368+00, f, ["Missing or invalid company name"], 0.8, {"id": 8004054, "title": "Payments Performance Strategist, Card ..., null, EGP, null, null, 2026-06-28 23:39:05.831364+00, , scraped).

/usr/local/lib/python3.11/site-packages/django/db/models/fields/__init__.py:1595: RuntimeWarning: DateTimeField Job.expires_at received a naive datetime (2026-09-26 23:39:05.835733) while time zone support is active.
  warnings.warn(
Failed to process job: null value in column "experience_level" of relation "jobs_job" violates not-null constraint
DETAIL:  Failing row contains (281, 2026-06-28 23:39:05.83595+00, 2026-06-28 23:39:05.835962+00, e6151c34-eb27-45d8-99c7-49e10a652333, Payments Performance Strategist, Network Cost , stripe-payments-performance-strategist-network-cost-7562148, San Francisco, CA; New York, NY; Chicago, IL; Seattle, WA; Atlan..., , , null, &lt;h2&gt;Who we are&lt;/h2&gt;
&lt;h3&gt;About Stripe&lt;/h3&gt..., null, null, USD, , null, null, active, 0, 0, 1, 1, null, null, f, 7562148, greenhouse, https://stripe.com/jobs/search?gh_jid=7562148, null, 2026-09-26 23:39:05.835733+00, f, ["Missing or invalid company name"], 0.8, {"id": 7562148, "title": "Payments Performance Strategist, Netwo..., null, EGP, null, null, 2026-06-28 23:39:05.835727+00, , scraped).

/usr/local/lib/python3.11/site-packages/django/db/models/fields/__init__.py:1595: RuntimeWarning: DateTimeField Job.expires_at received a naive datetime (2026-09-26 23:39:05.839972) while time zone support is active.
  warnings.warn(
Failed to process job: null value in column "experience_level" of relation "jobs_job" violates not-null constraint
DETAIL:  Failing row contains (282, 2026-06-28 23:39:05.840135+00, 2026-06-28 23:39:05.840145+00, 553ff1f8-8296-4fa8-9fb5-90c835ad3643, People Consultant, stripe-people-consultant-7866374, Chicago, , , null, &lt;h2&gt;Who we are&lt;/h2&gt;
&lt;h3&gt;About Stripe&lt;/h3&gt..., null, null, USD, , null, null, active, 0, 0, 1, 1, null, null, f, 7866374, greenhouse, https://stripe.com/jobs/search?gh_jid=7866374, null, 2026-09-26 23:39:05.839972+00, f, ["Missing or invalid company name"], 0.8, {"id": 7866374, "title": "People Consultant", "location": "Chica..., null, EGP, null, null, 2026-06-28 23:39:05.839968+00, , scraped).

/usr/local/lib/python3.11/site-packages/django/db/models/fields/__init__.py:1595: RuntimeWarning: DateTimeField Job.expires_at received a naive datetime (2026-09-26 23:39:05.843949) while time zone support is active.
  warnings.warn(
Failed to process job: null value in column "experience_level" of relation "jobs_job" violates not-null constraint
DETAIL:  Failing row contains (283, 2026-06-28 23:39:05.844105+00, 2026-06-28 23:39:05.844113+00, e3c591d7-d949-4ad0-a101-b2d10e4ec2a0, People Consultant, stripe-people-consultant-7950735, Dublin, , , null, &lt;h2&gt;Who we are&lt;/h2&gt;
&lt;h3&gt;About Stripe&lt;/h3&gt..., null, null, USD, , null, null, active, 0, 0, 1, 1, null, null, f, 7950735, greenhouse, https://stripe.com/jobs/search?gh_jid=7950735, null, 2026-09-26 23:39:05.843949+00, f, ["Missing or invalid company name"], 0.8, {"id": 7950735, "title": "People Consultant", "location": "Dubli..., null, EGP, null, null, 2026-06-28 23:39:05.843945+00, , scraped).

/usr/local/lib/python3.11/site-packages/django/db/models/fields/__init__.py:1595: RuntimeWarning: DateTimeField Job.expires_at received a naive datetime (2026-09-26 23:39:05.847489) while time zone support is active.
  warnings.warn(
Failed to process job: null value in column "experience_level" of relation "jobs_job" violates not-null constraint
DETAIL:  Failing row contains (284, 2026-06-28 23:39:05.847648+00, 2026-06-28 23:39:05.847658+00, 1c428c32-f660-44e1-8013-d83b7ba98fe4, People Consultant, stripe-people-consultant-7773621, Mexico City, , , null, &lt;h2&gt;Who we are&lt;/h2&gt;
&lt;h3&gt;About Stripe&lt;/h3&gt..., null, null, USD, , null, null, active, 0, 0, 1, 1, null, null, f, 7773621, greenhouse, https://stripe.com/jobs/search?gh_jid=7773621, null, 2026-09-26 23:39:05.847489+00, f, ["Missing or invalid company name"], 0.8, {"id": 7773621, "title": "People Consultant", "location": "Mexic..., null, EGP, null, null, 2026-06-28 23:39:05.847485+00, , scraped).

/usr/local/lib/python3.11/site-packages/django/db/models/fields/__init__.py:1595: RuntimeWarning: DateTimeField Job.expires_at received a naive datetime (2026-09-26 23:39:05.851608) while time zone support is active.
  warnings.warn(
Failed to process job: null value in column "experience_level" of relation "jobs_job" violates not-null constraint
DETAIL:  Failing row contains (285, 2026-06-28 23:39:05.851778+00, 2026-06-28 23:39:05.851788+00, 9cdcd839-3f99-4e69-acf0-ac248d65a54e, People Partner, stripe-people-partner-7704660, San Francisco, Seattle, New York, Chicago, Atlanta or Toronto, , , null, &lt;h2&gt;&lt;em&gt;&lt;span style=&quot;font-size: 8pt;&quot;&g..., null, null, USD, , null, null, active, 0, 0, 1, 1, null, null, f, 7704660, greenhouse, https://stripe.com/jobs/search?gh_jid=7704660, null, 2026-09-26 23:39:05.851608+00, f, ["Missing or invalid company name"], 0.8, {"id": 7704660, "title": "People Partner", "location": "San Fran..., null, EGP, null, null, 2026-06-28 23:39:05.851603+00, , scraped).

/usr/local/lib/python3.11/site-packages/django/db/models/fields/__init__.py:1595: RuntimeWarning: DateTimeField Job.expires_at received a naive datetime (2026-09-26 23:39:05.855488) while time zone support is active.
  warnings.warn(
Failed to process job: null value in column "experience_level" of relation "jobs_job" violates not-null constraint
DETAIL:  Failing row contains (286, 2026-06-28 23:39:05.855664+00, 2026-06-28 23:39:05.855675+00, 4d8e5104-9e90-46e0-9704-90c633518691, People Project Manager, stripe-people-project-manager-7953899, US-Remote, Atlanta, Chicago, , , null, &lt;p&gt;The People Operations and Insights team drives project ..., null, null, USD, , null, null, active, 0, 0, 1, 1, null, null, f, 7953899, greenhouse, https://stripe.com/jobs/search?gh_jid=7953899, null, 2026-09-26 23:39:05.855488+00, f, ["Missing or invalid company name"], 0.8, {"id": 7953899, "title": "People Project Manager", "location": "..., null, EGP, null, null, 2026-06-28 23:39:05.855484+00, , scraped).

/usr/local/lib/python3.11/site-packages/django/db/models/fields/__init__.py:1595: RuntimeWarning: DateTimeField Job.expires_at received a naive datetime (2026-09-26 23:39:05.859372) while time zone support is active.
  warnings.warn(
Failed to process job: null value in column "experience_level" of relation "jobs_job" violates not-null constraint
DETAIL:  Failing row contains (287, 2026-06-28 23:39:05.859528+00, 2026-06-28 23:39:05.859537+00, 5678eeb5-70cf-46dd-b577-a7a13e8b755d, People Solutions Program Manager, stripe-people-solutions-program-manager-7594208, US-Remote; US-Chicago; US-Atlanta; CA-Toronto, , , null, &lt;h2&gt;&lt;strong&gt;Who we are &lt;/strong&gt;&lt;/h2&gt;
&l..., null, null, USD, , null, null, active, 0, 0, 1, 1, null, null, f, 7594208, greenhouse, https://stripe.com/jobs/search?gh_jid=7594208, null, 2026-09-26 23:39:05.859372+00, f, ["Missing or invalid company name"], 0.8, {"id": 7594208, "title": "People Solutions Program Manager", "lo..., null, EGP, null, null, 2026-06-28 23:39:05.859368+00, , scraped).

/usr/local/lib/python3.11/site-packages/django/db/models/fields/__init__.py:1595: RuntimeWarning: DateTimeField Job.expires_at received a naive datetime (2026-09-26 23:39:05.863396) while time zone support is active.
  warnings.warn(
Failed to process job: null value in column "experience_level" of relation "jobs_job" violates not-null constraint
DETAIL:  Failing row contains (288, 2026-06-28 23:39:05.863571+00, 2026-06-28 23:39:05.863581+00, 6df7f1b7-cab8-4188-a919-382baa84eca4, People Systems Platform Engineer (Salesforce), stripe-people-systems-platform-engineer-salesforce-7930153, NY, CHI, US-REM, , , null, &lt;h2&gt;Who we are&lt;/h2&gt;
&lt;h3&gt;About Stripe&lt;/h3&gt..., null, null, USD, , null, null, active, 0, 0, 1, 1, null, null, f, 7930153, greenhouse, https://stripe.com/jobs/search?gh_jid=7930153, null, 2026-09-26 23:39:05.863396+00, f, ["Missing or invalid company name"], 0.8, {"id": 7930153, "title": "People Systems Platform Engineer (Sale..., null, EGP, null, null, 2026-06-28 23:39:05.863392+00, , scraped).

/usr/local/lib/python3.11/site-packages/django/db/models/fields/__init__.py:1595: RuntimeWarning: DateTimeField Job.expires_at received a naive datetime (2026-09-26 23:39:05.867444) while time zone support is active.
  warnings.warn(
Failed to process job: null value in column "experience_level" of relation "jobs_job" violates not-null constraint
DETAIL:  Failing row contains (289, 2026-06-28 23:39:05.867603+00, 2026-06-28 23:39:05.867612+00, 91729ed2-b2b7-49d5-9777-6bafeed9b3aa, PhD Data Scientist, Intern, stripe-phd-data-scientist-intern-7285974, Toronto, Ontario, Canada, , , null, &lt;h2&gt;&lt;strong&gt;Who we are&lt;/strong&gt;&lt;/h2&gt;
&lt..., null, null, USD, , null, null, active, 0, 0, 1, 1, null, null, f, 7285974, greenhouse, https://stripe.com/jobs/search?gh_jid=7285974, null, 2026-09-26 23:39:05.867444+00, f, ["Missing or invalid company name"], 0.8, {"id": 7285974, "title": "PhD Data Scientist, Intern", "location..., null, EGP, null, null, 2026-06-28 23:39:05.867439+00, , scraped).

/usr/local/lib/python3.11/site-packages/django/db/models/fields/__init__.py:1595: RuntimeWarning: DateTimeField Job.expires_at received a naive datetime (2026-09-26 23:39:05.872119) while time zone support is active.
  warnings.warn(
Failed to process job: null value in column "experience_level" of relation "jobs_job" violates not-null constraint
DETAIL:  Failing row contains (290, 2026-06-28 23:39:05.872285+00, 2026-06-28 23:39:05.872295+00, a70676da-e68a-4a96-9de5-01252ed7d22e, Policy Development & Strategy, stripe-policy-development-strategy-7858723, US-Remote, , , null, &lt;h2&gt;&lt;strong&gt;Who we are &lt;/strong&gt;&lt;/h2&gt;
&l..., null, null, USD, , null, null, active, 0, 0, 1, 1, null, null, f, 7858723, greenhouse, https://stripe.com/jobs/search?gh_jid=7858723, null, 2026-09-26 23:39:05.872119+00, f, ["Missing or invalid company name"], 0.8, {"id": 7858723, "title": "Policy Development & Strategy", "locat..., null, EGP, null, null, 2026-06-28 23:39:05.872114+00, , scraped).

/usr/local/lib/python3.11/site-packages/django/db/models/fields/__init__.py:1595: RuntimeWarning: DateTimeField Job.expires_at received a naive datetime (2026-09-26 23:39:05.875524) while time zone support is active.
  warnings.warn(
Failed to process job: null value in column "experience_level" of relation "jobs_job" violates not-null constraint
DETAIL:  Failing row contains (291, 2026-06-28 23:39:05.87568+00, 2026-06-28 23:39:05.87569+00, 72571953-9aba-4ffd-9140-2cfde929138e, Portfolio Pricing Strategist, stripe-portfolio-pricing-strategist-7858811, US-Remote, , , null, &lt;h2&gt;Who we are&lt;/h2&gt;
&lt;h3&gt;About Stripe&lt;/h3&gt..., null, null, USD, , null, null, active, 0, 0, 1, 1, null, null, f, 7858811, greenhouse, https://stripe.com/jobs/search?gh_jid=7858811, null, 2026-09-26 23:39:05.875524+00, f, ["Missing or invalid company name"], 0.8, {"id": 7858811, "title": "Portfolio Pricing Strategist", "locati..., null, EGP, null, null, 2026-06-28 23:39:05.87552+00, , scraped).

/usr/local/lib/python3.11/site-packages/django/db/models/fields/__init__.py:1595: RuntimeWarning: DateTimeField Job.expires_at received a naive datetime (2026-09-26 23:39:05.879321) while time zone support is active.
  warnings.warn(
Failed to process job: null value in column "experience_level" of relation "jobs_job" violates not-null constraint
DETAIL:  Failing row contains (292, 2026-06-28 23:39:05.87948+00, 2026-06-28 23:39:05.87949+00, e972876a-2de6-4629-b921-bc38a5515c6b, Privacy Fellow, stripe-privacy-fellow-7834218, Seattle, WA; San Francisco, CA, , , null, &lt;h2&gt;Who we are&lt;/h2&gt;
&lt;h3&gt;About Stripe&lt;/h3&gt..., null, null, USD, , null, null, active, 0, 0, 1, 1, null, null, f, 7834218, greenhouse, https://stripe.com/jobs/search?gh_jid=7834218, null, 2026-09-26 23:39:05.879321+00, f, ["Missing or invalid company name"], 0.8, {"id": 7834218, "title": "Privacy Fellow", "location": "Seattle,..., null, EGP, null, null, 2026-06-28 23:39:05.879318+00, , scraped).

/usr/local/lib/python3.11/site-packages/django/db/models/fields/__init__.py:1595: RuntimeWarning: DateTimeField Job.expires_at received a naive datetime (2026-09-26 23:39:05.882586) while time zone support is active.
  warnings.warn(
Failed to process job: null value in column "experience_level" of relation "jobs_job" violates not-null constraint
DETAIL:  Failing row contains (293, 2026-06-28 23:39:05.882746+00, 2026-06-28 23:39:05.882756+00, 88d1a9d6-8e01-4988-be2a-948b8602f119, Processing Cost Accountant, stripe-processing-cost-accountant-7649036, Bangalore, , , null, &lt;p&gt;&lt;strong&gt;Processing Cost Analyst&lt;/strong&gt;&lt..., null, null, USD, , null, null, active, 0, 0, 1, 1, null, null, f, 7649036, greenhouse, https://stripe.com/jobs/search?gh_jid=7649036, null, 2026-09-26 23:39:05.882586+00, f, ["Missing or invalid company name"], 0.8, {"id": 7649036, "title": "Processing Cost Accountant", "location..., null, EGP, null, null, 2026-06-28 23:39:05.882582+00, , scraped).

/usr/local/lib/python3.11/site-packages/django/db/models/fields/__init__.py:1595: RuntimeWarning: DateTimeField Job.expires_at received a naive datetime (2026-09-26 23:39:05.886526) while time zone support is active.
  warnings.warn(
Failed to process job: null value in column "experience_level" of relation "jobs_job" violates not-null constraint
DETAIL:  Failing row contains (294, 2026-06-28 23:39:05.886673+00, 2026-06-28 23:39:05.886681+00, 6ceff63d-9fbf-4f67-956f-b9edbb119eb4, Procurement Transformation Program Manager, Operations and AI, stripe-procurement-transformation-program-manager-operati-798942..., CHI, NYC, SEA, NYC, , , null, &lt;h2&gt;Who we are&lt;/h2&gt;
&lt;h3&gt;About Stripe&lt;/h3&gt..., null, null, USD, , null, null, active, 0, 0, 1, 1, null, null, f, 7989423, greenhouse, https://stripe.com/jobs/search?gh_jid=7989423, null, 2026-09-26 23:39:05.886526+00, f, ["Missing or invalid company name"], 0.8, {"id": 7989423, "title": "Procurement Transformation Program Man..., null, EGP, null, null, 2026-06-28 23:39:05.886523+00, , scraped).

/usr/local/lib/python3.11/site-packages/django/db/models/fields/__init__.py:1595: RuntimeWarning: DateTimeField Job.expires_at received a naive datetime (2026-09-26 23:39:05.889754) while time zone support is active.
  warnings.warn(
Failed to process job: null value in column "experience_level" of relation "jobs_job" violates not-null constraint
DETAIL:  Failing row contains (295, 2026-06-28 23:39:05.889907+00, 2026-06-28 23:39:05.889917+00, 93ab82d0-f3fd-4b51-8319-bb6b8d56350d, Product Accounting Data Insights, stripe-product-accounting-data-insights-7813945, Bengaluru, , , null, &lt;h2&gt;Who we are&lt;/h2&gt;
&lt;h3&gt;About Stripe&lt;/h3&gt..., null, null, USD, , null, null, active, 0, 0, 1, 1, null, null, f, 7813945, greenhouse, https://stripe.com/jobs/search?gh_jid=7813945, null, 2026-09-26 23:39:05.889754+00, f, ["Missing or invalid company name"], 0.8, {"id": 7813945, "title": "Product Accounting Data Insights", "lo..., null, EGP, null, null, 2026-06-28 23:39:05.889751+00, , scraped).

/usr/local/lib/python3.11/site-packages/django/db/models/fields/__init__.py:1595: RuntimeWarning: DateTimeField Job.expires_at received a naive datetime (2026-09-26 23:39:05.893450) while time zone support is active.
  warnings.warn(
Failed to process job: null value in column "experience_level" of relation "jobs_job" violates not-null constraint
DETAIL:  Failing row contains (296, 2026-06-28 23:39:05.893595+00, 2026-06-28 23:39:05.893604+00, 5c797906-692c-4207-9169-84af41b48fdf, Product Compliance and Enablement Advisor, stripe-product-compliance-and-enablement-advisor-8003129, London, Dublin, , , null, &lt;h2&gt;&lt;strong&gt;Who we are&lt;/strong&gt;&lt;/h2&gt;
&lt..., null, null, USD, , null, null, active, 0, 0, 1, 1, null, null, f, 8003129, greenhouse, https://stripe.com/jobs/search?gh_jid=8003129, null, 2026-09-26 23:39:05.89345+00, f, ["Missing or invalid company name"], 0.8, {"id": 8003129, "title": "Product Compliance and Enablement Advi..., null, EGP, null, null, 2026-06-28 23:39:05.893447+00, , scraped).

/usr/local/lib/python3.11/site-packages/django/db/models/fields/__init__.py:1595: RuntimeWarning: DateTimeField Job.expires_at received a naive datetime (2026-09-26 23:39:05.897557) while time zone support is active.
  warnings.warn(
Failed to process job: null value in column "experience_level" of relation "jobs_job" violates not-null constraint
DETAIL:  Failing row contains (297, 2026-06-28 23:39:05.897743+00, 2026-06-28 23:39:05.897754+00, d08a1c79-ec22-444b-9d30-52251b6d3472, Product Compliance and Enablement Advisor, stripe-product-compliance-and-enablement-advisor-8010302, Singapore, , , null, &lt;h2&gt;&lt;strong&gt;Who we are&lt;/strong&gt;&lt;/h2&gt;
&lt..., null, null, USD, , null, null, active, 0, 0, 1, 1, null, null, f, 8010302, greenhouse, https://stripe.com/jobs/search?gh_jid=8010302, null, 2026-09-26 23:39:05.897557+00, f, ["Missing or invalid company name"], 0.8, {"id": 8010302, "title": "Product Compliance and Enablement Advi..., null, EGP, null, null, 2026-06-28 23:39:05.897553+00, , scraped).

/usr/local/lib/python3.11/site-packages/django/db/models/fields/__init__.py:1595: RuntimeWarning: DateTimeField Job.expires_at received a naive datetime (2026-09-26 23:39:05.901587) while time zone support is active.
  warnings.warn(
Failed to process job: null value in column "experience_level" of relation "jobs_job" violates not-null constraint
DETAIL:  Failing row contains (298, 2026-06-28 23:39:05.90173+00, 2026-06-28 23:39:05.901738+00, 3ccb1014-62fb-43c8-b133-5c3eb143d454, Product Counsel, Data Products, stripe-product-counsel-data-products-7930151, US remote, , , null, &lt;h2&gt;&lt;strong&gt;Who we are&lt;/strong&gt;&lt;/h2&gt;
&lt..., null, null, USD, , null, null, active, 0, 0, 1, 1, null, null, f, 7930151, greenhouse, https://stripe.com/jobs/search?gh_jid=7930151, null, 2026-09-26 23:39:05.901587+00, f, ["Missing or invalid company name"], 0.8, {"id": 7930151, "title": "Product Counsel, Data Products", "loca..., null, EGP, null, null, 2026-06-28 23:39:05.901584+00, , scraped).

/usr/local/lib/python3.11/site-packages/django/db/models/fields/__init__.py:1595: RuntimeWarning: DateTimeField Job.expires_at received a naive datetime (2026-09-26 23:39:05.905001) while time zone support is active.
  warnings.warn(
Failed to process job: null value in column "experience_level" of relation "jobs_job" violates not-null constraint
DETAIL:  Failing row contains (299, 2026-06-28 23:39:05.905181+00, 2026-06-28 23:39:05.905191+00, f2871ba0-8b60-40ac-b6a6-fce6eb48741e, Product Counsel, Terminal, stripe-product-counsel-terminal-7558757, US-Remote, Toronto, , , null, &lt;h2&gt;&lt;strong&gt;Who we are&lt;/strong&gt;&lt;/h2&gt;
&lt..., null, null, USD, , null, null, active, 0, 0, 1, 1, null, null, f, 7558757, greenhouse, https://stripe.com/jobs/search?gh_jid=7558757, null, 2026-09-26 23:39:05.905001+00, f, ["Missing or invalid company name"], 0.8, {"id": 7558757, "title": "Product Counsel, Terminal", "location"..., null, EGP, null, null, 2026-06-28 23:39:05.904998+00, , scraped).

/usr/local/lib/python3.11/site-packages/django/db/models/fields/__init__.py:1595: RuntimeWarning: DateTimeField Job.expires_at received a naive datetime (2026-09-26 23:39:05.908696) while time zone support is active.
  warnings.warn(
Failed to process job: null value in column "experience_level" of relation "jobs_job" violates not-null constraint
DETAIL:  Failing row contains (300, 2026-06-28 23:39:05.908915+00, 2026-06-28 23:39:05.908926+00, 6cc5070e-3037-4df1-813a-b7ba2b84b9e9, Product Designer, Connect Risk, stripe-product-designer-connect-risk-7568117, US / Canada, , , null, &lt;h2&gt;Who we are&lt;/h2&gt;
&lt;h3&gt;About Stripe&lt;/h3&gt..., null, null, USD, , null, null, active, 0, 0, 1, 1, null, null, f, 7568117, greenhouse, https://stripe.com/jobs/search?gh_jid=7568117, null, 2026-09-26 23:39:05.908696+00, f, ["Missing or invalid company name"], 0.8, {"id": 7568117, "title": "Product Designer, Connect Risk", "loca..., null, EGP, null, null, 2026-06-28 23:39:05.908691+00, , scraped).

/usr/local/lib/python3.11/site-packages/django/db/models/fields/__init__.py:1595: RuntimeWarning: DateTimeField Job.expires_at received a naive datetime (2026-09-26 23:39:05.912555) while time zone support is active.
  warnings.warn(
Failed to process job: null value in column "experience_level" of relation "jobs_job" violates not-null constraint
DETAIL:  Failing row contains (301, 2026-06-28 23:39:05.912951+00, 2026-06-28 23:39:05.912964+00, 262b094b-f7a0-43f6-80a4-dde0a9170a87, Product Designer - Dashboard, stripe-product-designer-dashboard-7980578, US / Canada, , , null, &lt;h2&gt;Who we are&lt;/h2&gt;
&lt;h3&gt;About Stripe&lt;/h3&gt..., null, null, USD, , null, null, active, 0, 0, 1, 1, null, null, f, 7980578, greenhouse, https://stripe.com/jobs/search?gh_jid=7980578, null, 2026-09-26 23:39:05.912555+00, f, ["Missing or invalid company name"], 0.8, {"id": 7980578, "title": "Product Designer - Dashboard", "locati..., null, EGP, null, null, 2026-06-28 23:39:05.91255+00, , scraped).

/usr/local/lib/python3.11/site-packages/django/db/models/fields/__init__.py:1595: RuntimeWarning: DateTimeField Job.expires_at received a naive datetime (2026-09-26 23:39:05.916687) while time zone support is active.
  warnings.warn(
Failed to process job: null value in column "experience_level" of relation "jobs_job" violates not-null constraint
DETAIL:  Failing row contains (302, 2026-06-28 23:39:05.916848+00, 2026-06-28 23:39:05.916858+00, 52b34817-1668-4cbe-b03f-0307d99c4fc5, Product Designer, Global, stripe-product-designer-global-7861422, Ireland, , , null, &lt;h2&gt;Who we are&lt;/h2&gt;
&lt;h3&gt;About Stripe&lt;/h3&gt..., null, null, USD, , null, null, active, 0, 0, 1, 1, null, null, f, 7861422, greenhouse, https://stripe.com/jobs/search?gh_jid=7861422, null, 2026-09-26 23:39:05.916687+00, f, ["Missing or invalid company name"], 0.8, {"id": 7861422, "title": "Product Designer, Global", "location":..., null, EGP, null, null, 2026-06-28 23:39:05.916683+00, , scraped).

/usr/local/lib/python3.11/site-packages/django/db/models/fields/__init__.py:1595: RuntimeWarning: DateTimeField Job.expires_at received a naive datetime (2026-09-26 23:39:05.920824) while time zone support is active.
  warnings.warn(
Failed to process job: null value in column "experience_level" of relation "jobs_job" violates not-null constraint
DETAIL:  Failing row contains (303, 2026-06-28 23:39:05.920987+00, 2026-06-28 23:39:05.920997+00, a767d840-fb0c-46d2-becb-5ad48a64862e, Product Designer, Global, stripe-product-designer-global-7824008, Singapore, , , null, &lt;h2&gt;Who we are&lt;/h2&gt;
&lt;h3&gt;About Stripe&lt;/h3&gt..., null, null, USD, , null, null, active, 0, 0, 1, 1, null, null, f, 7824008, greenhouse, https://stripe.com/jobs/search?gh_jid=7824008, null, 2026-09-26 23:39:05.920824+00, f, ["Missing or invalid company name"], 0.8, {"id": 7824008, "title": "Product Designer, Global", "location":..., null, EGP, null, null, 2026-06-28 23:39:05.92082+00, , scraped).

/usr/local/lib/python3.11/site-packages/django/db/models/fields/__init__.py:1595: RuntimeWarning: DateTimeField Job.expires_at received a naive datetime (2026-09-26 23:39:05.924120) while time zone support is active.
  warnings.warn(
Failed to process job: null value in column "experience_level" of relation "jobs_job" violates not-null constraint
DETAIL:  Failing row contains (304, 2026-06-28 23:39:05.92428+00, 2026-06-28 23:39:05.92429+00, 8d6b0ac2-b27a-441e-ae6c-453620a785f4, Product Designer, Internal Tools, stripe-product-designer-internal-tools-7954207, US / Canada, , , null, &lt;h2&gt;Who we are&lt;/h2&gt;
&lt;h3&gt;About Stripe&lt;/h3&gt..., null, null, USD, , null, null, active, 0, 0, 1, 1, null, null, f, 7954207, greenhouse, https://stripe.com/jobs/search?gh_jid=7954207, null, 2026-09-26 23:39:05.92412+00, f, ["Missing or invalid company name"], 0.8, {"id": 7954207, "title": "Product Designer, Internal Tools", "lo..., null, EGP, null, null, 2026-06-28 23:39:05.924117+00, , scraped).

/usr/local/lib/python3.11/site-packages/django/db/models/fields/__init__.py:1595: RuntimeWarning: DateTimeField Job.expires_at received a naive datetime (2026-09-26 23:39:05.928651) while time zone support is active.
  warnings.warn(
Failed to process job: null value in column "experience_level" of relation "jobs_job" violates not-null constraint
DETAIL:  Failing row contains (305, 2026-06-28 23:39:05.92882+00, 2026-06-28 23:39:05.92883+00, 5affb5bc-572e-423b-8736-dd205746710d, Product Designer, Issuing, stripe-product-designer-issuing-7520327, Canada, , , null, &lt;h2&gt;Who we are&lt;/h2&gt;
&lt;h3&gt;About Stripe&lt;/h3&gt..., null, null, USD, , null, null, active, 0, 0, 1, 1, null, null, f, 7520327, greenhouse, https://stripe.com/jobs/search?gh_jid=7520327, null, 2026-09-26 23:39:05.928651+00, f, ["Missing or invalid company name"], 0.8, {"id": 7520327, "title": "Product Designer, Issuing", "location"..., null, EGP, null, null, 2026-06-28 23:39:05.928647+00, , scraped).

/usr/local/lib/python3.11/site-packages/django/db/models/fields/__init__.py:1595: RuntimeWarning: DateTimeField Job.expires_at received a naive datetime (2026-09-26 23:39:05.932079) while time zone support is active.
  warnings.warn(
Failed to process job: null value in column "experience_level" of relation "jobs_job" violates not-null constraint
DETAIL:  Failing row contains (306, 2026-06-28 23:39:05.932253+00, 2026-06-28 23:39:05.932262+00, 04a97c4a-b2de-491d-a7cc-aafb12f9e1d6, Product Designer, Risk, stripe-product-designer-risk-7954118, Ireland / United Kingdom, , , null, &lt;h2&gt;Who we are&lt;/h2&gt;
&lt;h3&gt;About Stripe&lt;/h3&gt..., null, null, USD, , null, null, active, 0, 0, 1, 1, null, null, f, 7954118, greenhouse, https://stripe.com/jobs/search?gh_jid=7954118, null, 2026-09-26 23:39:05.932079+00, f, ["Missing or invalid company name"], 0.8, {"id": 7954118, "title": "Product Designer, Risk", "location": "..., null, EGP, null, null, 2026-06-28 23:39:05.932075+00, , scraped).

/usr/local/lib/python3.11/site-packages/django/db/models/fields/__init__.py:1595: RuntimeWarning: DateTimeField Job.expires_at received a naive datetime (2026-09-26 23:39:05.935739) while time zone support is active.
  warnings.warn(
Failed to process job: null value in column "experience_level" of relation "jobs_job" violates not-null constraint
DETAIL:  Failing row contains (307, 2026-06-28 23:39:05.935882+00, 2026-06-28 23:39:05.93589+00, 69a2b895-3ec8-4201-9d7c-14f097f951b3, Product Designer, Stablecoin, stripe-product-designer-stablecoin-7663023, Canada, , , null, &lt;h2&gt;&lt;strong&gt;Who we are&lt;/strong&gt;&lt;/h2&gt;
&lt..., null, null, USD, , null, null, active, 0, 0, 1, 1, null, null, f, 7663023, greenhouse, https://stripe.com/jobs/search?gh_jid=7663023, null, 2026-09-26 23:39:05.935739+00, f, ["Missing or invalid company name"], 0.8, {"id": 7663023, "title": "Product Designer, Stablecoin", "locati..., null, EGP, null, null, 2026-06-28 23:39:05.935735+00, , scraped).

/usr/local/lib/python3.11/site-packages/django/db/models/fields/__init__.py:1595: RuntimeWarning: DateTimeField Job.expires_at received a naive datetime (2026-09-26 23:39:05.939777) while time zone support is active.
  warnings.warn(
Failed to process job: null value in column "experience_level" of relation "jobs_job" violates not-null constraint
DETAIL:  Failing row contains (308, 2026-06-28 23:39:05.93994+00, 2026-06-28 23:39:05.939949+00, 4e81f8a5-3dea-4f41-a593-2fd7a59f22da, Product Designer, Terminal, stripe-product-designer-terminal-7925550, Toronto, , , null, &lt;h2&gt;&lt;strong&gt;Who we are&lt;/strong&gt;&lt;/h2&gt;
&lt..., null, null, USD, , null, null, active, 0, 0, 1, 1, null, null, f, 7925550, greenhouse, https://stripe.com/jobs/search?gh_jid=7925550, null, 2026-09-26 23:39:05.939777+00, f, ["Missing or invalid company name"], 0.8, {"id": 7925550, "title": "Product Designer, Terminal", "location..., null, EGP, null, null, 2026-06-28 23:39:05.939773+00, , scraped).

/usr/local/lib/python3.11/site-packages/django/db/models/fields/__init__.py:1595: RuntimeWarning: DateTimeField Job.expires_at received a naive datetime (2026-09-26 23:39:05.943982) while time zone support is active.
  warnings.warn(
Failed to process job: null value in column "experience_level" of relation "jobs_job" violates not-null constraint
DETAIL:  Failing row contains (309, 2026-06-28 23:39:05.94414+00, 2026-06-28 23:39:05.94415+00, 796cae4b-5505-484b-b237-bc8b0c2d5998, Product Lead, AI, stripe-product-lead-ai-7655023, San Francisco, Seattle, New York, Chicago, , , null, &lt;h2&gt;&lt;strong&gt;Who we are&lt;/strong&gt;&lt;/h2&gt;
&lt..., null, null, USD, , null, null, active, 0, 0, 1, 1, null, null, f, 7655023, greenhouse, https://stripe.com/jobs/search?gh_jid=7655023, null, 2026-09-26 23:39:05.943982+00, f, ["Missing or invalid company name"], 0.8, {"id": 7655023, "title": "Product Lead, AI", "location": "San Fr..., null, EGP, null, null, 2026-06-28 23:39:05.943978+00, , scraped).

/usr/local/lib/python3.11/site-packages/django/db/models/fields/__init__.py:1595: RuntimeWarning: DateTimeField Job.expires_at received a naive datetime (2026-09-26 23:39:05.948427) while time zone support is active.
  warnings.warn(
Failed to process job: null value in column "experience_level" of relation "jobs_job" violates not-null constraint
DETAIL:  Failing row contains (310, 2026-06-28 23:39:05.948608+00, 2026-06-28 23:39:05.948618+00, 86048387-9b78-4df0-97a8-9c671295f554, Product Lead, Connect, stripe-product-lead-connect-7819759, San Francisco, New York City, Seattle, US Remote, , , null, &lt;h2&gt;Who we are&lt;/h2&gt;
&lt;h3&gt;About Stripe&lt;/h3&gt..., null, null, USD, , null, null, active, 0, 0, 1, 1, null, null, f, 7819759, greenhouse, https://stripe.com/jobs/search?gh_jid=7819759, null, 2026-09-26 23:39:05.948427+00, f, ["Missing or invalid company name"], 0.8, {"id": 7819759, "title": "Product Lead, Connect", "location": "S..., null, EGP, null, null, 2026-06-28 23:39:05.948423+00, , scraped).

/usr/local/lib/python3.11/site-packages/django/db/models/fields/__init__.py:1595: RuntimeWarning: DateTimeField Job.expires_at received a naive datetime (2026-09-26 23:39:05.953768) while time zone support is active.
  warnings.warn(
Failed to process job: null value in column "experience_level" of relation "jobs_job" violates not-null constraint
DETAIL:  Failing row contains (311, 2026-06-28 23:39:05.953947+00, 2026-06-28 23:39:05.953958+00, f168bfeb-8ca2-4a6b-8ad1-96aebf1077d4, Product Lead, Data Products, stripe-product-lead-data-products-8014786, New York City, San Francisco, , , null, &lt;p&gt;&lt;strong&gt;About Stripe&lt;/strong&gt;&lt;/p&gt;
&lt..., null, null, USD, , null, null, active, 0, 0, 1, 1, null, null, f, 8014786, greenhouse, https://stripe.com/jobs/search?gh_jid=8014786, null, 2026-09-26 23:39:05.953768+00, f, ["Missing or invalid company name"], 0.8, {"id": 8014786, "title": "Product Lead, Data Products", "locatio..., null, EGP, null, null, 2026-06-28 23:39:05.953764+00, , scraped).

/usr/local/lib/python3.11/site-packages/django/db/models/fields/__init__.py:1595: RuntimeWarning: DateTimeField Job.expires_at received a naive datetime (2026-09-26 23:39:05.957638) while time zone support is active.
  warnings.warn(
Failed to process job: null value in column "experience_level" of relation "jobs_job" violates not-null constraint
DETAIL:  Failing row contains (312, 2026-06-28 23:39:05.957798+00, 2026-06-28 23:39:05.957808+00, 01ee02d8-81e2-4753-b96e-bc978b61664a, Product Lead, EMEA Payments, stripe-product-lead-emea-payments-7768979, Dublin, , , null, &lt;h2&gt;Who we are&lt;/h2&gt;
&lt;h3&gt;About Stripe&lt;/h3&gt..., null, null, USD, , null, null, active, 0, 0, 1, 1, null, null, f, 7768979, greenhouse, https://stripe.com/jobs/search?gh_jid=7768979, null, 2026-09-26 23:39:05.957638+00, f, ["Missing or invalid company name"], 0.8, {"id": 7768979, "title": "Product Lead, EMEA Payments", "locatio..., null, EGP, null, null, 2026-06-28 23:39:05.957634+00, , scraped).

/usr/local/lib/python3.11/site-packages/django/db/models/fields/__init__.py:1595: RuntimeWarning: DateTimeField Job.expires_at received a naive datetime (2026-09-26 23:39:05.962237) while time zone support is active.
  warnings.warn(
Failed to process job: null value in column "experience_level" of relation "jobs_job" violates not-null constraint
DETAIL:  Failing row contains (313, 2026-06-28 23:39:05.962409+00, 2026-06-28 23:39:05.96242+00, 3250c208-29cc-424d-8bc0-31eb41695f9b, Product Lead, EMEA Payments, stripe-product-lead-emea-payments-8027435, London, , , null, &lt;h2&gt;Who we are&lt;/h2&gt;
&lt;h3&gt;About Stripe&lt;/h3&gt..., null, null, USD, , null, null, active, 0, 0, 1, 1, null, null, f, 8027435, greenhouse, https://stripe.com/jobs/search?gh_jid=8027435, null, 2026-09-26 23:39:05.962237+00, f, ["Missing or invalid company name"], 0.8, {"id": 8027435, "title": "Product Lead, EMEA Payments", "locatio..., null, EGP, null, null, 2026-06-28 23:39:05.962234+00, , scraped).

/usr/local/lib/python3.11/site-packages/django/db/models/fields/__init__.py:1595: RuntimeWarning: DateTimeField Job.expires_at received a naive datetime (2026-09-26 23:39:05.967019) while time zone support is active.
  warnings.warn(
Failed to process job: null value in column "experience_level" of relation "jobs_job" violates not-null constraint
DETAIL:  Failing row contains (314, 2026-06-28 23:39:05.967345+00, 2026-06-28 23:39:05.967363+00, 37e9e0de-a650-4200-86f9-40be9e255a6c, Product Lead, Support Experience, stripe-product-lead-support-experience-7869917, Seattle, Washington, United States, , , null, &lt;h2&gt;Who we are&lt;/h2&gt;
&lt;h3&gt;&lt;strong&gt;About&lt..., null, null, USD, , null, null, active, 0, 0, 1, 1, null, null, f, 7869917, greenhouse, https://stripe.com/jobs/search?gh_jid=7869917, null, 2026-09-26 23:39:05.967019+00, f, ["Missing or invalid company name"], 0.8, {"id": 7869917, "title": "Product Lead, Support Experience", "lo..., null, EGP, null, null, 2026-06-28 23:39:05.96701+00, , scraped).

/usr/local/lib/python3.11/site-packages/django/db/models/fields/__init__.py:1595: RuntimeWarning: DateTimeField Job.expires_at received a naive datetime (2026-09-26 23:39:05.972499) while time zone support is active.
  warnings.warn(
Failed to process job: null value in column "experience_level" of relation "jobs_job" violates not-null constraint
DETAIL:  Failing row contains (315, 2026-06-28 23:39:05.972728+00, 2026-06-28 23:39:05.97274+00, b6fbd321-d90a-4075-8def-50d60a788586, Product Manager, Capital, stripe-product-manager-capital-7721834, London, , , null, &lt;h2&gt;Who we are&lt;/h2&gt;
&lt;h3&gt;About Stripe&lt;/h3&gt..., null, null, USD, , null, null, active, 0, 0, 1, 1, null, null, f, 7721834, greenhouse, https://stripe.com/jobs/search?gh_jid=7721834, null, 2026-09-26 23:39:05.972499+00, f, ["Missing or invalid company name"], 0.8, {"id": 7721834, "title": "Product Manager, Capital", "location":..., null, EGP, null, null, 2026-06-28 23:39:05.97249+00, , scraped).

/usr/local/lib/python3.11/site-packages/django/db/models/fields/__init__.py:1595: RuntimeWarning: DateTimeField Job.expires_at received a naive datetime (2026-09-26 23:39:05.977537) while time zone support is active.
  warnings.warn(
Failed to process job: null value in column "experience_level" of relation "jobs_job" violates not-null constraint
DETAIL:  Failing row contains (316, 2026-06-28 23:39:05.977707+00, 2026-06-28 23:39:05.977718+00, 814818dd-2877-4218-bc32-bf6217166225, Product Manager - Compliance, Bridge, stripe-product-manager-compliance-bridge-7979422, New York, San Francisco or Remote, , , null, &lt;h2&gt;Who we are&lt;/h2&gt;
&lt;h3&gt;About Bridge&lt;/h3&gt..., null, null, USD, , null, null, active, 0, 0, 1, 1, null, null, f, 7979422, greenhouse, https://stripe.com/jobs/search?gh_jid=7979422, null, 2026-09-26 23:39:05.977537+00, f, ["Missing or invalid company name"], 0.8, {"id": 7979422, "title": "Product Manager - Compliance, Bridge",..., null, EGP, null, null, 2026-06-28 23:39:05.977533+00, , scraped).

/usr/local/lib/python3.11/site-packages/django/db/models/fields/__init__.py:1595: RuntimeWarning: DateTimeField Job.expires_at received a naive datetime (2026-09-26 23:39:05.982128) while time zone support is active.
  warnings.warn(
Failed to process job: null value in column "experience_level" of relation "jobs_job" violates not-null constraint
DETAIL:  Failing row contains (317, 2026-06-28 23:39:05.982313+00, 2026-06-28 23:39:05.982324+00, 430c6067-0f68-4c09-bf08-a30f7bceb36f, Product Manager, Ecosystem Risk, stripe-product-manager-ecosystem-risk-7943244, Dublin, , , null, &lt;h2&gt;Who we are&lt;/h2&gt;
&lt;h3&gt;About Stripe&lt;/h3&gt..., null, null, USD, , null, null, active, 0, 0, 1, 1, null, null, f, 7943244, greenhouse, https://stripe.com/jobs/search?gh_jid=7943244, null, 2026-09-26 23:39:05.982128+00, f, ["Missing or invalid company name"], 0.8, {"id": 7943244, "title": "Product Manager, Ecosystem Risk", "loc..., null, EGP, null, null, 2026-06-28 23:39:05.982124+00, , scraped).

/usr/local/lib/python3.11/site-packages/django/db/models/fields/__init__.py:1595: RuntimeWarning: DateTimeField Job.expires_at received a naive datetime (2026-09-26 23:39:05.985892) while time zone support is active.
  warnings.warn(
Failed to process job: null value in column "experience_level" of relation "jobs_job" violates not-null constraint
DETAIL:  Failing row contains (318, 2026-06-28 23:39:05.986064+00, 2026-06-28 23:39:05.986073+00, deb7dd1b-c546-415d-bad2-f9a475c4f2c7, Product Manager, Ecosystem Risk, stripe-product-manager-ecosystem-risk-7947422, London, , , null, &lt;h2&gt;Who we are&lt;/h2&gt;
&lt;h3&gt;About Stripe&lt;/h3&gt..., null, null, USD, , null, null, active, 0, 0, 1, 1, null, null, f, 7947422, greenhouse, https://stripe.com/jobs/search?gh_jid=7947422, null, 2026-09-26 23:39:05.985892+00, f, ["Missing or invalid company name"], 0.8, {"id": 7947422, "title": "Product Manager, Ecosystem Risk", "loc..., null, EGP, null, null, 2026-06-28 23:39:05.985888+00, , scraped).

/usr/local/lib/python3.11/site-packages/django/db/models/fields/__init__.py:1595: RuntimeWarning: DateTimeField Job.expires_at received a naive datetime (2026-09-26 23:39:05.990487) while time zone support is active.
  warnings.warn(
Failed to process job: null value in column "experience_level" of relation "jobs_job" violates not-null constraint
DETAIL:  Failing row contains (319, 2026-06-28 23:39:05.990696+00, 2026-06-28 23:39:05.990706+00, 4758f638-a86b-4c89-a290-69baa3410141, Product Manager, Ecosystem Risk, stripe-product-manager-ecosystem-risk-7984866, New-York, Atlanta, Remote, Toronto, , , null, &lt;h2&gt;Who we are&lt;/h2&gt;
&lt;h3&gt;About Stripe&lt;/h3&gt..., null, null, USD, , null, null, active, 0, 0, 1, 1, null, null, f, 7984866, greenhouse, https://stripe.com/jobs/search?gh_jid=7984866, null, 2026-09-26 23:39:05.990487+00, f, ["Missing or invalid company name"], 0.8, {"id": 7984866, "title": "Product Manager, Ecosystem Risk", "loc..., null, EGP, null, null, 2026-06-28 23:39:05.990483+00, , scraped).

/usr/local/lib/python3.11/site-packages/django/db/models/fields/__init__.py:1595: RuntimeWarning: DateTimeField Job.expires_at received a naive datetime (2026-09-26 23:39:05.994652) while time zone support is active.
  warnings.warn(
Failed to process job: null value in column "experience_level" of relation "jobs_job" violates not-null constraint
DETAIL:  Failing row contains (320, 2026-06-28 23:39:05.994959+00, 2026-06-28 23:39:05.994973+00, 8ab71b79-a3a0-4c58-8daf-239fececd60d, Product Manager, EMEA Local Payment Methods, stripe-product-manager-emea-local-payment-methods-8010011, London, , , null, &lt;h2&gt;Who we are&lt;/h2&gt;
&lt;h3&gt;About Stripe&lt;/h3&gt..., null, null, USD, , null, null, active, 0, 0, 1, 1, null, null, f, 8010011, greenhouse, https://stripe.com/jobs/search?gh_jid=8010011, null, 2026-09-26 23:39:05.994652+00, f, ["Missing or invalid company name"], 0.8, {"id": 8010011, "title": "Product Manager, EMEA Local Payment Me..., null, EGP, null, null, 2026-06-28 23:39:05.994623+00, , scraped).

/usr/local/lib/python3.11/site-packages/django/db/models/fields/__init__.py:1595: RuntimeWarning: DateTimeField Job.expires_at received a naive datetime (2026-09-26 23:39:05.998826) while time zone support is active.
  warnings.warn(
Failed to process job: null value in column "experience_level" of relation "jobs_job" violates not-null constraint
DETAIL:  Failing row contains (321, 2026-06-28 23:39:05.998984+00, 2026-06-28 23:39:05.998994+00, 73611b4c-3326-48f5-a5a5-eee60ab482c6, Product Manager, Global Marketplaces, stripe-product-manager-global-marketplaces-8009671, London, , , null, &lt;h2&gt;Who we are&lt;/h2&gt;
&lt;h3&gt;About Stripe&lt;/h3&gt..., null, null, USD, , null, null, active, 0, 0, 1, 1, null, null, f, 8009671, greenhouse, https://stripe.com/jobs/search?gh_jid=8009671, null, 2026-09-26 23:39:05.998826+00, f, ["Missing or invalid company name"], 0.8, {"id": 8009671, "title": "Product Manager, Global Marketplaces",..., null, EGP, null, null, 2026-06-28 23:39:05.998822+00, , scraped).

/usr/local/lib/python3.11/site-packages/django/db/models/fields/__init__.py:1595: RuntimeWarning: DateTimeField Job.expires_at received a naive datetime (2026-09-26 23:39:06.004707) while time zone support is active.
  warnings.warn(
Failed to process job: null value in column "experience_level" of relation "jobs_job" violates not-null constraint
DETAIL:  Failing row contains (322, 2026-06-28 23:39:06.004889+00, 2026-06-28 23:39:06.0049+00, d3bbd602-dab8-42f1-906e-028b7e99aee2, Product Manager, Global Payouts – Cross-Border & Enterprise Ca..., stripe-product-manager-global-payouts-cross-border-enterp-799444..., New York, NY, , , null, &lt;h3&gt;About Stripe&lt;/h3&gt;
&lt;p&gt;Stripe is a financial..., null, null, USD, , null, null, active, 0, 0, 1, 1, null, null, f, 7994443, greenhouse, https://stripe.com/jobs/search?gh_jid=7994443, null, 2026-09-26 23:39:06.004707+00, f, ["Missing or invalid company name"], 0.8, {"id": 7994443, "title": "Product Manager, Global Payouts – Cr..., null, EGP, null, null, 2026-06-28 23:39:06.004703+00, , scraped).

/usr/local/lib/python3.11/site-packages/django/db/models/fields/__init__.py:1595: RuntimeWarning: DateTimeField Job.expires_at received a naive datetime (2026-09-26 23:39:06.009097) while time zone support is active.
  warnings.warn(
Failed to process job: null value in column "experience_level" of relation "jobs_job" violates not-null constraint
DETAIL:  Failing row contains (323, 2026-06-28 23:39:06.009372+00, 2026-06-28 23:39:06.009386+00, 201ea482-f759-44da-aa5c-7dd724c54263, Product Manager, Growth AI Outreach Motion , stripe-product-manager-growth-ai-outreach-motion-7809139, Toronto, Remote- Canada, , , null, &lt;h2&gt;Who we are&lt;/h2&gt;
&lt;h3&gt;About Stripe&lt;/h3&gt..., null, null, USD, , null, null, active, 0, 0, 1, 1, null, null, f, 7809139, greenhouse, https://stripe.com/jobs/search?gh_jid=7809139, null, 2026-09-26 23:39:06.009097+00, f, ["Missing or invalid company name"], 0.8, {"id": 7809139, "title": "Product Manager, Growth AI Outreach Mo..., null, EGP, null, null, 2026-06-28 23:39:06.00909+00, , scraped).

/usr/local/lib/python3.11/site-packages/django/db/models/fields/__init__.py:1595: RuntimeWarning: DateTimeField Job.expires_at received a naive datetime (2026-09-26 23:39:06.013945) while time zone support is active.
  warnings.warn(
Failed to process job: null value in column "experience_level" of relation "jobs_job" violates not-null constraint
DETAIL:  Failing row contains (324, 2026-06-28 23:39:06.014189+00, 2026-06-28 23:39:06.014205+00, eec9788c-b73f-4be4-96a7-0e885d9750e0, Product Manager, Infrastructure, stripe-product-manager-infrastructure-6651889, Remote in the US, , , null, &lt;h2&gt;Who we are&lt;/h2&gt;
&lt;h3&gt;About Stripe&lt;/h3&gt..., null, null, USD, , null, null, active, 0, 0, 1, 1, null, null, f, 6651889, greenhouse, https://stripe.com/jobs/search?gh_jid=6651889, null, 2026-09-26 23:39:06.013945+00, f, ["Missing or invalid company name"], 0.8, {"id": 6651889, "title": "Product Manager, Infrastructure", "loc..., null, EGP, null, null, 2026-06-28 23:39:06.013939+00, , scraped).

/usr/local/lib/python3.11/site-packages/django/db/models/fields/__init__.py:1595: RuntimeWarning: DateTimeField Job.expires_at received a naive datetime (2026-09-26 23:39:06.020424) while time zone support is active.
  warnings.warn(
Failed to process job: null value in column "experience_level" of relation "jobs_job" violates not-null constraint
DETAIL:  Failing row contains (325, 2026-06-28 23:39:06.020631+00, 2026-06-28 23:39:06.020642+00, abb2fcf4-929b-4c23-b4d7-e2215b8847a2, Product Manager, Link - Consumer, stripe-product-manager-link-consumer-7392697, SF, SEA, NY, Remote-US, , , null, &lt;h2&gt;Who we are&lt;/h2&gt;
&lt;h3&gt;About Stripe&lt;/h3&gt..., null, null, USD, , null, null, active, 0, 0, 1, 1, null, null, f, 7392697, greenhouse, https://stripe.com/jobs/search?gh_jid=7392697, null, 2026-09-26 23:39:06.020424+00, f, ["Missing or invalid company name"], 0.8, {"id": 7392697, "title": "Product Manager, Link - Consumer", "lo..., null, EGP, null, null, 2026-06-28 23:39:06.020418+00, , scraped).

/usr/local/lib/python3.11/site-packages/django/db/models/fields/__init__.py:1595: RuntimeWarning: DateTimeField Job.expires_at received a naive datetime (2026-09-26 23:39:06.026339) while time zone support is active.
  warnings.warn(
Failed to process job: null value in column "experience_level" of relation "jobs_job" violates not-null constraint
DETAIL:  Failing row contains (326, 2026-06-28 23:39:06.026551+00, 2026-06-28 23:39:06.026564+00, be2cd79a-aaaf-4896-a37d-a64b2a4eee01, Product Manager, Link - Local Payment Methods, stripe-product-manager-link-local-payment-methods-7981330, USA, , , null, &lt;h2&gt;Who we are&lt;/h2&gt;
&lt;h3&gt;About Stripe&lt;/h3&gt..., null, null, USD, , null, null, active, 0, 0, 1, 1, null, null, f, 7981330, greenhouse, https://stripe.com/jobs/search?gh_jid=7981330, null, 2026-09-26 23:39:06.026339+00, f, ["Missing or invalid company name"], 0.8, {"id": 7981330, "title": "Product Manager, Link - Local Payment ..., null, EGP, null, null, 2026-06-28 23:39:06.026334+00, , scraped).

/usr/local/lib/python3.11/site-packages/django/db/models/fields/__init__.py:1595: RuntimeWarning: DateTimeField Job.expires_at received a naive datetime (2026-09-26 23:39:06.031560) while time zone support is active.
  warnings.warn(
Failed to process job: null value in column "experience_level" of relation "jobs_job" violates not-null constraint
DETAIL:  Failing row contains (327, 2026-06-28 23:39:06.031755+00, 2026-06-28 23:39:06.031767+00, ca145afc-5ad9-444d-b5c1-d40885855c8f, Product Manager, Payments, stripe-product-manager-payments-7176530, SF, NY, SEA, Remote-US, , , null, &lt;h2&gt;Who we are&lt;/h2&gt;
&lt;h3&gt;About Stripe&lt;/h3&gt..., null, null, USD, , null, null, active, 0, 0, 1, 1, null, null, f, 7176530, greenhouse, https://stripe.com/jobs/search?gh_jid=7176530, null, 2026-09-26 23:39:06.03156+00, f, ["Missing or invalid company name"], 0.8, {"id": 7176530, "title": "Product Manager, Payments", "location"..., null, EGP, null, null, 2026-06-28 23:39:06.031555+00, , scraped).

/usr/local/lib/python3.11/site-packages/django/db/models/fields/__init__.py:1595: RuntimeWarning: DateTimeField Job.expires_at received a naive datetime (2026-09-26 23:39:06.037327) while time zone support is active.
  warnings.warn(
Failed to process job: null value in column "experience_level" of relation "jobs_job" violates not-null constraint
DETAIL:  Failing row contains (328, 2026-06-28 23:39:06.03756+00, 2026-06-28 23:39:06.037572+00, 42cfa6ad-fa3a-4b33-9ed0-9ea5ceb06038, Product Manager, Risk & Compliance, stripe-product-manager-risk-compliance-7625842, Bengaluru, , , null, &lt;h2&gt;Who we are&lt;/h2&gt;
&lt;h3&gt;About Stripe&lt;/h3&gt..., null, null, USD, , null, null, active, 0, 0, 1, 1, null, null, f, 7625842, greenhouse, https://stripe.com/jobs/search?gh_jid=7625842, null, 2026-09-26 23:39:06.037327+00, f, ["Missing or invalid company name"], 0.8, {"id": 7625842, "title": "Product Manager, Risk & Compliance", "..., null, EGP, null, null, 2026-06-28 23:39:06.037317+00, , scraped).

/usr/local/lib/python3.11/site-packages/django/db/models/fields/__init__.py:1595: RuntimeWarning: DateTimeField Job.expires_at received a naive datetime (2026-09-26 23:39:06.044076) while time zone support is active.
  warnings.warn(
Failed to process job: null value in column "experience_level" of relation "jobs_job" violates not-null constraint
DETAIL:  Failing row contains (329, 2026-06-28 23:39:06.044705+00, 2026-06-28 23:39:06.044723+00, 7b959e99-5798-46cf-bada-2f8499ffb0e5, Product Manager, Sail Core, stripe-product-manager-sail-core-7913698, Toronto, , , null, &lt;h2&gt;Who we are&lt;/h2&gt;
&lt;h3&gt;About Stripe&lt;/h3&gt..., null, null, USD, , null, null, active, 0, 0, 1, 1, null, null, f, 7913698, greenhouse, https://stripe.com/jobs/search?gh_jid=7913698, null, 2026-09-26 23:39:06.044076+00, f, ["Missing or invalid company name"], 0.8, {"id": 7913698, "title": "Product Manager, Sail Core", "location..., null, EGP, null, null, 2026-06-28 23:39:06.044067+00, , scraped).

/usr/local/lib/python3.11/site-packages/django/db/models/fields/__init__.py:1595: RuntimeWarning: DateTimeField Job.expires_at received a naive datetime (2026-09-26 23:39:06.050196) while time zone support is active.
  warnings.warn(
Failed to process job: null value in column "experience_level" of relation "jobs_job" violates not-null constraint
DETAIL:  Failing row contains (330, 2026-06-28 23:39:06.05042+00, 2026-06-28 23:39:06.050433+00, 49bb4ff8-0ece-47c3-aacc-892a52716fef, Product Manager, Startup Products, stripe-product-manager-startup-products-7901987, NYC, Chicago, Seattle, San Francisco, , , null, &lt;h2&gt;&lt;strong&gt;Who we are&lt;/strong&gt;&lt;/h2&gt;
&lt..., null, null, USD, , null, null, active, 0, 0, 1, 1, null, null, f, 7901987, greenhouse, https://stripe.com/jobs/search?gh_jid=7901987, null, 2026-09-26 23:39:06.050196+00, f, ["Missing or invalid company name"], 0.8, {"id": 7901987, "title": "Product Manager, Startup Products", "l..., null, EGP, null, null, 2026-06-28 23:39:06.050191+00, , scraped).

/usr/local/lib/python3.11/site-packages/django/db/models/fields/__init__.py:1595: RuntimeWarning: DateTimeField Job.expires_at received a naive datetime (2026-09-26 23:39:06.055229) while time zone support is active.
  warnings.warn(
Failed to process job: null value in column "experience_level" of relation "jobs_job" violates not-null constraint
DETAIL:  Failing row contains (331, 2026-06-28 23:39:06.055463+00, 2026-06-28 23:39:06.055477+00, 8568f689-0b38-4681-ba30-31ba137f98d5, Product Manager, Terminal Device Expansion, stripe-product-manager-terminal-device-expansion-7927089, San Francisco, , , null, &lt;h3&gt;&lt;strong&gt;About Stripe&lt;/strong&gt;&lt;/h3&gt;
&..., null, null, USD, , null, null, active, 0, 0, 1, 1, null, null, f, 7927089, greenhouse, https://stripe.com/jobs/search?gh_jid=7927089, null, 2026-09-26 23:39:06.055229+00, f, ["Missing or invalid company name"], 0.8, {"id": 7927089, "title": "Product Manager, Terminal Device Expan..., null, EGP, null, null, 2026-06-28 23:39:06.055223+00, , scraped).

/usr/local/lib/python3.11/site-packages/django/db/models/fields/__init__.py:1595: RuntimeWarning: DateTimeField Job.expires_at received a naive datetime (2026-09-26 23:39:06.060794) while time zone support is active.
  warnings.warn(
Failed to process job: null value in column "experience_level" of relation "jobs_job" violates not-null constraint
DETAIL:  Failing row contains (332, 2026-06-28 23:39:06.061034+00, 2026-06-28 23:39:06.061049+00, 82863e40-be2f-488d-b534-a220abf0f6c8, Product Manager, Terminal Device Expansion, stripe-product-manager-terminal-device-expansion-7397265, Seattle, San Francisco, , , null, &lt;h2&gt;Who we are&lt;/h2&gt;
&lt;h3&gt;About Stripe&lt;/h3&gt..., null, null, USD, , null, null, active, 0, 0, 1, 1, null, null, f, 7397265, greenhouse, https://stripe.com/jobs/search?gh_jid=7397265, null, 2026-09-26 23:39:06.060794+00, f, ["Missing or invalid company name"], 0.8, {"id": 7397265, "title": "Product Manager, Terminal Device Expan..., null, EGP, null, null, 2026-06-28 23:39:06.060788+00, , scraped).

/usr/local/lib/python3.11/site-packages/django/db/models/fields/__init__.py:1595: RuntimeWarning: DateTimeField Job.expires_at received a naive datetime (2026-09-26 23:39:06.066886) while time zone support is active.
  warnings.warn(
Failed to process job: null value in column "experience_level" of relation "jobs_job" violates not-null constraint
DETAIL:  Failing row contains (333, 2026-06-28 23:39:06.067177+00, 2026-06-28 23:39:06.067197+00, fb346214-845d-40eb-b983-681d349d1203, Product Manager, Treasury for Platforms, stripe-product-manager-treasury-for-platforms-7561053, NYC, SF, SEA, , , null, &lt;h2&gt;Who we are&lt;/h2&gt;
&lt;h3&gt;About Stripe&lt;/h3&gt..., null, null, USD, , null, null, active, 0, 0, 1, 1, null, null, f, 7561053, greenhouse, https://stripe.com/jobs/search?gh_jid=7561053, null, 2026-09-26 23:39:06.066886+00, f, ["Missing or invalid company name"], 0.8, {"id": 7561053, "title": "Product Manager, Treasury for Platform..., null, EGP, null, null, 2026-06-28 23:39:06.06688+00, , scraped).

/usr/local/lib/python3.11/site-packages/django/db/models/fields/__init__.py:1595: RuntimeWarning: DateTimeField Job.expires_at received a naive datetime (2026-09-26 23:39:06.072360) while time zone support is active.
  warnings.warn(
Failed to process job: null value in column "experience_level" of relation "jobs_job" violates not-null constraint
DETAIL:  Failing row contains (334, 2026-06-28 23:39:06.072653+00, 2026-06-28 23:39:06.072667+00, aaec6f0a-a185-4c8a-9ed8-97254407811f, Product Marketing Manager, stripe-product-marketing-manager-6348471, San Francisco, New York, Seattle, Chicago, Remote, Toronto, , , null, &lt;h2&gt;Who we are&lt;/h2&gt;
&lt;h3&gt;About Stripe&lt;/h3&gt..., null, null, USD, , null, null, active, 0, 0, 1, 1, null, null, f, 6348471, greenhouse, https://stripe.com/jobs/search?gh_jid=6348471, null, 2026-09-26 23:39:06.07236+00, f, ["Missing or invalid company name"], 0.8, {"id": 6348471, "title": "Product Marketing Manager", "location"..., null, EGP, null, null, 2026-06-28 23:39:06.072356+00, , scraped).

/usr/local/lib/python3.11/site-packages/django/db/models/fields/__init__.py:1595: RuntimeWarning: DateTimeField Job.expires_at received a naive datetime (2026-09-26 23:39:06.077143) while time zone support is active.
  warnings.warn(
Failed to process job: null value in column "experience_level" of relation "jobs_job" violates not-null constraint
DETAIL:  Failing row contains (335, 2026-06-28 23:39:06.077349+00, 2026-06-28 23:39:06.07736+00, adb296bb-d1ac-4b0c-866e-4665b7ac5390, Product Marketing Manager, Apps and Ecosystem, stripe-product-marketing-manager-apps-and-ecosystem-7913503, SF, Seattle, NYC, , , null, &lt;h2&gt;&lt;strong&gt;Who we are&lt;/strong&gt;&lt;/h2&gt;
&lt..., null, null, USD, , null, null, active, 0, 0, 1, 1, null, null, f, 7913503, greenhouse, https://stripe.com/jobs/search?gh_jid=7913503, null, 2026-09-26 23:39:06.077143+00, f, ["Missing or invalid company name"], 0.8, {"id": 7913503, "title": "Product Marketing Manager, Apps and Ec..., null, EGP, null, null, 2026-06-28 23:39:06.077138+00, , scraped).

/usr/local/lib/python3.11/site-packages/django/db/models/fields/__init__.py:1595: RuntimeWarning: DateTimeField Job.expires_at received a naive datetime (2026-09-26 23:39:06.082398) while time zone support is active.
  warnings.warn(
Failed to process job: null value in column "experience_level" of relation "jobs_job" violates not-null constraint
DETAIL:  Failing row contains (336, 2026-06-28 23:39:06.082588+00, 2026-06-28 23:39:06.082598+00, 4e1128c8-ff7b-47bc-8518-de2a926645e3, Product Marketing Manager, Global Selling, stripe-product-marketing-manager-global-selling-8013981, United States, Canada, , , null, &lt;h2&gt;&lt;strong&gt;Who we are&lt;/strong&gt;&lt;/h2&gt;
&lt..., null, null, USD, , null, null, active, 0, 0, 1, 1, null, null, f, 8013981, greenhouse, https://stripe.com/jobs/search?gh_jid=8013981, null, 2026-09-26 23:39:06.082398+00, f, ["Missing or invalid company name"], 0.8, {"id": 8013981, "title": "Product Marketing Manager, Global Sell..., null, EGP, null, null, 2026-06-28 23:39:06.082393+00, , scraped).

/usr/local/lib/python3.11/site-packages/django/db/models/fields/__init__.py:1595: RuntimeWarning: DateTimeField Job.expires_at received a naive datetime (2026-09-26 23:39:06.087700) while time zone support is active.
  warnings.warn(
Failed to process job: null value in column "experience_level" of relation "jobs_job" violates not-null constraint
DETAIL:  Failing row contains (337, 2026-06-28 23:39:06.087921+00, 2026-06-28 23:39:06.087935+00, 3a674d95-22f6-4d65-a221-d0797c68a904, Product Marketing Manager, Growth, stripe-product-marketing-manager-growth-7914005, Remote in the US, , , null, &lt;h2&gt;Who we are&lt;/h2&gt;
&lt;h3&gt;About Stripe&lt;/h3&gt..., null, null, USD, , null, null, active, 0, 0, 1, 1, null, null, f, 7914005, greenhouse, https://stripe.com/jobs/search?gh_jid=7914005, null, 2026-09-26 23:39:06.0877+00, f, ["Missing or invalid company name"], 0.8, {"id": 7914005, "title": "Product Marketing Manager, Growth", "l..., null, EGP, null, null, 2026-06-28 23:39:06.087695+00, , scraped).

/usr/local/lib/python3.11/site-packages/django/db/models/fields/__init__.py:1595: RuntimeWarning: DateTimeField Job.expires_at received a naive datetime (2026-09-26 23:39:06.092516) while time zone support is active.
  warnings.warn(
Failed to process job: null value in column "experience_level" of relation "jobs_job" violates not-null constraint
DETAIL:  Failing row contains (338, 2026-06-28 23:39:06.092698+00, 2026-06-28 23:39:06.092709+00, 7dfa595e-d27b-49a7-a8fa-1dabc92933f6, Product Marketing Manager, Market Intelligence, stripe-product-marketing-manager-market-intelligence-8014761, SF, Seattle, NYC, Chicago, Toronto, Remote in the US, , , null, &lt;h1 id=&quot;product-marketing-manager-market-intelligence&qu..., null, null, USD, , null, null, active, 0, 0, 1, 1, null, null, f, 8014761, greenhouse, https://stripe.com/jobs/search?gh_jid=8014761, null, 2026-09-26 23:39:06.092516+00, f, ["Missing or invalid company name"], 0.8, {"id": 8014761, "title": "Product Marketing Manager, Market Inte..., null, EGP, null, null, 2026-06-28 23:39:06.092511+00, , scraped).

/usr/local/lib/python3.11/site-packages/django/db/models/fields/__init__.py:1595: RuntimeWarning: DateTimeField Job.expires_at received a naive datetime (2026-09-26 23:39:06.097323) while time zone support is active.
  warnings.warn(
Failed to process job: null value in column "experience_level" of relation "jobs_job" violates not-null constraint
DETAIL:  Failing row contains (339, 2026-06-28 23:39:06.09758+00, 2026-06-28 23:39:06.097597+00, 27f446ff-f4d3-4448-b5c8-3327877b54ab, Product Marketing Manager, Portfolio Pricing, stripe-product-marketing-manager-portfolio-pricing-7832098, United States, , , null, &lt;p&gt;&lt;strong&gt;Who we are&lt;/strong&gt;&lt;/p&gt;
&lt;h..., null, null, USD, , null, null, active, 0, 0, 1, 1, null, null, f, 7832098, greenhouse, https://stripe.com/jobs/search?gh_jid=7832098, null, 2026-09-26 23:39:06.097323+00, f, ["Missing or invalid company name"], 0.8, {"id": 7832098, "title": "Product Marketing Manager, Portfolio P..., null, EGP, null, null, 2026-06-28 23:39:06.097317+00, , scraped).

/usr/local/lib/python3.11/site-packages/django/db/models/fields/__init__.py:1595: RuntimeWarning: DateTimeField Job.expires_at received a naive datetime (2026-09-26 23:39:06.102976) while time zone support is active.
  warnings.warn(
Failed to process job: null value in column "experience_level" of relation "jobs_job" violates not-null constraint
DETAIL:  Failing row contains (340, 2026-06-28 23:39:06.103184+00, 2026-06-28 23:39:06.103197+00, b191573c-b2db-4be2-b81b-34bccf3b098e, Product Marketing Manager, Radar, stripe-product-marketing-manager-radar-7961101, SF, NYC, Seattle, Remote, , , null, &lt;h3&gt;About Stripe&lt;/h3&gt;
&lt;p&gt;Stripe is a financial..., null, null, USD, , null, null, active, 0, 0, 1, 1, null, null, f, 7961101, greenhouse, https://stripe.com/jobs/search?gh_jid=7961101, null, 2026-09-26 23:39:06.102976+00, f, ["Missing or invalid company name"], 0.8, {"id": 7961101, "title": "Product Marketing Manager, Radar", "lo..., null, EGP, null, null, 2026-06-28 23:39:06.10297+00, , scraped).

/usr/local/lib/python3.11/site-packages/django/db/models/fields/__init__.py:1595: RuntimeWarning: DateTimeField Job.expires_at received a naive datetime (2026-09-26 23:39:06.108799) while time zone support is active.
  warnings.warn(
Failed to process job: null value in column "experience_level" of relation "jobs_job" violates not-null constraint
DETAIL:  Failing row contains (341, 2026-06-28 23:39:06.109014+00, 2026-06-28 23:39:06.109025+00, af23d6b0-aa91-41c7-9a5e-2e6317773f33, Product Sales Enablement Business Partner, stripe-product-sales-enablement-business-partner-7994063, US-San Francisco, , , null, &lt;h2&gt;&lt;strong&gt;Who we are&lt;/strong&gt;&lt;/h2&gt;
&lt..., null, null, USD, , null, null, active, 0, 0, 1, 1, null, null, f, 7994063, greenhouse, https://stripe.com/jobs/search?gh_jid=7994063, null, 2026-09-26 23:39:06.108799+00, f, ["Missing or invalid company name"], 0.8, {"id": 7994063, "title": "Product Sales Enablement Business Part..., null, EGP, null, null, 2026-06-28 23:39:06.108795+00, , scraped).

/usr/local/lib/python3.11/site-packages/django/db/models/fields/__init__.py:1595: RuntimeWarning: DateTimeField Job.expires_at received a naive datetime (2026-09-26 23:39:06.114449) while time zone support is active.
  warnings.warn(
Failed to process job: null value in column "experience_level" of relation "jobs_job" violates not-null constraint
DETAIL:  Failing row contains (342, 2026-06-28 23:39:06.114632+00, 2026-06-28 23:39:06.114669+00, 45186ccd-3621-4f32-a31a-76540f3e6a73, Product Support, Bridge , stripe-product-support-bridge-7678670, New York, Dublin, London, , , null, &lt;h2&gt;Who we are&lt;/h2&gt;
&lt;h3&gt;About Stripe&lt;/h3&gt..., null, null, USD, , null, null, active, 0, 0, 1, 1, null, null, f, 7678670, greenhouse, https://stripe.com/jobs/search?gh_jid=7678670, null, 2026-09-26 23:39:06.114449+00, f, ["Missing or invalid company name"], 0.8, {"id": 7678670, "title": "Product Support, Bridge ", "location":..., null, EGP, null, null, 2026-06-28 23:39:06.114445+00, , scraped).

/usr/local/lib/python3.11/site-packages/django/db/models/fields/__init__.py:1595: RuntimeWarning: DateTimeField Job.expires_at received a naive datetime (2026-09-26 23:39:06.120103) while time zone support is active.
  warnings.warn(
Failed to process job: null value in column "experience_level" of relation "jobs_job" violates not-null constraint
DETAIL:  Failing row contains (343, 2026-06-28 23:39:06.120347+00, 2026-06-28 23:39:06.12036+00, 5c0e0692-292e-467a-9c5f-e30ed36dfb49, Product Support Operations Associate, Weekend Shift, stripe-product-support-operations-associate-weekend-shift-797569..., Bengaluru, , , null, &lt;h2&gt;Who we are&lt;/h2&gt;
&lt;h3&gt;About Stripe&lt;/h3&gt..., null, null, USD, , null, null, active, 0, 0, 1, 1, null, null, f, 7975698, greenhouse, https://stripe.com/jobs/search?gh_jid=7975698, null, 2026-09-26 23:39:06.120103+00, f, ["Missing or invalid company name"], 0.8, {"id": 7975698, "title": "Product Support Operations Associate, ..., null, EGP, null, null, 2026-06-28 23:39:06.120097+00, , scraped).

/usr/local/lib/python3.11/site-packages/django/db/models/fields/__init__.py:1595: RuntimeWarning: DateTimeField Job.expires_at received a naive datetime (2026-09-26 23:39:06.126703) while time zone support is active.
  warnings.warn(
Failed to process job: null value in column "experience_level" of relation "jobs_job" violates not-null constraint
DETAIL:  Failing row contains (344, 2026-06-28 23:39:06.127034+00, 2026-06-28 23:39:06.127054+00, ca0fb62a-eb2f-48aa-ba23-b8e8c68cf75c, Product Support Operations, Team Lead, stripe-product-support-operations-team-lead-7390485, Bengaluru, , , null, &lt;h2&gt;Who we are&lt;/h2&gt;
&lt;h3&gt;About Stripe&lt;/h3&gt..., null, null, USD, , null, null, active, 0, 0, 1, 1, null, null, f, 7390485, greenhouse, https://stripe.com/jobs/search?gh_jid=7390485, null, 2026-09-26 23:39:06.126703+00, f, ["Missing or invalid company name"], 0.8, {"id": 7390485, "title": "Product Support Operations, Team Lead"..., null, EGP, null, null, 2026-06-28 23:39:06.126696+00, , scraped).

/usr/local/lib/python3.11/site-packages/django/db/models/fields/__init__.py:1595: RuntimeWarning: DateTimeField Job.expires_at received a naive datetime (2026-09-26 23:39:06.133123) while time zone support is active.
  warnings.warn(
Failed to process job: null value in column "experience_level" of relation "jobs_job" violates not-null constraint
DETAIL:  Failing row contains (345, 2026-06-28 23:39:06.13348+00, 2026-06-28 23:39:06.133496+00, 51c116ca-b1d4-4932-a120-0ef8e12b3d1d, Product Support Specialist, stripe-product-support-specialist-7524531, Singapore, , , null, &lt;h2&gt;Who we are&lt;/h2&gt;
&lt;h3&gt;About Stripe&lt;/h3&gt..., null, null, USD, , null, null, active, 0, 0, 1, 1, null, null, f, 7524531, greenhouse, https://stripe.com/jobs/search?gh_jid=7524531, null, 2026-09-26 23:39:06.133123+00, f, ["Missing or invalid company name"], 0.8, {"id": 7524531, "title": "Product Support Specialist", "location..., null, EGP, null, null, 2026-06-28 23:39:06.133115+00, , scraped).

/usr/local/lib/python3.11/site-packages/django/db/models/fields/__init__.py:1595: RuntimeWarning: DateTimeField Job.expires_at received a naive datetime (2026-09-26 23:39:06.138634) while time zone support is active.
  warnings.warn(
Failed to process job: null value in column "experience_level" of relation "jobs_job" violates not-null constraint
DETAIL:  Failing row contains (346, 2026-06-28 23:39:06.138824+00, 2026-06-28 23:39:06.138834+00, 242a606f-c033-4935-a7c7-d77da9d787f3, Product Support Specialist, stripe-product-support-specialist-7572741, Chicago, , , null, &lt;h2&gt;Who we are&lt;/h2&gt;
&lt;h3&gt;About Stripe&lt;/h3&gt..., null, null, USD, , null, null, active, 0, 0, 1, 1, null, null, f, 7572741, greenhouse, https://stripe.com/jobs/search?gh_jid=7572741, null, 2026-09-26 23:39:06.138634+00, f, ["Missing or invalid company name"], 0.8, {"id": 7572741, "title": "Product Support Specialist", "location..., null, EGP, null, null, 2026-06-28 23:39:06.138628+00, , scraped).

/usr/local/lib/python3.11/site-packages/django/db/models/fields/__init__.py:1595: RuntimeWarning: DateTimeField Job.expires_at received a naive datetime (2026-09-26 23:39:06.144368) while time zone support is active.
  warnings.warn(
Failed to process job: null value in column "experience_level" of relation "jobs_job" violates not-null constraint
DETAIL:  Failing row contains (347, 2026-06-28 23:39:06.144725+00, 2026-06-28 23:39:06.144737+00, 73a6589b-3357-4dca-84d2-dfcc7a757424, Product Support Specialist (Mandarin-speaking), stripe-product-support-specialist-mandarin-speaking-7945056, Singapore, , , null, &lt;h2&gt;Who we are&lt;/h2&gt;
&lt;h3&gt;About Stripe&lt;/h3&gt..., null, null, USD, , null, null, active, 0, 0, 1, 1, null, null, f, 7945056, greenhouse, https://stripe.com/jobs/search?gh_jid=7945056, null, 2026-09-26 23:39:06.144368+00, f, ["Missing or invalid company name"], 0.8, {"id": 7945056, "title": "Product Support Specialist (Mandarin-s..., null, EGP, null, null, 2026-06-28 23:39:06.144363+00, , scraped).

/usr/local/lib/python3.11/site-packages/django/db/models/fields/__init__.py:1595: RuntimeWarning: DateTimeField Job.expires_at received a naive datetime (2026-09-26 23:39:06.150647) while time zone support is active.
  warnings.warn(
Failed to process job: null value in column "experience_level" of relation "jobs_job" violates not-null constraint
DETAIL:  Failing row contains (348, 2026-06-28 23:39:06.150852+00, 2026-06-28 23:39:06.150862+00, cc0f9d8f-d4bb-4aac-8629-2f579e12f89a, Program Manager, stripe-program-manager-7923047, New York, NY, , , null, &lt;h2&gt;&lt;strong&gt;Who we are &lt;/strong&gt;&lt;/h2&gt;
&l..., null, null, USD, , null, null, active, 0, 0, 1, 1, null, null, f, 7923047, greenhouse, https://stripe.com/jobs/search?gh_jid=7923047, null, 2026-09-26 23:39:06.150647+00, f, ["Missing or invalid company name"], 0.8, {"id": 7923047, "title": "Program Manager", "location": "New Yor..., null, EGP, null, null, 2026-06-28 23:39:06.150642+00, , scraped).

/usr/local/lib/python3.11/site-packages/django/db/models/fields/__init__.py:1595: RuntimeWarning: DateTimeField Job.expires_at received a naive datetime (2026-09-26 23:39:06.156974) while time zone support is active.
  warnings.warn(
Failed to process job: null value in column "experience_level" of relation "jobs_job" violates not-null constraint
DETAIL:  Failing row contains (349, 2026-06-28 23:39:06.157169+00, 2026-06-28 23:39:06.157179+00, f2d2b139-2e8f-462c-b9d1-b5d7874cd777, Program Manager, Agentic Commerce Go-to-Market , stripe-program-manager-agentic-commerce-go-to-market-8017214, New York, NY; San Francisco, CA; Seattle, WA; Chicago, IL; Atlan..., , , null, &lt;h2&gt;&lt;strong&gt;Who we are&lt;/strong&gt;&lt;/h2&gt;
&lt..., null, null, USD, , null, null, active, 0, 0, 1, 1, null, null, f, 8017214, greenhouse, https://stripe.com/jobs/search?gh_jid=8017214, null, 2026-09-26 23:39:06.156974+00, f, ["Missing or invalid company name"], 0.8, {"id": 8017214, "title": "Program Manager, Agentic Commerce Go-t..., null, EGP, null, null, 2026-06-28 23:39:06.15697+00, , scraped).

/usr/local/lib/python3.11/site-packages/django/db/models/fields/__init__.py:1595: RuntimeWarning: DateTimeField Job.expires_at received a naive datetime (2026-09-26 23:39:06.163382) while time zone support is active.
  warnings.warn(
Failed to process job: null value in column "experience_level" of relation "jobs_job" violates not-null constraint
DETAIL:  Failing row contains (350, 2026-06-28 23:39:06.163705+00, 2026-06-28 23:39:06.16372+00, d4e7c911-797d-48e1-8d85-4f39404fe56f, Program Manager, Business Practices, stripe-program-manager-business-practices-7942923, Mexico City, , , null, &lt;h1&gt;&lt;strong&gt;Who we are&lt;/strong&gt;&lt;/h1&gt;
&lt..., null, null, USD, , null, null, active, 0, 0, 1, 1, null, null, f, 7942923, greenhouse, https://stripe.com/jobs/search?gh_jid=7942923, null, 2026-09-26 23:39:06.163382+00, f, ["Missing or invalid company name"], 0.8, {"id": 7942923, "title": "Program Manager, Business Practices", ..., null, EGP, null, null, 2026-06-28 23:39:06.163376+00, , scraped).

/usr/local/lib/python3.11/site-packages/django/db/models/fields/__init__.py:1595: RuntimeWarning: DateTimeField Job.expires_at received a naive datetime (2026-09-26 23:39:06.171324) while time zone support is active.
  warnings.warn(
Failed to process job: null value in column "experience_level" of relation "jobs_job" violates not-null constraint
DETAIL:  Failing row contains (351, 2026-06-28 23:39:06.171665+00, 2026-06-28 23:39:06.171678+00, b885e4ed-e419-4920-a511-ec8c09dfe9f2, Program Manager, Commercial Solutions, stripe-program-manager-commercial-solutions-7967356, Mexico City, , , null, &lt;h1&gt;Program Manager, Commercial Solutions&lt;/h1&gt;
&lt;h..., null, null, USD, , null, null, active, 0, 0, 1, 1, null, null, f, 7967356, greenhouse, https://stripe.com/jobs/search?gh_jid=7967356, null, 2026-09-26 23:39:06.171324+00, f, ["Missing or invalid company name"], 0.8, {"id": 7967356, "title": "Program Manager, Commercial Solutions"..., null, EGP, null, null, 2026-06-28 23:39:06.171317+00, , scraped).

/usr/local/lib/python3.11/site-packages/django/db/models/fields/__init__.py:1595: RuntimeWarning: DateTimeField Job.expires_at received a naive datetime (2026-09-26 23:39:06.178094) while time zone support is active.
  warnings.warn(
Failed to process job: null value in column "experience_level" of relation "jobs_job" violates not-null constraint
DETAIL:  Failing row contains (352, 2026-06-28 23:39:06.178435+00, 2026-06-28 23:39:06.178453+00, 98fa8802-5a3d-4f6c-8a7b-60d5dced5855, Program Manager, Engineering - Technology GRC, stripe-program-manager-engineering-technology-grc-7947471, Dublin, , , null, &lt;h2&gt;Who we are&lt;/h2&gt;
&lt;h3&gt;&lt;br&gt;About Stripe..., null, null, USD, , null, null, active, 0, 0, 1, 1, null, null, f, 7947471, greenhouse, https://stripe.com/jobs/search?gh_jid=7947471, null, 2026-09-26 23:39:06.178094+00, f, ["Missing or invalid company name"], 0.8, {"id": 7947471, "title": "Program Manager, Engineering - Technol..., null, EGP, null, null, 2026-06-28 23:39:06.178088+00, , scraped).

/usr/local/lib/python3.11/site-packages/django/db/models/fields/__init__.py:1595: RuntimeWarning: DateTimeField Job.expires_at received a naive datetime (2026-09-26 23:39:06.185042) while time zone support is active.
  warnings.warn(
Failed to process job: null value in column "experience_level" of relation "jobs_job" violates not-null constraint
DETAIL:  Failing row contains (353, 2026-06-28 23:39:06.185371+00, 2026-06-28 23:39:06.185387+00, b97ff381-77f8-469b-968e-b0c9004e2ed5, Program Manager, Go To Market, stripe-program-manager-go-to-market-7922532, SF, , , null, &lt;h2&gt;Who we are&lt;/h2&gt;
&lt;h3&gt;About Stripe&lt;/h3&gt..., null, null, USD, , null, null, active, 0, 0, 1, 1, null, null, f, 7922532, greenhouse, https://stripe.com/jobs/search?gh_jid=7922532, null, 2026-09-26 23:39:06.185042+00, f, ["Missing or invalid company name"], 0.8, {"id": 7922532, "title": "Program Manager, Go To Market", "locat..., null, EGP, null, null, 2026-06-28 23:39:06.185034+00, , scraped).

/usr/local/lib/python3.11/site-packages/django/db/models/fields/__init__.py:1595: RuntimeWarning: DateTimeField Job.expires_at received a naive datetime (2026-09-26 23:39:06.191969) while time zone support is active.
  warnings.warn(
Failed to process job: null value in column "experience_level" of relation "jobs_job" violates not-null constraint
DETAIL:  Failing row contains (354, 2026-06-28 23:39:06.192306+00, 2026-06-28 23:39:06.192323+00, 1bea509e-9a6d-43dd-be53-2642e67079bc, Program Manager, GTM Planning, stripe-program-manager-gtm-planning-7656504, US-Chicago, US-Remote, , , null, &lt;h2&gt;Who we are&lt;/h2&gt;
&lt;h3&gt;About Stripe&lt;/h3&gt..., null, null, USD, , null, null, active, 0, 0, 1, 1, null, null, f, 7656504, greenhouse, https://stripe.com/jobs/search?gh_jid=7656504, null, 2026-09-26 23:39:06.191969+00, f, ["Missing or invalid company name"], 0.8, {"id": 7656504, "title": "Program Manager, GTM Planning", "locat..., null, EGP, null, null, 2026-06-28 23:39:06.191963+00, , scraped).

/usr/local/lib/python3.11/site-packages/django/db/models/fields/__init__.py:1595: RuntimeWarning: DateTimeField Job.expires_at received a naive datetime (2026-09-26 23:39:06.198706) while time zone support is active.
  warnings.warn(
Failed to process job: null value in column "experience_level" of relation "jobs_job" violates not-null constraint
DETAIL:  Failing row contains (355, 2026-06-28 23:39:06.198923+00, 2026-06-28 23:39:06.198934+00, 7f2de476-e6c2-40f6-81c3-34867423654b, Program Manager, Risk Ops Enablement, stripe-program-manager-risk-ops-enablement-7214197, US-Remote, , , null, &lt;h2&gt;Who we are&lt;/h2&gt;
&lt;h3&gt;About Stripe&lt;/h3&gt..., null, null, USD, , null, null, active, 0, 0, 1, 1, null, null, f, 7214197, greenhouse, https://stripe.com/jobs/search?gh_jid=7214197, null, 2026-09-26 23:39:06.198706+00, f, ["Missing or invalid company name"], 0.8, {"id": 7214197, "title": "Program Manager, Risk Ops Enablement",..., null, EGP, null, null, 2026-06-28 23:39:06.1987+00, , scraped).

/usr/local/lib/python3.11/site-packages/django/db/models/fields/__init__.py:1595: RuntimeWarning: DateTimeField Job.expires_at received a naive datetime (2026-09-26 23:39:06.205162) while time zone support is active.
  warnings.warn(
Failed to process job: null value in column "experience_level" of relation "jobs_job" violates not-null constraint
DETAIL:  Failing row contains (356, 2026-06-28 23:39:06.205425+00, 2026-06-28 23:39:06.20544+00, 5612c6a7-7eaf-4a84-b4da-463d5c53005e, Program Manager, Security Business Enablement, stripe-program-manager-security-business-enablement-7917252, US - Remote, , , null, &lt;h2&gt;Who we are&lt;/h2&gt;
&lt;h3&gt;About Stripe&lt;/h3&gt..., null, null, USD, , null, null, active, 0, 0, 1, 1, null, null, f, 7917252, greenhouse, https://stripe.com/jobs/search?gh_jid=7917252, null, 2026-09-26 23:39:06.205162+00, f, ["Missing or invalid company name"], 0.8, {"id": 7917252, "title": "Program Manager, Security Business Ena..., null, EGP, null, null, 2026-06-28 23:39:06.205156+00, , scraped).

/usr/local/lib/python3.11/site-packages/django/db/models/fields/__init__.py:1595: RuntimeWarning: DateTimeField Job.expires_at received a naive datetime (2026-09-26 23:39:06.211705) while time zone support is active.
  warnings.warn(
Failed to process job: null value in column "experience_level" of relation "jobs_job" violates not-null constraint
DETAIL:  Failing row contains (357, 2026-06-28 23:39:06.211936+00, 2026-06-28 23:39:06.211949+00, 3912bcd4-0fb9-4e71-bfd1-8e48fdc44c4b, Program Manager, Security Business Enablement, stripe-program-manager-security-business-enablement-7966641, US-REMOTE, , , null, &lt;h2&gt;Who we are&lt;/h2&gt;
&lt;h3&gt;About Stripe&lt;/h3&gt..., null, null, USD, , null, null, active, 0, 0, 1, 1, null, null, f, 7966641, greenhouse, https://stripe.com/jobs/search?gh_jid=7966641, null, 2026-09-26 23:39:06.211705+00, f, ["Missing or invalid company name"], 0.8, {"id": 7966641, "title": "Program Manager, Security Business Ena..., null, EGP, null, null, 2026-06-28 23:39:06.2117+00, , scraped).

/usr/local/lib/python3.11/site-packages/django/db/models/fields/__init__.py:1595: RuntimeWarning: DateTimeField Job.expires_at received a naive datetime (2026-09-26 23:39:06.218531) while time zone support is active.
  warnings.warn(
Failed to process job: null value in column "experience_level" of relation "jobs_job" violates not-null constraint
DETAIL:  Failing row contains (358, 2026-06-28 23:39:06.21885+00, 2026-06-28 23:39:06.218864+00, 013b80b3-4e75-4049-a656-848b610936dd, Program Manager, Solutions Architecture (GTM Transformation), stripe-program-manager-solutions-architecture-gtm-transfo-747082..., Chicago, Atlanta, US-Remote, , , null, &lt;h2&gt;&lt;strong&gt;Who we are &lt;/strong&gt;&lt;/h2&gt;
&l..., null, null, USD, , null, null, active, 0, 0, 1, 1, null, null, f, 7470827, greenhouse, https://stripe.com/jobs/search?gh_jid=7470827, null, 2026-09-26 23:39:06.218531+00, f, ["Missing or invalid company name"], 0.8, {"id": 7470827, "title": "Program Manager, Solutions Architectur..., null, EGP, null, null, 2026-06-28 23:39:06.218526+00, , scraped).

/usr/local/lib/python3.11/site-packages/django/db/models/fields/__init__.py:1595: RuntimeWarning: DateTimeField Job.expires_at received a naive datetime (2026-09-26 23:39:06.224455) while time zone support is active.
  warnings.warn(
Failed to process job: null value in column "experience_level" of relation "jobs_job" violates not-null constraint
DETAIL:  Failing row contains (359, 2026-06-28 23:39:06.22472+00, 2026-06-28 23:39:06.224761+00, 9b4f64a2-78bd-44a4-a3f3-48482a77bf00, Program Manager, Third Party Risk, stripe-program-manager-third-party-risk-7559403, SF, SEA, CHI, NYC, ATL, , , null, &lt;h2&gt;Who we are&lt;/h2&gt;
&lt;h3&gt;About Stripe&lt;/h3&gt..., null, null, USD, , null, null, active, 0, 0, 1, 1, null, null, f, 7559403, greenhouse, https://stripe.com/jobs/search?gh_jid=7559403, null, 2026-09-26 23:39:06.224455+00, f, ["Missing or invalid company name"], 0.8, {"id": 7559403, "title": "Program Manager, Third Party Risk", "l..., null, EGP, null, null, 2026-06-28 23:39:06.224449+00, , scraped).

/usr/local/lib/python3.11/site-packages/django/db/models/fields/__init__.py:1595: RuntimeWarning: DateTimeField Job.expires_at received a naive datetime (2026-09-26 23:39:06.231466) while time zone support is active.
  warnings.warn(
Failed to process job: null value in column "experience_level" of relation "jobs_job" violates not-null constraint
DETAIL:  Failing row contains (360, 2026-06-28 23:39:06.231955+00, 2026-06-28 23:39:06.231971+00, fbcd7578-d7f1-49b7-be2a-f4c9b5ad5b3e, Regional Field Marketing Manager (Northern and Southern Europe), stripe-regional-field-marketing-manager-northern-and-sout-754389..., London, , , null, &lt;h2&gt;Who we are&lt;/h2&gt;
&lt;h3&gt;About Stripe&lt;/h3&gt..., null, null, USD, , null, null, active, 0, 0, 1, 1, null, null, f, 7543898, greenhouse, https://stripe.com/jobs/search?gh_jid=7543898, null, 2026-09-26 23:39:06.231466+00, f, ["Missing or invalid company name"], 0.8, {"id": 7543898, "title": "Regional Field Marketing Manager (Nort..., null, EGP, null, null, 2026-06-28 23:39:06.231456+00, , scraped).

/usr/local/lib/python3.11/site-packages/django/db/models/fields/__init__.py:1595: RuntimeWarning: DateTimeField Job.expires_at received a naive datetime (2026-09-26 23:39:06.239656) while time zone support is active.
  warnings.warn(
Failed to process job: null value in column "experience_level" of relation "jobs_job" violates not-null constraint
DETAIL:  Failing row contains (361, 2026-06-28 23:39:06.240014+00, 2026-06-28 23:39:06.240037+00, 94cc80c0-b0f1-48f8-aa4f-dd0512c73eba, Regional Product Marketing Manager, United Kingdom, stripe-regional-product-marketing-manager-united-kingdom-7921325, London, , , null, &lt;h2&gt;Who we are&lt;/h2&gt;
&lt;h3&gt;About Stripe&lt;/h3&gt..., null, null, USD, , null, null, active, 0, 0, 1, 1, null, null, f, 7921325, greenhouse, https://stripe.com/jobs/search?gh_jid=7921325, null, 2026-09-26 23:39:06.239656+00, f, ["Missing or invalid company name"], 0.8, {"id": 7921325, "title": "Regional Product Marketing Manager, Un..., null, EGP, null, null, 2026-06-28 23:39:06.239647+00, , scraped).

/usr/local/lib/python3.11/site-packages/django/db/models/fields/__init__.py:1595: RuntimeWarning: DateTimeField Job.expires_at received a naive datetime (2026-09-26 23:39:06.247947) while time zone support is active.
  warnings.warn(
Failed to process job: null value in column "experience_level" of relation "jobs_job" violates not-null constraint
DETAIL:  Failing row contains (362, 2026-06-28 23:39:06.248668+00, 2026-06-28 23:39:06.248688+00, d2d2ba7e-c300-4e45-b389-52fa922d04eb, Regulatory Reporting Program Manager, Stablecoin, stripe-regulatory-reporting-program-manager-stablecoin-7650177, SEA, SF, NYC, CHI, , , null, &lt;h2&gt;Who we are&lt;/h2&gt;
&lt;h3&gt;About Stripe&lt;/h3&gt..., null, null, USD, , null, null, active, 0, 0, 1, 1, null, null, f, 7650177, greenhouse, https://stripe.com/jobs/search?gh_jid=7650177, null, 2026-09-26 23:39:06.247947+00, f, ["Missing or invalid company name"], 0.8, {"id": 7650177, "title": "Regulatory Reporting Program Manager, ..., null, EGP, null, null, 2026-06-28 23:39:06.247939+00, , scraped).

/usr/local/lib/python3.11/site-packages/django/db/models/fields/__init__.py:1595: RuntimeWarning: DateTimeField Job.expires_at received a naive datetime (2026-09-26 23:39:06.256020) while time zone support is active.
  warnings.warn(
Failed to process job: null value in column "experience_level" of relation "jobs_job" violates not-null constraint
DETAIL:  Failing row contains (363, 2026-06-28 23:39:06.256239+00, 2026-06-28 23:39:06.25625+00, e7c4905c-275b-4f1f-b07e-d45335e6bd6b, Renewals Specialist, stripe-renewals-specialist-7967523, Chicago, , , null, &lt;h2&gt;&lt;strong&gt;Who we are&lt;/strong&gt;&lt;/h2&gt;
&lt..., null, null, USD, , null, null, active, 0, 0, 1, 1, null, null, f, 7967523, greenhouse, https://stripe.com/jobs/search?gh_jid=7967523, null, 2026-09-26 23:39:06.25602+00, f, ["Missing or invalid company name"], 0.8, {"id": 7967523, "title": "Renewals Specialist", "location": "Chi..., null, EGP, null, null, 2026-06-28 23:39:06.256014+00, , scraped).

/usr/local/lib/python3.11/site-packages/django/db/models/fields/__init__.py:1595: RuntimeWarning: DateTimeField Job.expires_at received a naive datetime (2026-09-26 23:39:06.263198) while time zone support is active.
  warnings.warn(
Failed to process job: null value in column "experience_level" of relation "jobs_job" violates not-null constraint
DETAIL:  Failing row contains (364, 2026-06-28 23:39:06.263521+00, 2026-06-28 23:39:06.263536+00, 47793b05-11a4-4816-a72d-bc80f2f29727, Risk Operations Analyst, Financial Crimes, stripe-risk-operations-analyst-financial-crimes-7430332, Dublin, , , null, &lt;h2&gt;Who we are&lt;/h2&gt;
&lt;h3&gt;About Stripe&lt;/h3&gt..., null, null, USD, , null, null, active, 0, 0, 1, 1, null, null, f, 7430332, greenhouse, https://stripe.com/jobs/search?gh_jid=7430332, null, 2026-09-26 23:39:06.263198+00, f, ["Missing or invalid company name"], 0.8, {"id": 7430332, "title": "Risk Operations Analyst, Financial Cri..., null, EGP, null, null, 2026-06-28 23:39:06.263191+00, , scraped).

/usr/local/lib/python3.11/site-packages/django/db/models/fields/__init__.py:1595: RuntimeWarning: DateTimeField Job.expires_at received a naive datetime (2026-09-26 23:39:06.270007) while time zone support is active.
  warnings.warn(
Failed to process job: null value in column "experience_level" of relation "jobs_job" violates not-null constraint
DETAIL:  Failing row contains (365, 2026-06-28 23:39:06.270334+00, 2026-06-28 23:39:06.27035+00, a056668d-d87c-4545-9a1a-2e9439a83ba8, Risk Operations Analyst, Financial Crimes Programs, stripe-risk-operations-analyst-financial-crimes-programs-7430296, Remote, US, , , null, &lt;h2&gt;Who we are&lt;/h2&gt;
&lt;h3&gt;About Stripe&lt;/h3&gt..., null, null, USD, , null, null, active, 0, 0, 1, 1, null, null, f, 7430296, greenhouse, https://stripe.com/jobs/search?gh_jid=7430296, null, 2026-09-26 23:39:06.270007+00, f, ["Missing or invalid company name"], 0.8, {"id": 7430296, "title": "Risk Operations Analyst, Financial Cri..., null, EGP, null, null, 2026-06-28 23:39:06.27+00, , scraped).

/usr/local/lib/python3.11/site-packages/django/db/models/fields/__init__.py:1595: RuntimeWarning: DateTimeField Job.expires_at received a naive datetime (2026-09-26 23:39:06.275955) while time zone support is active.
  warnings.warn(
Failed to process job: null value in column "experience_level" of relation "jobs_job" violates not-null constraint
DETAIL:  Failing row contains (366, 2026-06-28 23:39:06.276167+00, 2026-06-28 23:39:06.276182+00, 7f717ffe-9cef-4b28-a750-d280e095a420, Risk Operations Analyst (Mandarin Speaking), stripe-risk-operations-analyst-mandarin-speaking-7994384, Singapore, , , null, &lt;h2&gt;Who we are&lt;/h2&gt;
&lt;h3&gt;About Stripe&lt;/h3&gt..., null, null, USD, , null, null, active, 0, 0, 1, 1, null, null, f, 7994384, greenhouse, https://stripe.com/jobs/search?gh_jid=7994384, null, 2026-09-26 23:39:06.275955+00, f, ["Missing or invalid company name"], 0.8, {"id": 7994384, "title": "Risk Operations Analyst (Mandarin Spea..., null, EGP, null, null, 2026-06-28 23:39:06.275951+00, , scraped).

/usr/local/lib/python3.11/site-packages/django/db/models/fields/__init__.py:1595: RuntimeWarning: DateTimeField Job.expires_at received a naive datetime (2026-09-26 23:39:06.282424) while time zone support is active.
  warnings.warn(
Failed to process job: null value in column "experience_level" of relation "jobs_job" violates not-null constraint
DETAIL:  Failing row contains (367, 2026-06-28 23:39:06.282624+00, 2026-06-28 23:39:06.282635+00, c5efecdc-3dce-4ade-abc0-824274b6165f, Risk Operations Analyst - SSO, stripe-risk-operations-analyst-sso-7964759, Singapore, , , null, &lt;h2&gt;Who we are&lt;/h2&gt;
&lt;h3&gt;About Stripe&lt;/h3&gt..., null, null, USD, , null, null, active, 0, 0, 1, 1, null, null, f, 7964759, greenhouse, https://stripe.com/jobs/search?gh_jid=7964759, null, 2026-09-26 23:39:06.282424+00, f, ["Missing or invalid company name"], 0.8, {"id": 7964759, "title": "Risk Operations Analyst - SSO", "locat..., null, EGP, null, null, 2026-06-28 23:39:06.282419+00, , scraped).

/usr/local/lib/python3.11/site-packages/django/db/models/fields/__init__.py:1595: RuntimeWarning: DateTimeField Job.expires_at received a naive datetime (2026-09-26 23:39:06.288111) while time zone support is active.
  warnings.warn(
Failed to process job: null value in column "experience_level" of relation "jobs_job" violates not-null constraint
DETAIL:  Failing row contains (368, 2026-06-28 23:39:06.288573+00, 2026-06-28 23:39:06.288594+00, dfcb3665-90fa-4c9f-8db2-0b1ca17dabae, Risk Operations Associate (CDMX) - User Policy Operations, stripe-risk-operations-associate-cdmx-user-policy-operati-766454..., Mexico City, , , null, &lt;h2&gt;Who we are&lt;/h2&gt;
&lt;h3&gt;About Stripe&lt;/h3&gt..., null, null, USD, , null, null, active, 0, 0, 1, 1, null, null, f, 7664549, greenhouse, https://stripe.com/jobs/search?gh_jid=7664549, null, 2026-09-26 23:39:06.288111+00, f, ["Missing or invalid company name"], 0.8, {"id": 7664549, "title": "Risk Operations Associate (CDMX) - Use..., null, EGP, null, null, 2026-06-28 23:39:06.288102+00, , scraped).

/usr/local/lib/python3.11/site-packages/django/db/models/fields/__init__.py:1595: RuntimeWarning: DateTimeField Job.expires_at received a naive datetime (2026-09-26 23:39:06.296217) while time zone support is active.
  warnings.warn(
Failed to process job: null value in column "experience_level" of relation "jobs_job" violates not-null constraint
DETAIL:  Failing row contains (369, 2026-06-28 23:39:06.296471+00, 2026-06-28 23:39:06.296483+00, 94159bfc-b768-4e19-8723-ff01faf8fc90, Risk Operations Team Lead, Bridge KYC/KYB, stripe-risk-operations-team-lead-bridge-kyckyb-7980514, Mexico City, , , null, &lt;h2&gt;&lt;strong&gt;Who we are &lt;/strong&gt;&lt;/h2&gt;
&l..., null, null, USD, , null, null, active, 0, 0, 1, 1, null, null, f, 7980514, greenhouse, https://stripe.com/jobs/search?gh_jid=7980514, null, 2026-09-26 23:39:06.296217+00, f, ["Missing or invalid company name"], 0.8, {"id": 7980514, "title": "Risk Operations Team Lead, Bridge KYC/..., null, EGP, null, null, 2026-06-28 23:39:06.296212+00, , scraped).

/usr/local/lib/python3.11/site-packages/django/db/models/fields/__init__.py:1595: RuntimeWarning: DateTimeField Job.expires_at received a naive datetime (2026-09-26 23:39:06.302219) while time zone support is active.
  warnings.warn(
Failed to process job: null value in column "experience_level" of relation "jobs_job" violates not-null constraint
DETAIL:  Failing row contains (370, 2026-06-28 23:39:06.302411+00, 2026-06-28 23:39:06.302422+00, e7532011-650f-48b6-9a1b-71efd113cb36, Risk Strategist, Onboarding and Compliance, stripe-risk-strategist-onboarding-and-compliance-7697973, Chicago, US-Remote, Toronto, , , null, &lt;h2&gt;Who we are&lt;/h2&gt;
&lt;h3&gt;About Stripe&lt;/h3&gt..., null, null, USD, , null, null, active, 0, 0, 1, 1, null, null, f, 7697973, greenhouse, https://stripe.com/jobs/search?gh_jid=7697973, null, 2026-09-26 23:39:06.302219+00, f, ["Missing or invalid company name"], 0.8, {"id": 7697973, "title": "Risk Strategist, Onboarding and Compli..., null, EGP, null, null, 2026-06-28 23:39:06.302214+00, , scraped).

/usr/local/lib/python3.11/site-packages/django/db/models/fields/__init__.py:1595: RuntimeWarning: DateTimeField Job.expires_at received a naive datetime (2026-09-26 23:39:06.308735) while time zone support is active.
  warnings.warn(
Failed to process job: null value in column "experience_level" of relation "jobs_job" violates not-null constraint
DETAIL:  Failing row contains (371, 2026-06-28 23:39:06.308944+00, 2026-06-28 23:39:06.308955+00, 85f7a952-b617-44e6-ae6b-49e26f8c6c5c, Risk Strategist - Screening (Financial Crimes), stripe-risk-strategist-screening-financial-crimes-7874862, US-Chicago; US-Atlanta; US-Remote; Canada-Toronto; Canada-Remote, , , null, &lt;h2&gt;Who we are&lt;/h2&gt;
&lt;h3&gt;About Stripe&lt;/h3&gt..., null, null, USD, , null, null, active, 0, 0, 1, 1, null, null, f, 7874862, greenhouse, https://stripe.com/jobs/search?gh_jid=7874862, null, 2026-09-26 23:39:06.308735+00, f, ["Missing or invalid company name"], 0.8, {"id": 7874862, "title": "Risk Strategist - Screening (Financial..., null, EGP, null, null, 2026-06-28 23:39:06.30873+00, , scraped).

/usr/local/lib/python3.11/site-packages/django/db/models/fields/__init__.py:1595: RuntimeWarning: DateTimeField Job.expires_at received a naive datetime (2026-09-26 23:39:06.315092) while time zone support is active.
  warnings.warn(
Failed to process job: null value in column "experience_level" of relation "jobs_job" violates not-null constraint
DETAIL:  Failing row contains (372, 2026-06-28 23:39:06.315435+00, 2026-06-28 23:39:06.315467+00, be1cadf8-e8fb-4ec8-af9f-e255c7f9d74c, Risk Strategist, User Risk Strategy, stripe-risk-strategist-user-risk-strategy-7594866, Chicago, SEA, SF, NYC, US-Remote, , , null, &lt;h2&gt;&lt;strong&gt;Who we are&lt;/strong&gt;&lt;/h2&gt;
&lt..., null, null, USD, , null, null, active, 0, 0, 1, 1, null, null, f, 7594866, greenhouse, https://stripe.com/jobs/search?gh_jid=7594866, null, 2026-09-26 23:39:06.315092+00, f, ["Missing or invalid company name"], 0.8, {"id": 7594866, "title": "Risk Strategist, User Risk Strategy", ..., null, EGP, null, null, 2026-06-28 23:39:06.315085+00, , scraped).

/usr/local/lib/python3.11/site-packages/django/db/models/fields/__init__.py:1595: RuntimeWarning: DateTimeField Job.expires_at received a naive datetime (2026-09-26 23:39:06.321884) while time zone support is active.
  warnings.warn(
Failed to process job: null value in column "experience_level" of relation "jobs_job" violates not-null constraint
DETAIL:  Failing row contains (373, 2026-06-28 23:39:06.322074+00, 2026-06-28 23:39:06.322085+00, 97141906-b7f9-4163-8993-3229d19f760a, Sales Compensation Analytics & Systems Specialist, stripe-sales-compensation-analytics-systems-specialist-7739207, CHI, SF, NYC, SEA, US Remote, , , null, &lt;h2&gt;Who we are&lt;/h2&gt;
&lt;h3&gt;About Stripe&lt;/h3&gt..., null, null, USD, , null, null, active, 0, 0, 1, 1, null, null, f, 7739207, greenhouse, https://stripe.com/jobs/search?gh_jid=7739207, null, 2026-09-26 23:39:06.321884+00, f, ["Missing or invalid company name"], 0.8, {"id": 7739207, "title": "Sales Compensation Analytics & Systems..., null, EGP, null, null, 2026-06-28 23:39:06.321879+00, , scraped).

/usr/local/lib/python3.11/site-packages/django/db/models/fields/__init__.py:1595: RuntimeWarning: DateTimeField Job.expires_at received a naive datetime (2026-09-26 23:39:06.327078) while time zone support is active.
  warnings.warn(
Failed to process job: null value in column "experience_level" of relation "jobs_job" violates not-null constraint
DETAIL:  Failing row contains (374, 2026-06-28 23:39:06.327297+00, 2026-06-28 23:39:06.32731+00, 32c01c34-4b5d-49c8-83bf-b8b01c8fedf4, Sales Compensation Design Lead, stripe-sales-compensation-design-lead-7862938, Dublin, , , null, &lt;h2&gt;Who we are&lt;/h2&gt;
&lt;h3&gt;About Stripe&lt;/h3&gt..., null, null, USD, , null, null, active, 0, 0, 1, 1, null, null, f, 7862938, greenhouse, https://stripe.com/jobs/search?gh_jid=7862938, null, 2026-09-26 23:39:06.327078+00, f, ["Missing or invalid company name"], 0.8, {"id": 7862938, "title": "Sales Compensation Design Lead", "loca..., null, EGP, null, null, 2026-06-28 23:39:06.327073+00, , scraped).

/usr/local/lib/python3.11/site-packages/django/db/models/fields/__init__.py:1595: RuntimeWarning: DateTimeField Job.expires_at received a naive datetime (2026-09-26 23:39:06.334994) while time zone support is active.
  warnings.warn(
Failed to process job: null value in column "experience_level" of relation "jobs_job" violates not-null constraint
DETAIL:  Failing row contains (375, 2026-06-28 23:39:06.335278+00, 2026-06-28 23:39:06.335291+00, f5acf2d4-10ac-48eb-b13c-7f07c1c27cf3, Sales Development Change Management Specialist, stripe-sales-development-change-management-specialist-7953987, CHI and DUB, , , null, &lt;h2&gt;&lt;strong&gt;Who we are &lt;/strong&gt;&lt;/h2&gt;
&l..., null, null, USD, , null, null, active, 0, 0, 1, 1, null, null, f, 7953987, greenhouse, https://stripe.com/jobs/search?gh_jid=7953987, null, 2026-09-26 23:39:06.334994+00, f, ["Missing or invalid company name"], 0.8, {"id": 7953987, "title": "Sales Development Change Management Sp..., null, EGP, null, null, 2026-06-28 23:39:06.334986+00, , scraped).

/usr/local/lib/python3.11/site-packages/django/db/models/fields/__init__.py:1595: RuntimeWarning: DateTimeField Job.expires_at received a naive datetime (2026-09-26 23:39:06.341753) while time zone support is active.
  warnings.warn(
Failed to process job: null value in column "experience_level" of relation "jobs_job" violates not-null constraint
DETAIL:  Failing row contains (376, 2026-06-28 23:39:06.341987+00, 2026-06-28 23:39:06.342001+00, 99a63387-bd66-4e9d-9961-2976b334a5ce, Sales Development Representative, stripe-sales-development-representative-6570253, Chicago, Illinois, , , null, &lt;h3&gt;&lt;strong&gt;About the team&lt;/strong&gt;&lt;/h3&gt;..., null, null, USD, , null, null, active, 0, 0, 1, 1, null, null, f, 6570253, greenhouse, https://stripe.com/jobs/search?gh_jid=6570253, null, 2026-09-26 23:39:06.341753+00, f, ["Missing or invalid company name"], 0.8, {"id": 6570253, "title": "Sales Development Representative", "lo..., null, EGP, null, null, 2026-06-28 23:39:06.341747+00, , scraped).

/usr/local/lib/python3.11/site-packages/django/db/models/fields/__init__.py:1595: RuntimeWarning: DateTimeField Job.expires_at received a naive datetime (2026-09-26 23:39:06.347245) while time zone support is active.
  warnings.warn(
Failed to process job: null value in column "experience_level" of relation "jobs_job" violates not-null constraint
DETAIL:  Failing row contains (377, 2026-06-28 23:39:06.347542+00, 2026-06-28 23:39:06.347562+00, 6dbea351-cde8-4bb4-8683-c48703f3a9ec, Sales Development Representative, stripe-sales-development-representative-6470774, Singapore, Tokyo, Sydney, Bangkok, , , null, &lt;h2&gt;Who we are&lt;/h2&gt;
&lt;h3&gt;About Stripe&lt;/h3&gt..., null, null, USD, , null, null, active, 0, 0, 1, 1, null, null, f, 6470774, greenhouse, https://stripe.com/jobs/search?gh_jid=6470774, null, 2026-09-26 23:39:06.347245+00, f, ["Missing or invalid company name"], 0.8, {"id": 6470774, "title": "Sales Development Representative", "lo..., null, EGP, null, null, 2026-06-28 23:39:06.347238+00, , scraped).

/usr/local/lib/python3.11/site-packages/django/db/models/fields/__init__.py:1595: RuntimeWarning: DateTimeField Job.expires_at received a naive datetime (2026-09-26 23:39:06.352852) while time zone support is active.
  warnings.warn(
Failed to process job: null value in column "experience_level" of relation "jobs_job" violates not-null constraint
DETAIL:  Failing row contains (378, 2026-06-28 23:39:06.353103+00, 2026-06-28 23:39:06.353118+00, 2aef3841-5899-4be2-8733-c57e0b95e51d, Sales Development Representative (French Fluency), stripe-sales-development-representative-french-fluency-8023124, Dublin, , , null, &lt;h2&gt;Who we are&lt;/h2&gt;
&lt;h3&gt;About Stripe&lt;/h3&gt..., null, null, USD, , null, null, active, 0, 0, 1, 1, null, null, f, 8023124, greenhouse, https://stripe.com/jobs/search?gh_jid=8023124, null, 2026-09-26 23:39:06.352852+00, f, ["Missing or invalid company name"], 0.8, {"id": 8023124, "title": "Sales Development Representative (Fren..., null, EGP, null, null, 2026-06-28 23:39:06.352846+00, , scraped).

/usr/local/lib/python3.11/site-packages/django/db/models/fields/__init__.py:1595: RuntimeWarning: DateTimeField Job.expires_at received a naive datetime (2026-09-26 23:39:06.357476) while time zone support is active.
  warnings.warn(
Failed to process job: null value in column "experience_level" of relation "jobs_job" violates not-null constraint
DETAIL:  Failing row contains (379, 2026-06-28 23:39:06.357645+00, 2026-06-28 23:39:06.357654+00, 441a0715-f8b9-4000-9923-b9fef70acdc2, Sales Development Representative (German Fluency), stripe-sales-development-representative-german-fluency-8023120, Dublin, , , null, &lt;h2&gt;Who we are&lt;/h2&gt;
&lt;h3&gt;About Stripe&lt;/h3&gt..., null, null, USD, , null, null, active, 0, 0, 1, 1, null, null, f, 8023120, greenhouse, https://stripe.com/jobs/search?gh_jid=8023120, null, 2026-09-26 23:39:06.357476+00, f, ["Missing or invalid company name"], 0.8, {"id": 8023120, "title": "Sales Development Representative (Germ..., null, EGP, null, null, 2026-06-28 23:39:06.357472+00, , scraped).

/usr/local/lib/python3.11/site-packages/django/db/models/fields/__init__.py:1595: RuntimeWarning: DateTimeField Job.expires_at received a naive datetime (2026-09-26 23:39:06.362967) while time zone support is active.
  warnings.warn(
Failed to process job: null value in column "experience_level" of relation "jobs_job" violates not-null constraint
DETAIL:  Failing row contains (380, 2026-06-28 23:39:06.363242+00, 2026-06-28 23:39:06.363258+00, 70a8827e-b1ad-4495-88f6-1ac654677644, Sales Development Representative (Greater China), stripe-sales-development-representative-greater-china-7994590, Singapore, , , null, &lt;h2&gt;Who we are&lt;/h2&gt;
&lt;h3&gt;About Stripe&lt;/h3&gt..., null, null, USD, , null, null, active, 0, 0, 1, 1, null, null, f, 7994590, greenhouse, https://stripe.com/jobs/search?gh_jid=7994590, null, 2026-09-26 23:39:06.362967+00, f, ["Missing or invalid company name"], 0.8, {"id": 7994590, "title": "Sales Development Representative (Grea..., null, EGP, null, null, 2026-06-28 23:39:06.362961+00, , scraped).

/usr/local/lib/python3.11/site-packages/django/db/models/fields/__init__.py:1595: RuntimeWarning: DateTimeField Job.expires_at received a naive datetime (2026-09-26 23:39:06.370281) while time zone support is active.
  warnings.warn(
Failed to process job: null value in column "experience_level" of relation "jobs_job" violates not-null constraint
DETAIL:  Failing row contains (381, 2026-06-28 23:39:06.370647+00, 2026-06-28 23:39:06.370664+00, 357c8d24-90cf-4d71-9039-f99cd74d6c9e, Sales Development Representative (Italian and Spanish Fluency), stripe-sales-development-representative-italian-and-spani-799314..., Dublin, , , null, &lt;h2&gt;Who we are&lt;/h2&gt;
&lt;h3&gt;About Stripe&lt;/h3&gt..., null, null, USD, , null, null, active, 0, 0, 1, 1, null, null, f, 7993149, greenhouse, https://stripe.com/jobs/search?gh_jid=7993149, null, 2026-09-26 23:39:06.370281+00, f, ["Missing or invalid company name"], 0.8, {"id": 7993149, "title": "Sales Development Representative (Ital..., null, EGP, null, null, 2026-06-28 23:39:06.370271+00, , scraped).

/usr/local/lib/python3.11/site-packages/django/db/models/fields/__init__.py:1595: RuntimeWarning: DateTimeField Job.expires_at received a naive datetime (2026-09-26 23:39:06.379993) while time zone support is active.
  warnings.warn(
Failed to process job: null value in column "experience_level" of relation "jobs_job" violates not-null constraint
DETAIL:  Failing row contains (382, 2026-06-28 23:39:06.380335+00, 2026-06-28 23:39:06.380352+00, f366895c-5c0e-475d-b7a6-41bfe9cc278b, Sales Development Representative (Mandarin fluency), stripe-sales-development-representative-mandarin-fluency-7813755, Singapore, , , null, &lt;h2&gt;Who we are&lt;/h2&gt;
&lt;h3&gt;About Stripe&lt;/h3&gt..., null, null, USD, , null, null, active, 0, 0, 1, 1, null, null, f, 7813755, greenhouse, https://stripe.com/jobs/search?gh_jid=7813755, null, 2026-09-26 23:39:06.379993+00, f, ["Missing or invalid company name"], 0.8, {"id": 7813755, "title": "Sales Development Representative (Mand..., null, EGP, null, null, 2026-06-28 23:39:06.379986+00, , scraped).

/usr/local/lib/python3.11/site-packages/django/db/models/fields/__init__.py:1595: RuntimeWarning: DateTimeField Job.expires_at received a naive datetime (2026-09-26 23:39:06.387400) while time zone support is active.
  warnings.warn(
Failed to process job: null value in column "experience_level" of relation "jobs_job" violates not-null constraint
DETAIL:  Failing row contains (383, 2026-06-28 23:39:06.387687+00, 2026-06-28 23:39:06.387705+00, 61d48cfc-9e27-418f-8e1f-806d7d83a247, Sales Enablement & Training Specialist, stripe-sales-enablement-training-specialist-7359215, SF, , , null, &lt;h2&gt;&lt;strong&gt;Who we are &lt;/strong&gt;&lt;/h2&gt;
&l..., null, null, USD, , null, null, active, 0, 0, 1, 1, null, null, f, 7359215, greenhouse, https://stripe.com/jobs/search?gh_jid=7359215, null, 2026-09-26 23:39:06.3874+00, f, ["Missing or invalid company name"], 0.8, {"id": 7359215, "title": "Sales Enablement & Training Specialist..., null, EGP, null, null, 2026-06-28 23:39:06.387395+00, , scraped).

/usr/local/lib/python3.11/site-packages/django/db/models/fields/__init__.py:1595: RuntimeWarning: DateTimeField Job.expires_at received a naive datetime (2026-09-26 23:39:06.393927) while time zone support is active.
  warnings.warn(
Failed to process job: null value in column "experience_level" of relation "jobs_job" violates not-null constraint
DETAIL:  Failing row contains (384, 2026-06-28 23:39:06.394689+00, 2026-06-28 23:39:06.394707+00, ec8ab883-2c6b-4539-9cf8-30735e35c94a, Sales Excellence Manager, Global Sales Vendors, stripe-sales-excellence-manager-global-sales-vendors-8011418, Remote in the US, , , null, &lt;h2&gt;&lt;strong&gt;Who we are &lt;/strong&gt;&lt;/h2&gt;
&l..., null, null, USD, , null, null, active, 0, 0, 1, 1, null, null, f, 8011418, greenhouse, https://stripe.com/jobs/search?gh_jid=8011418, null, 2026-09-26 23:39:06.393927+00, f, ["Missing or invalid company name"], 0.8, {"id": 8011418, "title": "Sales Excellence Manager, Global Sales..., null, EGP, null, null, 2026-06-28 23:39:06.393922+00, , scraped).

/usr/local/lib/python3.11/site-packages/django/db/models/fields/__init__.py:1595: RuntimeWarning: DateTimeField Job.expires_at received a naive datetime (2026-09-26 23:39:06.404085) while time zone support is active.
  warnings.warn(
Failed to process job: null value in column "experience_level" of relation "jobs_job" violates not-null constraint
DETAIL:  Failing row contains (385, 2026-06-28 23:39:06.404484+00, 2026-06-28 23:39:06.404504+00, ac78881e-7ddc-490d-a5b2-8cded68c630c, Sanctions, Operations Associate(CDMX), stripe-sanctions-operations-associatecdmx-8017084, Mexico City, , , null, &lt;p&gt;&lt;strong&gt;About Stripe&lt;/strong&gt;&lt;/p&gt;
&lt..., null, null, USD, , null, null, active, 0, 0, 1, 1, null, null, f, 8017084, greenhouse, https://stripe.com/jobs/search?gh_jid=8017084, null, 2026-09-26 23:39:06.404085+00, f, ["Missing or invalid company name"], 0.8, {"id": 8017084, "title": "Sanctions, Operations Associate(CDMX)"..., null, EGP, null, null, 2026-06-28 23:39:06.404078+00, , scraped).

/usr/local/lib/python3.11/site-packages/django/db/models/fields/__init__.py:1595: RuntimeWarning: DateTimeField Job.expires_at received a naive datetime (2026-09-26 23:39:06.410626) while time zone support is active.
  warnings.warn(
Failed to process job: null value in column "experience_level" of relation "jobs_job" violates not-null constraint
DETAIL:  Failing row contains (386, 2026-06-28 23:39:06.410925+00, 2026-06-28 23:39:06.410941+00, 96fd2fe4-2d52-416a-8751-e0c2799bdc4c, SDC Manager, GTM Accelerate, stripe-sdc-manager-gtm-accelerate-7997029, Dublin, , , null, &lt;h2&gt;&lt;strong&gt;Who we are&lt;/strong&gt;&lt;/h2&gt;
&lt..., null, null, USD, , null, null, active, 0, 0, 1, 1, null, null, f, 7997029, greenhouse, https://stripe.com/jobs/search?gh_jid=7997029, null, 2026-09-26 23:39:06.410626+00, f, ["Missing or invalid company name"], 0.8, {"id": 7997029, "title": "SDC Manager, GTM Accelerate", "locatio..., null, EGP, null, null, 2026-06-28 23:39:06.410619+00, , scraped).

/usr/local/lib/python3.11/site-packages/django/db/models/fields/__init__.py:1595: RuntimeWarning: DateTimeField Job.expires_at received a naive datetime (2026-09-26 23:39:06.417955) while time zone support is active.
  warnings.warn(
Failed to process job: null value in column "experience_level" of relation "jobs_job" violates not-null constraint
DETAIL:  Failing row contains (387, 2026-06-28 23:39:06.41849+00, 2026-06-28 23:39:06.418596+00, d42b37c5-e311-4498-806e-d8e40b7b6556, SDC Operations Manager, Financial Crimes (AML), stripe-sdc-operations-manager-financial-crimes-aml-7325566, Bengaluru, , , null, &lt;p&gt;&lt;strong&gt;About Stripe&lt;/strong&gt;&lt;/p&gt;
&lt..., null, null, USD, , null, null, active, 0, 0, 1, 1, null, null, f, 7325566, greenhouse, https://stripe.com/jobs/search?gh_jid=7325566, null, 2026-09-26 23:39:06.417955+00, f, ["Missing or invalid company name"], 0.8, {"id": 7325566, "title": "SDC Operations Manager, Financial Crim..., null, EGP, null, null, 2026-06-28 23:39:06.417949+00, , scraped).

/usr/local/lib/python3.11/site-packages/django/db/models/fields/__init__.py:1595: RuntimeWarning: DateTimeField Job.expires_at received a naive datetime (2026-09-26 23:39:06.423676) while time zone support is active.
  warnings.warn(
Failed to process job: null value in column "experience_level" of relation "jobs_job" violates not-null constraint
DETAIL:  Failing row contains (388, 2026-06-28 23:39:06.423889+00, 2026-06-28 23:39:06.423901+00, e26dd4eb-b74f-46c6-9fa7-96287fe8acd7, Security Engineer, stripe-security-engineer-7923209, Seattle, WA, , , null, &lt;h2&gt;&lt;strong&gt;Who we are &lt;/strong&gt;&lt;/h2&gt;
&l..., null, null, USD, , null, null, active, 0, 0, 1, 1, null, null, f, 7923209, greenhouse, https://stripe.com/jobs/search?gh_jid=7923209, null, 2026-09-26 23:39:06.423676+00, f, ["Missing or invalid company name"], 0.8, {"id": 7923209, "title": "Security Engineer", "location": "Seatt..., null, EGP, null, null, 2026-06-28 23:39:06.423672+00, , scraped).

/usr/local/lib/python3.11/site-packages/django/db/models/fields/__init__.py:1595: RuntimeWarning: DateTimeField Job.expires_at received a naive datetime (2026-09-26 23:39:06.429591) while time zone support is active.
  warnings.warn(
Failed to process job: null value in column "experience_level" of relation "jobs_job" violates not-null constraint
DETAIL:  Failing row contains (389, 2026-06-28 23:39:06.429829+00, 2026-06-28 23:39:06.429841+00, 79fc4068-f045-43e0-aed3-ccd03ae4030f, Security Engineer, stripe-security-engineer-7923191, South San Francisco, CA and US-Remote, , , null, &lt;h2&gt;&lt;strong&gt;Who we are &lt;/strong&gt;&lt;/h2&gt;
&l..., null, null, USD, , null, null, active, 0, 0, 1, 1, null, null, f, 7923191, greenhouse, https://stripe.com/jobs/search?gh_jid=7923191, null, 2026-09-26 23:39:06.429591+00, f, ["Missing or invalid company name"], 0.8, {"id": 7923191, "title": "Security Engineer", "location": "South..., null, EGP, null, null, 2026-06-28 23:39:06.429586+00, , scraped).

/usr/local/lib/python3.11/site-packages/django/db/models/fields/__init__.py:1595: RuntimeWarning: DateTimeField Job.expires_at received a naive datetime (2026-09-26 23:39:06.434606) while time zone support is active.
  warnings.warn(
Failed to process job: null value in column "experience_level" of relation "jobs_job" violates not-null constraint
DETAIL:  Failing row contains (390, 2026-06-28 23:39:06.434783+00, 2026-06-28 23:39:06.434794+00, 2d2e0127-5748-4355-b4fe-025d89cc817c, Security Engineer, Bridge, stripe-security-engineer-bridge-7776179, SF, New York, Seattle, Dublin, , , null, &lt;h2&gt;Who we are&lt;/h2&gt;
&lt;h3&gt;About Stripe&lt;/h3&gt..., null, null, USD, , null, null, active, 0, 0, 1, 1, null, null, f, 7776179, greenhouse, https://stripe.com/jobs/search?gh_jid=7776179, null, 2026-09-26 23:39:06.434606+00, f, ["Missing or invalid company name"], 0.8, {"id": 7776179, "title": "Security Engineer, Bridge", "location"..., null, EGP, null, null, 2026-06-28 23:39:06.434602+00, , scraped).

/usr/local/lib/python3.11/site-packages/django/db/models/fields/__init__.py:1595: RuntimeWarning: DateTimeField Job.expires_at received a naive datetime (2026-09-26 23:39:06.439330) while time zone support is active.
  warnings.warn(
Failed to process job: null value in column "experience_level" of relation "jobs_job" violates not-null constraint
DETAIL:  Failing row contains (391, 2026-06-28 23:39:06.439594+00, 2026-06-28 23:39:06.439613+00, d2ee539c-69e7-4396-833a-dfd77e63428f, Security Engineer, Mobile , stripe-security-engineer-mobile-7982720, New York, New York, , , null, &lt;h2&gt;Who we are&lt;/h2&gt;
&lt;h3&gt;About Stripe&lt;/h3&gt..., null, null, USD, , null, null, active, 0, 0, 1, 1, null, null, f, 7982720, greenhouse, https://stripe.com/jobs/search?gh_jid=7982720, null, 2026-09-26 23:39:06.43933+00, f, ["Missing or invalid company name"], 0.8, {"id": 7982720, "title": "Security Engineer, Mobile ", "location..., null, EGP, null, null, 2026-06-28 23:39:06.439325+00, , scraped).

/usr/local/lib/python3.11/site-packages/django/db/models/fields/__init__.py:1595: RuntimeWarning: DateTimeField Job.expires_at received a naive datetime (2026-09-26 23:39:06.444060) while time zone support is active.
  warnings.warn(
Failed to process job: null value in column "experience_level" of relation "jobs_job" violates not-null constraint
DETAIL:  Failing row contains (392, 2026-06-28 23:39:06.444239+00, 2026-06-28 23:39:06.444249+00, 44c40e23-08ed-415b-bab4-e856abbef715, Security Engineer - Offensive Security, stripe-security-engineer-offensive-security-7820898, Ireland, , , null, &lt;h2&gt;Who we are&lt;/h2&gt;
&lt;h3&gt;About Stripe&lt;/h3&gt..., null, null, USD, , null, null, active, 0, 0, 1, 1, null, null, f, 7820898, greenhouse, https://stripe.com/jobs/search?gh_jid=7820898, null, 2026-09-26 23:39:06.44406+00, f, ["Missing or invalid company name"], 0.8, {"id": 7820898, "title": "Security Engineer - Offensive Security..., null, EGP, null, null, 2026-06-28 23:39:06.444055+00, , scraped).

/usr/local/lib/python3.11/site-packages/django/db/models/fields/__init__.py:1595: RuntimeWarning: DateTimeField Job.expires_at received a naive datetime (2026-09-26 23:39:06.448709) while time zone support is active.
  warnings.warn(
Failed to process job: null value in column "experience_level" of relation "jobs_job" violates not-null constraint
DETAIL:  Failing row contains (393, 2026-06-28 23:39:06.44889+00, 2026-06-28 23:39:06.4489+00, 304196eb-c911-4817-8079-b1f4ab4085c3, Security Incident Response Manager, stripe-security-incident-response-manager-8007205, Dublin, , , null, &lt;h2&gt;&lt;strong&gt;Who we are &lt;/strong&gt;&lt;/h2&gt;
&l..., null, null, USD, , null, null, active, 0, 0, 1, 1, null, null, f, 8007205, greenhouse, https://stripe.com/jobs/search?gh_jid=8007205, null, 2026-09-26 23:39:06.448709+00, f, ["Missing or invalid company name"], 0.8, {"id": 8007205, "title": "Security Incident Response Manager", "..., null, EGP, null, null, 2026-06-28 23:39:06.448705+00, , scraped).

/usr/local/lib/python3.11/site-packages/django/db/models/fields/__init__.py:1595: RuntimeWarning: DateTimeField Job.expires_at received a naive datetime (2026-09-26 23:39:06.452944) while time zone support is active.
  warnings.warn(
Failed to process job: null value in column "experience_level" of relation "jobs_job" violates not-null constraint
DETAIL:  Failing row contains (394, 2026-06-28 23:39:06.453139+00, 2026-06-28 23:39:06.45315+00, f3ff41e8-54a0-42bf-9848-e1e487d95c77, Senior Account Executive, Platforms Hunter (French fluency), stripe-senior-account-executive-platforms-hunter-french-f-802588..., Paris, France, , , null, &lt;h2&gt;&lt;strong&gt;Who we are&lt;/strong&gt;&lt;/h2&gt;
&lt..., null, null, USD, , null, null, active, 0, 0, 1, 1, null, null, f, 8025888, greenhouse, https://stripe.com/jobs/search?gh_jid=8025888, null, 2026-09-26 23:39:06.452944+00, f, ["Missing or invalid company name"], 0.8, {"id": 8025888, "title": "Senior Account Executive, Platforms Hu..., null, EGP, null, null, 2026-06-28 23:39:06.452939+00, , scraped).

/usr/local/lib/python3.11/site-packages/django/db/models/fields/__init__.py:1595: RuntimeWarning: DateTimeField Job.expires_at received a naive datetime (2026-09-26 23:39:06.456985) while time zone support is active.
  warnings.warn(
Failed to process job: null value in column "experience_level" of relation "jobs_job" violates not-null constraint
DETAIL:  Failing row contains (395, 2026-06-28 23:39:06.457153+00, 2026-06-28 23:39:06.457163+00, c3794d8b-6c39-4bbf-99fc-71a7dec58ece, Senior Customer Success Manager, stripe-senior-customer-success-manager-7868256, New York, NY; Seattle, WA; San Francisco, CA, , , null, &lt;h2&gt;Who we are&lt;/h2&gt;
&lt;h3&gt;About Stripe&lt;/h3&gt..., null, null, USD, , null, null, active, 0, 0, 1, 1, null, null, f, 7868256, greenhouse, https://stripe.com/jobs/search?gh_jid=7868256, null, 2026-09-26 23:39:06.456985+00, f, ["Missing or invalid company name"], 0.8, {"id": 7868256, "title": "Senior Customer Success Manager", "loc..., null, EGP, null, null, 2026-06-28 23:39:06.45698+00, , scraped).

/usr/local/lib/python3.11/site-packages/django/db/models/fields/__init__.py:1595: RuntimeWarning: DateTimeField Job.expires_at received a naive datetime (2026-09-26 23:39:06.461729) while time zone support is active.
  warnings.warn(
Failed to process job: null value in column "experience_level" of relation "jobs_job" violates not-null constraint
DETAIL:  Failing row contains (396, 2026-06-28 23:39:06.461917+00, 2026-06-28 23:39:06.461927+00, 598b2a4d-537b-4739-b333-dc31b6f5b3a5, Senior Integration Reliability Engineer, Technical Operations, stripe-senior-integration-reliability-engineer-technical--745726..., Singapore, , , null, &lt;h2&gt;Who we are&lt;/h2&gt;
&lt;h3&gt;About Stripe&lt;/h3&gt..., null, null, USD, , null, null, active, 0, 0, 1, 1, null, null, f, 7457268, greenhouse, https://stripe.com/jobs/search?gh_jid=7457268, null, 2026-09-26 23:39:06.461729+00, f, ["Missing or invalid company name"], 0.8, {"id": 7457268, "title": "Senior Integration Reliability Enginee..., null, EGP, null, null, 2026-06-28 23:39:06.461724+00, , scraped).

/usr/local/lib/python3.11/site-packages/django/db/models/fields/__init__.py:1595: RuntimeWarning: DateTimeField Job.expires_at received a naive datetime (2026-09-26 23:39:06.466732) while time zone support is active.
  warnings.warn(
Failed to process job: null value in column "experience_level" of relation "jobs_job" violates not-null constraint
DETAIL:  Failing row contains (397, 2026-06-28 23:39:06.467066+00, 2026-06-28 23:39:06.467085+00, ad916036-c63d-4eae-b5f8-6c9bf2e88796, Senior Software Engineer, stripe-senior-software-engineer-8026511, South San Francisco, CA, , , null, &lt;h2&gt;&lt;strong&gt;Who we are&lt;/strong&gt;&lt;/h2&gt;
&lt..., null, null, USD, , null, null, active, 0, 0, 1, 1, null, null, f, 8026511, greenhouse, https://stripe.com/jobs/search?gh_jid=8026511, null, 2026-09-26 23:39:06.466732+00, f, ["Missing or invalid company name"], 0.8, {"id": 8026511, "title": "Senior Software Engineer", "location":..., null, EGP, null, null, 2026-06-28 23:39:06.466724+00, , scraped).

/usr/local/lib/python3.11/site-packages/django/db/models/fields/__init__.py:1595: RuntimeWarning: DateTimeField Job.expires_at received a naive datetime (2026-09-26 23:39:06.471765) while time zone support is active.
  warnings.warn(
Failed to process job: null value in column "experience_level" of relation "jobs_job" violates not-null constraint
DETAIL:  Failing row contains (398, 2026-06-28 23:39:06.471939+00, 2026-06-28 23:39:06.471948+00, f619a079-9dd0-4343-84f6-7528df327139, Senior Software Engineer, stripe-senior-software-engineer-8026416, San Francisco, , , null, &lt;h2&gt;&lt;strong&gt;Who we are&lt;/strong&gt;&lt;/h2&gt;
&lt..., null, null, USD, , null, null, active, 0, 0, 1, 1, null, null, f, 8026416, greenhouse, https://stripe.com/jobs/search?gh_jid=8026416, null, 2026-09-26 23:39:06.471765+00, f, ["Missing or invalid company name"], 0.8, {"id": 8026416, "title": "Senior Software Engineer", "location":..., null, EGP, null, null, 2026-06-28 23:39:06.471761+00, , scraped).

/usr/local/lib/python3.11/site-packages/django/db/models/fields/__init__.py:1595: RuntimeWarning: DateTimeField Job.expires_at received a naive datetime (2026-09-26 23:39:06.476881) while time zone support is active.
  warnings.warn(
Failed to process job: null value in column "experience_level" of relation "jobs_job" violates not-null constraint
DETAIL:  Failing row contains (399, 2026-06-28 23:39:06.477053+00, 2026-06-28 23:39:06.477062+00, 7b659899-0eac-4a27-b24f-1bc2262f2123, Senior Staff Product Designer, Risk, stripe-senior-staff-product-designer-risk-8001660, Remote in the US, , , null, &lt;h2&gt;Who we are&lt;/h2&gt;
&lt;h3&gt;About Stripe&lt;/h3&gt..., null, null, USD, , null, null, active, 0, 0, 1, 1, null, null, f, 8001660, greenhouse, https://stripe.com/jobs/search?gh_jid=8001660, null, 2026-09-26 23:39:06.476881+00, f, ["Missing or invalid company name"], 0.8, {"id": 8001660, "title": "Senior Staff Product Designer, Risk", ..., null, EGP, null, null, 2026-06-28 23:39:06.476877+00, , scraped).

/usr/local/lib/python3.11/site-packages/django/db/models/fields/__init__.py:1595: RuntimeWarning: DateTimeField Job.expires_at received a naive datetime (2026-09-26 23:39:06.481689) while time zone support is active.
  warnings.warn(
Failed to process job: null value in column "experience_level" of relation "jobs_job" violates not-null constraint
DETAIL:  Failing row contains (400, 2026-06-28 23:39:06.481934+00, 2026-06-28 23:39:06.48195+00, 8c1ac6c9-517b-4ea7-a313-77865e4800da, Senior Treasury Specialist, Digital Assets, stripe-senior-treasury-specialist-digital-assets-7767151, San Francisco or New York, , , null, &lt;h1&gt;&lt;strong&gt;Senior Treasury Specialist, Digital Asse..., null, null, USD, , null, null, active, 0, 0, 1, 1, null, null, f, 7767151, greenhouse, https://stripe.com/jobs/search?gh_jid=7767151, null, 2026-09-26 23:39:06.481689+00, f, ["Missing or invalid company name"], 0.8, {"id": 7767151, "title": "Senior Treasury Specialist, Digital As..., null, EGP, null, null, 2026-06-28 23:39:06.481683+00, , scraped).

/usr/local/lib/python3.11/site-packages/django/db/models/fields/__init__.py:1595: RuntimeWarning: DateTimeField Job.expires_at received a naive datetime (2026-09-26 23:39:06.486920) while time zone support is active.
  warnings.warn(
Failed to process job: null value in column "experience_level" of relation "jobs_job" violates not-null constraint
DETAIL:  Failing row contains (401, 2026-06-28 23:39:06.487155+00, 2026-06-28 23:39:06.487169+00, 0c6ffbad-f2ea-430b-a1d4-a1d03df7017d, Services Account Executive, stripe-services-account-executive-7566383, London, , , null, &lt;h2&gt;&lt;strong&gt;Who we are&lt;/strong&gt;&lt;/h2&gt;
&lt..., null, null, USD, , null, null, active, 0, 0, 1, 1, null, null, f, 7566383, greenhouse, https://stripe.com/jobs/search?gh_jid=7566383, null, 2026-09-26 23:39:06.48692+00, f, ["Missing or invalid company name"], 0.8, {"id": 7566383, "title": "Services Account Executive", "location..., null, EGP, null, null, 2026-06-28 23:39:06.486912+00, , scraped).

/usr/local/lib/python3.11/site-packages/django/db/models/fields/__init__.py:1595: RuntimeWarning: DateTimeField Job.expires_at received a naive datetime (2026-09-26 23:39:06.491974) while time zone support is active.
  warnings.warn(
Failed to process job: null value in column "experience_level" of relation "jobs_job" violates not-null constraint
DETAIL:  Failing row contains (402, 2026-06-28 23:39:06.492156+00, 2026-06-28 23:39:06.492165+00, b1bbc692-b07d-42ea-879e-4b9ad7ebb2d9, Short-form Video & Social, Community Comms, stripe-short-form-video-social-community-comms-7373865, SF, NYC, , , null, &lt;h2&gt;Who we are&lt;/h2&gt;
&lt;h3&gt;About Stripe&lt;/h3&gt..., null, null, USD, , null, null, active, 0, 0, 1, 1, null, null, f, 7373865, greenhouse, https://stripe.com/jobs/search?gh_jid=7373865, null, 2026-09-26 23:39:06.491974+00, f, ["Missing or invalid company name"], 0.8, {"id": 7373865, "title": "Short-form Video & Social, Community C..., null, EGP, null, null, 2026-06-28 23:39:06.491969+00, , scraped).

/usr/local/lib/python3.11/site-packages/django/db/models/fields/__init__.py:1595: RuntimeWarning: DateTimeField Job.expires_at received a naive datetime (2026-09-26 23:39:06.497049) while time zone support is active.
  warnings.warn(
Failed to process job: null value in column "experience_level" of relation "jobs_job" violates not-null constraint
DETAIL:  Failing row contains (403, 2026-06-28 23:39:06.497242+00, 2026-06-28 23:39:06.497253+00, 100a73a7-39db-4f5a-82b7-0612a5207065, Social Media, Customer Support Associate , stripe-social-media-customer-support-associate-7867328, Mexico, , , null, &lt;h2&gt;Who we are&lt;/h2&gt;
&lt;h3&gt;About Stripe&lt;/h3&gt..., null, null, USD, , null, null, active, 0, 0, 1, 1, null, null, f, 7867328, greenhouse, https://stripe.com/jobs/search?gh_jid=7867328, null, 2026-09-26 23:39:06.497049+00, f, ["Missing or invalid company name"], 0.8, {"id": 7867328, "title": "Social Media, Customer Support Associa..., null, EGP, null, null, 2026-06-28 23:39:06.497045+00, , scraped).

/usr/local/lib/python3.11/site-packages/django/db/models/fields/__init__.py:1595: RuntimeWarning: DateTimeField Job.expires_at received a naive datetime (2026-09-26 23:39:06.502127) while time zone support is active.
  warnings.warn(
Failed to process job: null value in column "experience_level" of relation "jobs_job" violates not-null constraint
DETAIL:  Failing row contains (404, 2026-06-28 23:39:06.502389+00, 2026-06-28 23:39:06.502404+00, 7bec075d-6be1-4257-865a-a4edfa9ef0c3, Software Engineer, stripe-software-engineer-7895344, San Francisco, California, , , null, &lt;h2&gt;&lt;strong&gt;Who we are &lt;/strong&gt;&lt;/h2&gt;
&l..., null, null, USD, , null, null, active, 0, 0, 1, 1, null, null, f, 7895344, greenhouse, https://stripe.com/jobs/search?gh_jid=7895344, null, 2026-09-26 23:39:06.502127+00, f, ["Missing or invalid company name"], 0.8, {"id": 7895344, "title": "Software Engineer", "location": "San F..., null, EGP, null, null, 2026-06-28 23:39:06.50212+00, , scraped).

/usr/local/lib/python3.11/site-packages/django/db/models/fields/__init__.py:1595: RuntimeWarning: DateTimeField Job.expires_at received a naive datetime (2026-09-26 23:39:06.508320) while time zone support is active.
  warnings.warn(
Failed to process job: null value in column "experience_level" of relation "jobs_job" violates not-null constraint
DETAIL:  Failing row contains (405, 2026-06-28 23:39:06.508776+00, 2026-06-28 23:39:06.508794+00, 87be0b8f-2c39-4a4e-945e-24231c7671d6, Software Engineer, stripe-software-engineer-7922832, Seattle, WA, , , null, &lt;h2&gt;&lt;strong&gt;Who we are &lt;/strong&gt;&lt;/h2&gt;
&l..., null, null, USD, , null, null, active, 0, 0, 1, 1, null, null, f, 7922832, greenhouse, https://stripe.com/jobs/search?gh_jid=7922832, null, 2026-09-26 23:39:06.50832+00, f, ["Missing or invalid company name"], 0.8, {"id": 7922832, "title": "Software Engineer", "location": "Seatt..., null, EGP, null, null, 2026-06-28 23:39:06.508312+00, , scraped).

/usr/local/lib/python3.11/site-packages/django/db/models/fields/__init__.py:1595: RuntimeWarning: DateTimeField Job.expires_at received a naive datetime (2026-09-26 23:39:06.514670) while time zone support is active.
  warnings.warn(
Failed to process job: null value in column "experience_level" of relation "jobs_job" violates not-null constraint
DETAIL:  Failing row contains (406, 2026-06-28 23:39:06.51496+00, 2026-06-28 23:39:06.514975+00, bb960b0c-c122-4d6f-af50-077e5b939b73, Software Engineer, stripe-software-engineer-8009143, New York, NY, , , null, &lt;h2&gt;&lt;strong&gt;Who we are&lt;/strong&gt;&lt;/h2&gt;
&lt..., null, null, USD, , null, null, active, 0, 0, 1, 1, null, null, f, 8009143, greenhouse, https://stripe.com/jobs/search?gh_jid=8009143, null, 2026-09-26 23:39:06.51467+00, f, ["Missing or invalid company name"], 0.8, {"id": 8009143, "title": "Software Engineer", "location": "New Y..., null, EGP, null, null, 2026-06-28 23:39:06.514663+00, , scraped).

/usr/local/lib/python3.11/site-packages/django/db/models/fields/__init__.py:1595: RuntimeWarning: DateTimeField Job.expires_at received a naive datetime (2026-09-26 23:39:06.519993) while time zone support is active.
  warnings.warn(
Failed to process job: null value in column "experience_level" of relation "jobs_job" violates not-null constraint
DETAIL:  Failing row contains (407, 2026-06-28 23:39:06.520338+00, 2026-06-28 23:39:06.520352+00, 37b36690-dca0-406f-b154-8a0c9f8fb3a9, Software Engineer, stripe-software-engineer-7991636, Seattle, , , null, &lt;h2&gt;&lt;strong&gt;Who we are&lt;/strong&gt;&lt;/h2&gt;
&lt..., null, null, USD, , null, null, active, 0, 0, 1, 1, null, null, f, 7991636, greenhouse, https://stripe.com/jobs/search?gh_jid=7991636, null, 2026-09-26 23:39:06.519993+00, f, ["Missing or invalid company name"], 0.8, {"id": 7991636, "title": "Software Engineer", "location": "Seatt..., null, EGP, null, null, 2026-06-28 23:39:06.519987+00, , scraped).

/usr/local/lib/python3.11/site-packages/django/db/models/fields/__init__.py:1595: RuntimeWarning: DateTimeField Job.expires_at received a naive datetime (2026-09-26 23:39:06.524676) while time zone support is active.
  warnings.warn(
Failed to process job: null value in column "experience_level" of relation "jobs_job" violates not-null constraint
DETAIL:  Failing row contains (408, 2026-06-28 23:39:06.524848+00, 2026-06-28 23:39:06.524857+00, 7dde5bbf-0d21-4061-ba15-ba757d6bc9df, Software Engineer, stripe-software-engineer-7926966, New York, NY, , , null, &lt;h2&gt;&lt;strong&gt;Who we are &lt;/strong&gt;&lt;/h2&gt;
&l..., null, null, USD, , null, null, active, 0, 0, 1, 1, null, null, f, 7926966, greenhouse, https://stripe.com/jobs/search?gh_jid=7926966, null, 2026-09-26 23:39:06.524676+00, f, ["Missing or invalid company name"], 0.8, {"id": 7926966, "title": "Software Engineer", "location": "New Y..., null, EGP, null, null, 2026-06-28 23:39:06.524673+00, , scraped).

/usr/local/lib/python3.11/site-packages/django/db/models/fields/__init__.py:1595: RuntimeWarning: DateTimeField Job.expires_at received a naive datetime (2026-09-26 23:39:06.529053) while time zone support is active.
  warnings.warn(
Failed to process job: null value in column "experience_level" of relation "jobs_job" violates not-null constraint
DETAIL:  Failing row contains (409, 2026-06-28 23:39:06.529248+00, 2026-06-28 23:39:06.529259+00, 89cad84d-8a6b-421b-abec-f314da16d810, Software Engineer, Balance Abstraction, stripe-software-engineer-balance-abstraction-7908923, Seattle, WA, , , null, &lt;h2&gt;&lt;strong&gt;Who we are &lt;/strong&gt;&lt;/h2&gt;
&l..., null, null, USD, , null, null, active, 0, 0, 1, 1, null, null, f, 7908923, greenhouse, https://stripe.com/jobs/search?gh_jid=7908923, null, 2026-09-26 23:39:06.529053+00, f, ["Missing or invalid company name"], 0.8, {"id": 7908923, "title": "Software Engineer, Balance Abstraction..., null, EGP, null, null, 2026-06-28 23:39:06.529049+00, , scraped).

/usr/local/lib/python3.11/site-packages/django/db/models/fields/__init__.py:1595: RuntimeWarning: DateTimeField Job.expires_at received a naive datetime (2026-09-26 23:39:06.533544) while time zone support is active.
  warnings.warn(
Failed to process job: null value in column "experience_level" of relation "jobs_job" violates not-null constraint
DETAIL:  Failing row contains (410, 2026-06-28 23:39:06.533703+00, 2026-06-28 23:39:06.533712+00, b00b2845-c256-402e-84a5-042d0fd30843, Software Engineer, Brazil, stripe-software-engineer-brazil-7895284, Sao Paulo, , , null, &lt;h2&gt;Who we are&lt;/h2&gt;
&lt;h2&gt;About Stripe&lt;/h2&gt..., null, null, USD, , null, null, active, 0, 0, 1, 1, null, null, f, 7895284, greenhouse, https://stripe.com/jobs/search?gh_jid=7895284, null, 2026-09-26 23:39:06.533544+00, f, ["Missing or invalid company name"], 0.8, {"id": 7895284, "title": "Software Engineer, Brazil", "location"..., null, EGP, null, null, 2026-06-28 23:39:06.53354+00, , scraped).

/usr/local/lib/python3.11/site-packages/django/db/models/fields/__init__.py:1595: RuntimeWarning: DateTimeField Job.expires_at received a naive datetime (2026-09-26 23:39:06.538183) while time zone support is active.
  warnings.warn(
Failed to process job: null value in column "experience_level" of relation "jobs_job" violates not-null constraint
DETAIL:  Failing row contains (411, 2026-06-28 23:39:06.538432+00, 2026-06-28 23:39:06.538444+00, 886b234b-ee01-4fa8-957b-ab4da5d852b3, Software Engineer, Bridge, stripe-software-engineer-bridge-7277110, San Francisco, NY, Seattle, , , null, &lt;p&gt;&lt;strong&gt;Who we are&lt;br&gt;About Bridge&lt;/stro..., null, null, USD, , null, null, active, 0, 0, 1, 1, null, null, f, 7277110, greenhouse, https://stripe.com/jobs/search?gh_jid=7277110, null, 2026-09-26 23:39:06.538183+00, f, ["Missing or invalid company name"], 0.8, {"id": 7277110, "title": "Software Engineer, Bridge", "location"..., null, EGP, null, null, 2026-06-28 23:39:06.538176+00, , scraped).

/usr/local/lib/python3.11/site-packages/django/db/models/fields/__init__.py:1595: RuntimeWarning: DateTimeField Job.expires_at received a naive datetime (2026-09-26 23:39:06.542880) while time zone support is active.
  warnings.warn(
Failed to process job: null value in column "experience_level" of relation "jobs_job" violates not-null constraint
DETAIL:  Failing row contains (412, 2026-06-28 23:39:06.543088+00, 2026-06-28 23:39:06.543099+00, 4600c396-27c0-4cf6-9155-3931ffd28d53, Software Engineer, Core Infrastructure, stripe-software-engineer-core-infrastructure-7975725, Sydney, Australia, , , null, &lt;h2&gt;Who we are&lt;/h2&gt;
&lt;h3&gt;About Stripe&lt;/h3&gt..., null, null, USD, , null, null, active, 0, 0, 1, 1, null, null, f, 7975725, greenhouse, https://stripe.com/jobs/search?gh_jid=7975725, null, 2026-09-26 23:39:06.54288+00, f, ["Missing or invalid company name"], 0.8, {"id": 7975725, "title": "Software Engineer, Core Infrastructure..., null, EGP, null, null, 2026-06-28 23:39:06.542876+00, , scraped).

/usr/local/lib/python3.11/site-packages/django/db/models/fields/__init__.py:1595: RuntimeWarning: DateTimeField Job.expires_at received a naive datetime (2026-09-26 23:39:06.547413) while time zone support is active.
  warnings.warn(
Failed to process job: null value in column "experience_level" of relation "jobs_job" violates not-null constraint
DETAIL:  Failing row contains (413, 2026-06-28 23:39:06.547597+00, 2026-06-28 23:39:06.547608+00, 3712d98f-db4c-4160-97cd-3b7ab5dc4074, Software Engineer, Data & AI, stripe-software-engineer-data-ai-7529428, Bengaluru, , , null, &lt;h2&gt;Who we are&lt;/h2&gt;
&lt;h3&gt;About Stripe&lt;/h3&gt..., null, null, USD, , null, null, active, 0, 0, 1, 1, null, null, f, 7529428, greenhouse, https://stripe.com/jobs/search?gh_jid=7529428, null, 2026-09-26 23:39:06.547413+00, f, ["Missing or invalid company name"], 0.8, {"id": 7529428, "title": "Software Engineer, Data & AI", "locati..., null, EGP, null, null, 2026-06-28 23:39:06.547408+00, , scraped).

/usr/local/lib/python3.11/site-packages/django/db/models/fields/__init__.py:1595: RuntimeWarning: DateTimeField Job.expires_at received a naive datetime (2026-09-26 23:39:06.552069) while time zone support is active.
  warnings.warn(
Failed to process job: null value in column "experience_level" of relation "jobs_job" violates not-null constraint
DETAIL:  Failing row contains (414, 2026-06-28 23:39:06.552253+00, 2026-06-28 23:39:06.552263+00, e7b64ed6-9e3f-44bb-8d46-b83a49697164, Software Engineer, Data Orchestration, stripe-software-engineer-data-orchestration-7230670, N/A, , , null, &lt;h2&gt;Who we are&lt;/h2&gt;
&lt;h3&gt;About Stripe&lt;/h3&gt..., null, null, USD, , null, null, active, 0, 0, 1, 1, null, null, f, 7230670, greenhouse, https://stripe.com/jobs/search?gh_jid=7230670, null, 2026-09-26 23:39:06.552069+00, f, ["Missing or invalid company name"], 0.8, {"id": 7230670, "title": "Software Engineer, Data Orchestration"..., null, EGP, null, null, 2026-06-28 23:39:06.552065+00, , scraped).

/usr/local/lib/python3.11/site-packages/django/db/models/fields/__init__.py:1595: RuntimeWarning: DateTimeField Job.expires_at received a naive datetime (2026-09-26 23:39:06.556490) while time zone support is active.
  warnings.warn(
Failed to process job: null value in column "experience_level" of relation "jobs_job" violates not-null constraint
DETAIL:  Failing row contains (415, 2026-06-28 23:39:06.5567+00, 2026-06-28 23:39:06.556711+00, 194b1e60-1200-4faa-859f-6a2d68d98781, Software Engineering, New Grad, stripe-software-engineering-new-grad-7176977, Singapore, , , null, &lt;h2&gt;&lt;strong&gt;Who we are&lt;/strong&gt;&lt;/h2&gt;
&lt..., null, null, USD, , null, null, active, 0, 0, 1, 1, null, null, f, 7176977, greenhouse, https://stripe.com/jobs/search?gh_jid=7176977, null, 2026-09-26 23:39:06.55649+00, f, ["Missing or invalid company name"], 0.8, {"id": 7176977, "title": "Software Engineering, New Grad", "loca..., null, EGP, null, null, 2026-06-28 23:39:06.556485+00, , scraped).

/usr/local/lib/python3.11/site-packages/django/db/models/fields/__init__.py:1595: RuntimeWarning: DateTimeField Job.expires_at received a naive datetime (2026-09-26 23:39:06.561380) while time zone support is active.
  warnings.warn(
Failed to process job: null value in column "experience_level" of relation "jobs_job" violates not-null constraint
DETAIL:  Failing row contains (416, 2026-06-28 23:39:06.561565+00, 2026-06-28 23:39:06.561575+00, 81d3ba0a-0692-454e-898f-61187f6a32eb, Software Engineer, Intern, stripe-software-engineer-intern-7532256, Sydney, Australia, , , null, &lt;h2&gt;&lt;strong&gt;Who we are&lt;/strong&gt;&lt;/h2&gt;
&lt..., null, null, USD, , null, null, active, 0, 0, 1, 1, null, null, f, 7532256, greenhouse, https://stripe.com/jobs/search?gh_jid=7532256, null, 2026-09-26 23:39:06.56138+00, f, ["Missing or invalid company name"], 0.8, {"id": 7532256, "title": "Software Engineer, Intern", "location"..., null, EGP, null, null, 2026-06-28 23:39:06.561376+00, , scraped).

/usr/local/lib/python3.11/site-packages/django/db/models/fields/__init__.py:1595: RuntimeWarning: DateTimeField Job.expires_at received a naive datetime (2026-09-26 23:39:06.565841) while time zone support is active.
  warnings.warn(
Failed to process job: null value in column "experience_level" of relation "jobs_job" violates not-null constraint
DETAIL:  Failing row contains (417, 2026-06-28 23:39:06.566054+00, 2026-06-28 23:39:06.566064+00, e1f06ec2-71b4-48d1-aa62-2dc736c36b7f, Software Engineer, Internal Systems, stripe-software-engineer-internal-systems-7543868, Bengaluru, India, , , null, &lt;h2&gt;Who we are&lt;/h2&gt;
&lt;h3&gt;About Stripe&lt;/h3&gt..., null, null, USD, , null, null, active, 0, 0, 1, 1, null, null, f, 7543868, greenhouse, https://stripe.com/jobs/search?gh_jid=7543868, null, 2026-09-26 23:39:06.565841+00, f, ["Missing or invalid company name"], 0.8, {"id": 7543868, "title": "Software Engineer, Internal Systems", ..., null, EGP, null, null, 2026-06-28 23:39:06.565835+00, , scraped).

/usr/local/lib/python3.11/site-packages/django/db/models/fields/__init__.py:1595: RuntimeWarning: DateTimeField Job.expires_at received a naive datetime (2026-09-26 23:39:06.571167) while time zone support is active.
  warnings.warn(
Failed to process job: null value in column "experience_level" of relation "jobs_job" violates not-null constraint
DETAIL:  Failing row contains (418, 2026-06-28 23:39:06.571383+00, 2026-06-28 23:39:06.571394+00, f941f0e9-8985-4184-b82b-8807dfe75647, Software Engineer, Money Movement , stripe-software-engineer-money-movement-7208537, London, , , null, &lt;h2&gt;Who we are&lt;/h2&gt;
&lt;h3&gt;About Stripe&lt;/h3&gt..., null, null, USD, , null, null, active, 0, 0, 1, 1, null, null, f, 7208537, greenhouse, https://stripe.com/jobs/search?gh_jid=7208537, null, 2026-09-26 23:39:06.571167+00, f, ["Missing or invalid company name"], 0.8, {"id": 7208537, "title": "Software Engineer, Money Movement ", "..., null, EGP, null, null, 2026-06-28 23:39:06.571161+00, , scraped).

/usr/local/lib/python3.11/site-packages/django/db/models/fields/__init__.py:1595: RuntimeWarning: DateTimeField Job.expires_at received a naive datetime (2026-09-26 23:39:06.575699) while time zone support is active.
  warnings.warn(
Failed to process job: null value in column "experience_level" of relation "jobs_job" violates not-null constraint
DETAIL:  Failing row contains (419, 2026-06-28 23:39:06.575872+00, 2026-06-28 23:39:06.575883+00, 3cafd43a-27be-458b-a9e8-cddb3f015a1f, Software Engineer, New Grad, Developer & End User Experience Pla..., stripe-software-engineer-new-grad-developer-end-user-expe-799171..., Toronto, , , null, &lt;h2&gt;&lt;strong&gt;This role is for applicants actively loo..., null, null, USD, , null, null, active, 0, 0, 1, 1, null, null, f, 7991718, greenhouse, https://stripe.com/jobs/search?gh_jid=7991718, null, 2026-09-26 23:39:06.575699+00, f, ["Missing or invalid company name"], 0.8, {"id": 7991718, "title": "Software Engineer, New Grad, Developer..., null, EGP, null, null, 2026-06-28 23:39:06.575695+00, , scraped).

/usr/local/lib/python3.11/site-packages/django/db/models/fields/__init__.py:1595: RuntimeWarning: DateTimeField Job.expires_at received a naive datetime (2026-09-26 23:39:06.580725) while time zone support is active.
  warnings.warn(
Failed to process job: null value in column "experience_level" of relation "jobs_job" violates not-null constraint
DETAIL:  Failing row contains (420, 2026-06-28 23:39:06.580909+00, 2026-06-28 23:39:06.580918+00, 5e0ce579-ac0d-424a-96f9-8d142ae6d752, Software Engineer, Payments, stripe-software-engineer-payments-7529787, Singapore, , , null, &lt;h2&gt;Who we are&lt;/h2&gt;
&lt;h3&gt;About Stripe&lt;/h3&gt..., null, null, USD, , null, null, active, 0, 0, 1, 1, null, null, f, 7529787, greenhouse, https://stripe.com/jobs/search?gh_jid=7529787, null, 2026-09-26 23:39:06.580725+00, f, ["Missing or invalid company name"], 0.8, {"id": 7529787, "title": "Software Engineer, Payments", "locatio..., null, EGP, null, null, 2026-06-28 23:39:06.580721+00, , scraped).

/usr/local/lib/python3.11/site-packages/django/db/models/fields/__init__.py:1595: RuntimeWarning: DateTimeField Job.expires_at received a naive datetime (2026-09-26 23:39:06.584936) while time zone support is active.
  warnings.warn(
Failed to process job: null value in column "experience_level" of relation "jobs_job" violates not-null constraint
DETAIL:  Failing row contains (421, 2026-06-28 23:39:06.585108+00, 2026-06-28 23:39:06.585119+00, 2ee091c2-06f6-47f4-a784-deca84ce815d, Software Engineer, Product Security Data Platforms, stripe-software-engineer-product-security-data-platforms-7761694, Seattle, , , null, &lt;h2&gt;Who we are&lt;/h2&gt;
&lt;h3&gt;About Stripe&lt;/h3&gt..., null, null, USD, , null, null, active, 0, 0, 1, 1, null, null, f, 7761694, greenhouse, https://stripe.com/jobs/search?gh_jid=7761694, null, 2026-09-26 23:39:06.584936+00, f, ["Missing or invalid company name"], 0.8, {"id": 7761694, "title": "Software Engineer, Product Security Da..., null, EGP, null, null, 2026-06-28 23:39:06.584931+00, , scraped).

/usr/local/lib/python3.11/site-packages/django/db/models/fields/__init__.py:1595: RuntimeWarning: DateTimeField Job.expires_at received a naive datetime (2026-09-26 23:39:06.589741) while time zone support is active.
  warnings.warn(
Failed to process job: null value in column "experience_level" of relation "jobs_job" violates not-null constraint
DETAIL:  Failing row contains (422, 2026-06-28 23:39:06.589939+00, 2026-06-28 23:39:06.58995+00, 0be8f1cb-46aa-4f9e-9a39-310d50779885, Software Engineer, Secrets Infrastructure, stripe-software-engineer-secrets-infrastructure-7396679, na, , , null, &lt;h2&gt;Who we are&lt;/h2&gt;
&lt;h3&gt;About Stripe&lt;/h3&gt..., null, null, USD, , null, null, active, 0, 0, 1, 1, null, null, f, 7396679, greenhouse, https://stripe.com/jobs/search?gh_jid=7396679, null, 2026-09-26 23:39:06.589741+00, f, ["Missing or invalid company name"], 0.8, {"id": 7396679, "title": "Software Engineer, Secrets Infrastruct..., null, EGP, null, null, 2026-06-28 23:39:06.589736+00, , scraped).

/usr/local/lib/python3.11/site-packages/django/db/models/fields/__init__.py:1595: RuntimeWarning: DateTimeField Job.expires_at received a naive datetime (2026-09-26 23:39:06.593947) while time zone support is active.
  warnings.warn(
Failed to process job: null value in column "experience_level" of relation "jobs_job" violates not-null constraint
DETAIL:  Failing row contains (423, 2026-06-28 23:39:06.594115+00, 2026-06-28 23:39:06.594126+00, f2ee478c-e5ad-4a70-8413-9aa41aff7021, Software Engineer, Security Analytics Infrastructure, stripe-software-engineer-security-analytics-infrastructur-782676..., US - Remote, , , null, &lt;h2&gt;Who we are&lt;/h2&gt;
&lt;h3&gt;About Stripe&lt;/h3&gt..., null, null, USD, , null, null, active, 0, 0, 1, 1, null, null, f, 7826761, greenhouse, https://stripe.com/jobs/search?gh_jid=7826761, null, 2026-09-26 23:39:06.593947+00, f, ["Missing or invalid company name"], 0.8, {"id": 7826761, "title": "Software Engineer, Security Analytics ..., null, EGP, null, null, 2026-06-28 23:39:06.593944+00, , scraped).

/usr/local/lib/python3.11/site-packages/django/db/models/fields/__init__.py:1595: RuntimeWarning: DateTimeField Job.expires_at received a naive datetime (2026-09-26 23:39:06.597798) while time zone support is active.
  warnings.warn(
Failed to process job: null value in column "experience_level" of relation "jobs_job" violates not-null constraint
DETAIL:  Failing row contains (424, 2026-06-28 23:39:06.59803+00, 2026-06-28 23:39:06.598041+00, fd059d89-c8ca-4125-9a62-3501fcf7a2c2, Software Engineer - Smart Contract, Bridge, stripe-software-engineer-smart-contract-bridge-7507904, San Francisco or New York, , , null, &lt;h2&gt;&lt;strong&gt;Who we are &lt;/strong&gt;&lt;/h2&gt;
&l..., null, null, USD, , null, null, active, 0, 0, 1, 1, null, null, f, 7507904, greenhouse, https://stripe.com/jobs/search?gh_jid=7507904, null, 2026-09-26 23:39:06.597798+00, f, ["Missing or invalid company name"], 0.8, {"id": 7507904, "title": "Software Engineer - Smart Contract, Br..., null, EGP, null, null, 2026-06-28 23:39:06.597794+00, , scraped).

/usr/local/lib/python3.11/site-packages/django/db/models/fields/__init__.py:1595: RuntimeWarning: DateTimeField Job.expires_at received a naive datetime (2026-09-26 23:39:06.601607) while time zone support is active.
  warnings.warn(
Failed to process job: null value in column "experience_level" of relation "jobs_job" violates not-null constraint
DETAIL:  Failing row contains (425, 2026-06-28 23:39:06.60176+00, 2026-06-28 23:39:06.601769+00, 3a21ca5b-ccbb-4b44-9226-8925a288cd26, Solutions Architect, AI, stripe-solutions-architect-ai-7975723, US-San Francisco, , , null, &lt;h2&gt;&lt;strong&gt;Who we are&lt;/strong&gt;&lt;/h2&gt;
&lt..., null, null, USD, , null, null, active, 0, 0, 1, 1, null, null, f, 7975723, greenhouse, https://stripe.com/jobs/search?gh_jid=7975723, null, 2026-09-26 23:39:06.601607+00, f, ["Missing or invalid company name"], 0.8, {"id": 7975723, "title": "Solutions Architect, AI", "location": ..., null, EGP, null, null, 2026-06-28 23:39:06.601603+00, , scraped).

/usr/local/lib/python3.11/site-packages/django/db/models/fields/__init__.py:1595: RuntimeWarning: DateTimeField Job.expires_at received a naive datetime (2026-09-26 23:39:06.605493) while time zone support is active.
  warnings.warn(
Failed to process job: null value in column "experience_level" of relation "jobs_job" violates not-null constraint
DETAIL:  Failing row contains (426, 2026-06-28 23:39:06.605694+00, 2026-06-28 23:39:06.605706+00, e9217961-cb1e-4676-ab37-2b0534bebf0b, Solutions Architect (Australia), stripe-solutions-architect-australia-7366524, Sydney, Australia, , , null, &lt;h2&gt;&lt;strong&gt;Who we are&lt;/strong&gt;&lt;/h2&gt;
&lt..., null, null, USD, , null, null, active, 0, 0, 1, 1, null, null, f, 7366524, greenhouse, https://stripe.com/jobs/search?gh_jid=7366524, null, 2026-09-26 23:39:06.605493+00, f, ["Missing or invalid company name"], 0.8, {"id": 7366524, "title": "Solutions Architect (Australia)", "loc..., null, EGP, null, null, 2026-06-28 23:39:06.605488+00, , scraped).

/usr/local/lib/python3.11/site-packages/django/db/models/fields/__init__.py:1595: RuntimeWarning: DateTimeField Job.expires_at received a naive datetime (2026-09-26 23:39:06.609915) while time zone support is active.
  warnings.warn(
Failed to process job: null value in column "experience_level" of relation "jobs_job" violates not-null constraint
DETAIL:  Failing row contains (427, 2026-06-28 23:39:06.610084+00, 2026-06-28 23:39:06.610094+00, 0a4f6666-8b0a-44c9-9bd3-fc4af2470a94, Solutions Architect, Commercial, UK , stripe-solutions-architect-commercial-uk-7882492, Dublin, Ireland, , , null, &lt;h2&gt;&lt;strong&gt;Who we are &lt;/strong&gt;&lt;/h2&gt;
&l..., null, null, USD, , null, null, active, 0, 0, 1, 1, null, null, f, 7882492, greenhouse, https://stripe.com/jobs/search?gh_jid=7882492, null, 2026-09-26 23:39:06.609915+00, f, ["Missing or invalid company name"], 0.8, {"id": 7882492, "title": "Solutions Architect, Commercial, UK ",..., null, EGP, null, null, 2026-06-28 23:39:06.609911+00, , scraped).

/usr/local/lib/python3.11/site-packages/django/db/models/fields/__init__.py:1595: RuntimeWarning: DateTimeField Job.expires_at received a naive datetime (2026-09-26 23:39:06.614998) while time zone support is active.
  warnings.warn(
Failed to process job: null value in column "experience_level" of relation "jobs_job" violates not-null constraint
DETAIL:  Failing row contains (428, 2026-06-28 23:39:06.615338+00, 2026-06-28 23:39:06.61535+00, d1d2e5c9-54a6-4436-b001-51f0808179e9, Solutions Architect, Enterprise (Pre-sales), stripe-solutions-architect-enterprise-pre-sales-7827184, Chicago, IL or New York City, NY OR US Remote, , , null, &lt;h2&gt;&lt;strong&gt;Who we are&lt;/strong&gt;&lt;/h2&gt;
&lt..., null, null, USD, , null, null, active, 0, 0, 1, 1, null, null, f, 7827184, greenhouse, https://stripe.com/jobs/search?gh_jid=7827184, null, 2026-09-26 23:39:06.614998+00, f, ["Missing or invalid company name"], 0.8, {"id": 7827184, "title": "Solutions Architect, Enterprise (Pre-s..., null, EGP, null, null, 2026-06-28 23:39:06.614993+00, , scraped).

/usr/local/lib/python3.11/site-packages/django/db/models/fields/__init__.py:1595: RuntimeWarning: DateTimeField Job.expires_at received a naive datetime (2026-09-26 23:39:06.620948) while time zone support is active.
  warnings.warn(
Failed to process job: null value in column "experience_level" of relation "jobs_job" violates not-null constraint
DETAIL:  Failing row contains (429, 2026-06-28 23:39:06.621178+00, 2026-06-28 23:39:06.621189+00, 0ee977be-b974-4634-b8cb-0c4b819c0397, Solutions Architect, (Italian fluency) , stripe-solutions-architect-italian-fluency-7784353, Milan, , , null, &lt;h2&gt;&lt;strong&gt;Who we are &lt;/strong&gt;&lt;/h2&gt;
&l..., null, null, USD, , null, null, active, 0, 0, 1, 1, null, null, f, 7784353, greenhouse, https://stripe.com/jobs/search?gh_jid=7784353, null, 2026-09-26 23:39:06.620948+00, f, ["Missing or invalid company name"], 0.8, {"id": 7784353, "title": "Solutions Architect, (Italian fluency)..., null, EGP, null, null, 2026-06-28 23:39:06.620944+00, , scraped).

/usr/local/lib/python3.11/site-packages/django/db/models/fields/__init__.py:1595: RuntimeWarning: DateTimeField Job.expires_at received a naive datetime (2026-09-26 23:39:06.624605) while time zone support is active.
  warnings.warn(
Failed to process job: null value in column "experience_level" of relation "jobs_job" violates not-null constraint
DETAIL:  Failing row contains (430, 2026-06-28 23:39:06.624751+00, 2026-06-28 23:39:06.624761+00, 71047e76-3cf7-498f-929a-faf76aa6ea08, Solutions Architect, Platforms, UK, stripe-solutions-architect-platforms-uk-7574857, London, , , null, &lt;h2&gt;&lt;strong&gt;Who we are &lt;/strong&gt;&lt;/h2&gt;
&l..., null, null, USD, , null, null, active, 0, 0, 1, 1, null, null, f, 7574857, greenhouse, https://stripe.com/jobs/search?gh_jid=7574857, null, 2026-09-26 23:39:06.624605+00, f, ["Missing or invalid company name"], 0.8, {"id": 7574857, "title": "Solutions Architect, Platforms, UK", "..., null, EGP, null, null, 2026-06-28 23:39:06.624601+00, , scraped).

/usr/local/lib/python3.11/site-packages/django/db/models/fields/__init__.py:1595: RuntimeWarning: DateTimeField Job.expires_at received a naive datetime (2026-09-26 23:39:06.628516) while time zone support is active.
  warnings.warn(
Failed to process job: null value in column "experience_level" of relation "jobs_job" violates not-null constraint
DETAIL:  Failing row contains (431, 2026-06-28 23:39:06.628701+00, 2026-06-28 23:39:06.628711+00, 0e6600b2-9363-4155-a1bd-be5162d34814, Solutions Architect, Platforms, UK & Ireland, stripe-solutions-architect-platforms-uk-ireland-7601673, Dublin, , , null, &lt;h2&gt;Who we are&lt;/h2&gt;
&lt;h3&gt;About Stripe&lt;/h3&gt..., null, null, USD, , null, null, active, 0, 0, 1, 1, null, null, f, 7601673, greenhouse, https://stripe.com/jobs/search?gh_jid=7601673, null, 2026-09-26 23:39:06.628516+00, f, ["Missing or invalid company name"], 0.8, {"id": 7601673, "title": "Solutions Architect, Platforms, UK & I..., null, EGP, null, null, 2026-06-28 23:39:06.628511+00, , scraped).

/usr/local/lib/python3.11/site-packages/django/db/models/fields/__init__.py:1595: RuntimeWarning: DateTimeField Job.expires_at received a naive datetime (2026-09-26 23:39:06.632127) while time zone support is active.
  warnings.warn(
Failed to process job: null value in column "experience_level" of relation "jobs_job" violates not-null constraint
DETAIL:  Failing row contains (432, 2026-06-28 23:39:06.632276+00, 2026-06-28 23:39:06.632285+00, 3fe4a7ce-fac4-4ab1-bc5f-99f0bdc67b10, Solutions Architect, Platforms Velocity, stripe-solutions-architect-platforms-velocity-7396509, Chicago, IL or New York, NY, , , null, &lt;h2&gt;&lt;strong&gt;Who We Are&lt;/strong&gt;&lt;/h2&gt;
&lt..., null, null, USD, , null, null, active, 0, 0, 1, 1, null, null, f, 7396509, greenhouse, https://stripe.com/jobs/search?gh_jid=7396509, null, 2026-09-26 23:39:06.632127+00, f, ["Missing or invalid company name"], 0.8, {"id": 7396509, "title": "Solutions Architect, Platforms Velocit..., null, EGP, null, null, 2026-06-28 23:39:06.632124+00, , scraped).

/usr/local/lib/python3.11/site-packages/django/db/models/fields/__init__.py:1595: RuntimeWarning: DateTimeField Job.expires_at received a naive datetime (2026-09-26 23:39:06.635866) while time zone support is active.
  warnings.warn(
Failed to process job: null value in column "experience_level" of relation "jobs_job" violates not-null constraint
DETAIL:  Failing row contains (433, 2026-06-28 23:39:06.636013+00, 2026-06-28 23:39:06.636022+00, 5a67fc9b-20db-4f71-a62b-d334157b49aa, Solutions Architect, Startups and SMB, stripe-solutions-architect-startups-and-smb-7903814, Dublin, Ireland, , , null, &lt;h2&gt;&lt;strong&gt;Who we are &lt;/strong&gt;&lt;/h2&gt;
&l..., null, null, USD, , null, null, active, 0, 0, 1, 1, null, null, f, 7903814, greenhouse, https://stripe.com/jobs/search?gh_jid=7903814, null, 2026-09-26 23:39:06.635866+00, f, ["Missing or invalid company name"], 0.8, {"id": 7903814, "title": "Solutions Architect, Startups and SMB"..., null, EGP, null, null, 2026-06-28 23:39:06.635862+00, , scraped).

/usr/local/lib/python3.11/site-packages/django/db/models/fields/__init__.py:1595: RuntimeWarning: DateTimeField Job.expires_at received a naive datetime (2026-09-26 23:39:06.639230) while time zone support is active.
  warnings.warn(
Failed to process job: null value in column "experience_level" of relation "jobs_job" violates not-null constraint
DETAIL:  Failing row contains (434, 2026-06-28 23:39:06.639385+00, 2026-06-28 23:39:06.639395+00, 71f45b7c-d283-481b-9f47-ed14f8ce6b32, Solutions Architect, Startup & SMB (German fluency), stripe-solutions-architect-startup-smb-german-fluency-7442995, Dublin, , , null, &lt;h2&gt;Who we are&lt;/h2&gt;
&lt;h3&gt;About Stripe&lt;/h3&gt..., null, null, USD, , null, null, active, 0, 0, 1, 1, null, null, f, 7442995, greenhouse, https://stripe.com/jobs/search?gh_jid=7442995, null, 2026-09-26 23:39:06.63923+00, f, ["Missing or invalid company name"], 0.8, {"id": 7442995, "title": "Solutions Architect, Startup & SMB (Ge..., null, EGP, null, null, 2026-06-28 23:39:06.639227+00, , scraped).

/usr/local/lib/python3.11/site-packages/django/db/models/fields/__init__.py:1595: RuntimeWarning: DateTimeField Job.expires_at received a naive datetime (2026-09-26 23:39:06.642864) while time zone support is active.
  warnings.warn(
Failed to process job: null value in column "experience_level" of relation "jobs_job" violates not-null constraint
DETAIL:  Failing row contains (435, 2026-06-28 23:39:06.643049+00, 2026-06-28 23:39:06.643059+00, b3694f00-b3c3-4937-8635-1a4f2ab8c6bb, Specialist Solutions Architect, Crypto & Stablecoins, stripe-specialist-solutions-architect-crypto-stablecoins-7120766, US-NY, , , null, &lt;h2&gt;Who we are&lt;/h2&gt;
&lt;h3&gt;About Stripe&lt;/h3&gt..., null, null, USD, , null, null, active, 0, 0, 1, 1, null, null, f, 7120766, greenhouse, https://stripe.com/jobs/search?gh_jid=7120766, null, 2026-09-26 23:39:06.642864+00, f, ["Scam title pattern: crypto", "Missing or invalid company name"..., 0.6000000000000001, {"id": 7120766, "title": "Specialist Solutions Architect, Crypto..., null, EGP, null, null, 2026-06-28 23:39:06.642859+00, , scraped).

/usr/local/lib/python3.11/site-packages/django/db/models/fields/__init__.py:1595: RuntimeWarning: DateTimeField Job.expires_at received a naive datetime (2026-09-26 23:39:06.646908) while time zone support is active.
  warnings.warn(
Failed to process job: null value in column "experience_level" of relation "jobs_job" violates not-null constraint
DETAIL:  Failing row contains (436, 2026-06-28 23:39:06.647079+00, 2026-06-28 23:39:06.64709+00, cc89163d-cb67-45e9-8976-a31d87fa758d, Specialist Solutions Architect, Money Management, stripe-specialist-solutions-architect-money-management-7380371, NY, SF, Remote, , , null, &lt;h2&gt;&lt;strong&gt;Who we are&lt;/strong&gt;&lt;/h2&gt;
&lt..., null, null, USD, , null, null, active, 0, 0, 1, 1, null, null, f, 7380371, greenhouse, https://stripe.com/jobs/search?gh_jid=7380371, null, 2026-09-26 23:39:06.646908+00, f, ["Missing or invalid company name"], 0.8, {"id": 7380371, "title": "Specialist Solutions Architect, Money ..., null, EGP, null, null, 2026-06-28 23:39:06.646904+00, , scraped).

/usr/local/lib/python3.11/site-packages/django/db/models/fields/__init__.py:1595: RuntimeWarning: DateTimeField Job.expires_at received a naive datetime (2026-09-26 23:39:06.650808) while time zone support is active.
  warnings.warn(
Failed to process job: null value in column "experience_level" of relation "jobs_job" violates not-null constraint
DETAIL:  Failing row contains (437, 2026-06-28 23:39:06.651024+00, 2026-06-28 23:39:06.651035+00, d2ad8166-c64e-4497-b660-54ce0db0fa52, Specialist Solutions Architect, Payments, stripe-specialist-solutions-architect-payments-7377591, NY, SF, Chicago, , , null, &lt;h2&gt;&lt;strong&gt;Who we are&lt;/strong&gt;&lt;/h2&gt;
&lt..., null, null, USD, , null, null, active, 0, 0, 1, 1, null, null, f, 7377591, greenhouse, https://stripe.com/jobs/search?gh_jid=7377591, null, 2026-09-26 23:39:06.650808+00, f, ["Missing or invalid company name"], 0.8, {"id": 7377591, "title": "Specialist Solutions Architect, Paymen..., null, EGP, null, null, 2026-06-28 23:39:06.650804+00, , scraped).

/usr/local/lib/python3.11/site-packages/django/db/models/fields/__init__.py:1595: RuntimeWarning: DateTimeField Job.expires_at received a naive datetime (2026-09-26 23:39:06.654773) while time zone support is active.
  warnings.warn(
Failed to process job: null value in column "experience_level" of relation "jobs_job" violates not-null constraint
DETAIL:  Failing row contains (438, 2026-06-28 23:39:06.654989+00, 2026-06-28 23:39:06.654998+00, bbaeb27e-ec35-423b-9494-b12c0d486306, Specialist Solutions Architect, Radar (Fraud/Risk), stripe-specialist-solutions-architect-radar-fraudrisk-7365914, NY or SF, , , null, &lt;h2&gt;Who we are&lt;/h2&gt;
&lt;h3&gt;About Stripe&lt;/h3&gt..., null, null, USD, , null, null, active, 0, 0, 1, 1, null, null, f, 7365914, greenhouse, https://stripe.com/jobs/search?gh_jid=7365914, null, 2026-09-26 23:39:06.654773+00, f, ["Missing or invalid company name"], 0.8, {"id": 7365914, "title": "Specialist Solutions Architect, Radar ..., null, EGP, null, null, 2026-06-28 23:39:06.65477+00, , scraped).

/usr/local/lib/python3.11/site-packages/django/db/models/fields/__init__.py:1595: RuntimeWarning: DateTimeField Job.expires_at received a naive datetime (2026-09-26 23:39:06.659192) while time zone support is active.
  warnings.warn(
Failed to process job: null value in column "experience_level" of relation "jobs_job" violates not-null constraint
DETAIL:  Failing row contains (439, 2026-06-28 23:39:06.659352+00, 2026-06-28 23:39:06.659361+00, d7390678-68dc-4a1f-b0e2-265555340f04, Staff Data Analyst, stripe-staff-data-analyst-7801457, US, , , null, &lt;div class=&quot;ace-line gutter-author-p-118095 emptyGutter&..., null, null, USD, , null, null, active, 0, 0, 1, 1, null, null, f, 7801457, greenhouse, https://stripe.com/jobs/search?gh_jid=7801457, null, 2026-09-26 23:39:06.659192+00, f, ["Missing or invalid company name"], 0.8, {"id": 7801457, "title": "Staff Data Analyst", "location": "US",..., null, EGP, null, null, 2026-06-28 23:39:06.659189+00, , scraped).

/usr/local/lib/python3.11/site-packages/django/db/models/fields/__init__.py:1595: RuntimeWarning: DateTimeField Job.expires_at received a naive datetime (2026-09-26 23:39:06.663937) while time zone support is active.
  warnings.warn(
Failed to process job: null value in column "experience_level" of relation "jobs_job" violates not-null constraint
DETAIL:  Failing row contains (440, 2026-06-28 23:39:06.664098+00, 2026-06-28 23:39:06.664109+00, 94984f27-5dd6-4e26-b2d1-5b2e61ac1d87, Staff Data Analyst, stripe-staff-data-analyst-7921649, US, , , null, &lt;div class=&quot;ace-line gutter-author-p-118095 emptyGutter&..., null, null, USD, , null, null, active, 0, 0, 1, 1, null, null, f, 7921649, greenhouse, https://stripe.com/jobs/search?gh_jid=7921649, null, 2026-09-26 23:39:06.663937+00, f, ["Missing or invalid company name"], 0.8, {"id": 7921649, "title": "Staff Data Analyst", "location": "US",..., null, EGP, null, null, 2026-06-28 23:39:06.663933+00, , scraped).

/usr/local/lib/python3.11/site-packages/django/db/models/fields/__init__.py:1595: RuntimeWarning: DateTimeField Job.expires_at received a naive datetime (2026-09-26 23:39:06.668178) while time zone support is active.
  warnings.warn(
Failed to process job: null value in column "experience_level" of relation "jobs_job" violates not-null constraint
DETAIL:  Failing row contains (441, 2026-06-28 23:39:06.66843+00, 2026-06-28 23:39:06.668444+00, 3b98990d-c479-47a3-9195-8aeff801715e, Staff Data Scientist, stripe-staff-data-scientist-7568328, N/A, , , null, &lt;div class=&quot;ace-line gutter-author-p-118095 emptyGutter&..., null, null, USD, , null, null, active, 0, 0, 1, 1, null, null, f, 7568328, greenhouse, https://stripe.com/jobs/search?gh_jid=7568328, null, 2026-09-26 23:39:06.668178+00, f, ["Missing or invalid company name"], 0.8, {"id": 7568328, "title": "Staff Data Scientist", "location": "N/..., null, EGP, null, null, 2026-06-28 23:39:06.668174+00, , scraped).

/usr/local/lib/python3.11/site-packages/django/db/models/fields/__init__.py:1595: RuntimeWarning: DateTimeField Job.expires_at received a naive datetime (2026-09-26 23:39:06.672027) while time zone support is active.
  warnings.warn(
Failed to process job: null value in column "experience_level" of relation "jobs_job" violates not-null constraint
DETAIL:  Failing row contains (442, 2026-06-28 23:39:06.672179+00, 2026-06-28 23:39:06.672188+00, 67f29724-e847-494f-acf4-78158252ddd7, Staff Engineer - API Platform, stripe-staff-engineer-api-platform-7716032, Dublin, , , null, &lt;h2&gt;&lt;strong&gt;Who we are&lt;/strong&gt;&lt;/h2&gt;
&lt..., null, null, USD, , null, null, active, 0, 0, 1, 1, null, null, f, 7716032, greenhouse, https://stripe.com/jobs/search?gh_jid=7716032, null, 2026-09-26 23:39:06.672027+00, f, ["Missing or invalid company name"], 0.8, {"id": 7716032, "title": "Staff Engineer - API Platform", "locat..., null, EGP, null, null, 2026-06-28 23:39:06.672023+00, , scraped).

/usr/local/lib/python3.11/site-packages/django/db/models/fields/__init__.py:1595: RuntimeWarning: DateTimeField Job.expires_at received a naive datetime (2026-09-26 23:39:06.676125) while time zone support is active.
  warnings.warn(
Failed to process job: null value in column "experience_level" of relation "jobs_job" violates not-null constraint
DETAIL:  Failing row contains (443, 2026-06-28 23:39:06.676279+00, 2026-06-28 23:39:06.676288+00, 0284f799-67d8-4517-8e19-10770fa51a88, Staff Engineer, Billing, stripe-staff-engineer-billing-7986185, SEA, SF, , , null, &lt;h2&gt;&lt;strong&gt;Who we are&lt;/strong&gt;&lt;/h2&gt;
&lt..., null, null, USD, , null, null, active, 0, 0, 1, 1, null, null, f, 7986185, greenhouse, https://stripe.com/jobs/search?gh_jid=7986185, null, 2026-09-26 23:39:06.676125+00, f, ["Missing or invalid company name"], 0.8, {"id": 7986185, "title": "Staff Engineer, Billing", "location": ..., null, EGP, null, null, 2026-06-28 23:39:06.676122+00, , scraped).

/usr/local/lib/python3.11/site-packages/django/db/models/fields/__init__.py:1595: RuntimeWarning: DateTimeField Job.expires_at received a naive datetime (2026-09-26 23:39:06.679931) while time zone support is active.
  warnings.warn(
Failed to process job: null value in column "experience_level" of relation "jobs_job" violates not-null constraint
DETAIL:  Failing row contains (444, 2026-06-28 23:39:06.680098+00, 2026-06-28 23:39:06.680107+00, 5510fd3e-a3be-46f9-b84d-e0a4bc300f17, Staff Engineer, Data Engineering Solutions, stripe-staff-engineer-data-engineering-solutions-7548037, Bengaluru, , , null, &lt;h2&gt;Who we are&lt;/h2&gt;
&lt;h3&gt;About Stripe&lt;/h3&gt..., null, null, USD, , null, null, active, 0, 0, 1, 1, null, null, f, 7548037, greenhouse, https://stripe.com/jobs/search?gh_jid=7548037, null, 2026-09-26 23:39:06.679931+00, f, ["Missing or invalid company name"], 0.8, {"id": 7548037, "title": "Staff Engineer, Data Engineering Solut..., null, EGP, null, null, 2026-06-28 23:39:06.679927+00, , scraped).

/usr/local/lib/python3.11/site-packages/django/db/models/fields/__init__.py:1595: RuntimeWarning: DateTimeField Job.expires_at received a naive datetime (2026-09-26 23:39:06.683422) while time zone support is active.
  warnings.warn(
Failed to process job: null value in column "experience_level" of relation "jobs_job" violates not-null constraint
DETAIL:  Failing row contains (445, 2026-06-28 23:39:06.683569+00, 2026-06-28 23:39:06.683579+00, 8da2cfd1-555d-4511-9bac-c0290c13d675, Staff Engineer, Issuing , stripe-staff-engineer-issuing-7369269, NYC, SEA, San Francisco, , , null, &lt;h2&gt;Who we are&lt;/h2&gt;
&lt;h3&gt;About Stripe&lt;/h3&gt..., null, null, USD, , null, null, active, 0, 0, 1, 1, null, null, f, 7369269, greenhouse, https://stripe.com/jobs/search?gh_jid=7369269, null, 2026-09-26 23:39:06.683422+00, f, ["Missing or invalid company name"], 0.8, {"id": 7369269, "title": "Staff Engineer, Issuing ", "location":..., null, EGP, null, null, 2026-06-28 23:39:06.683418+00, , scraped).

/usr/local/lib/python3.11/site-packages/django/db/models/fields/__init__.py:1595: RuntimeWarning: DateTimeField Job.expires_at received a naive datetime (2026-09-26 23:39:06.687113) while time zone support is active.
  warnings.warn(
Failed to process job: null value in column "experience_level" of relation "jobs_job" violates not-null constraint
DETAIL:  Failing row contains (446, 2026-06-28 23:39:06.687253+00, 2026-06-28 23:39:06.687261+00, cfebed03-652b-4968-be02-1f31a5edb38d, Staff Engineer, Seller Systems, stripe-staff-engineer-seller-systems-7217778, Bengaluru, , , null, &lt;h2&gt;Who we are&lt;/h2&gt;
&lt;h3&gt;About Stripe&lt;/h3&gt..., null, null, USD, , null, null, active, 0, 0, 1, 1, null, null, f, 7217778, greenhouse, https://stripe.com/jobs/search?gh_jid=7217778, null, 2026-09-26 23:39:06.687113+00, f, ["Missing or invalid company name"], 0.8, {"id": 7217778, "title": "Staff Engineer, Seller Systems", "loca..., null, EGP, null, null, 2026-06-28 23:39:06.68711+00, , scraped).

/usr/local/lib/python3.11/site-packages/django/db/models/fields/__init__.py:1595: RuntimeWarning: DateTimeField Job.expires_at received a naive datetime (2026-09-26 23:39:06.691925) while time zone support is active.
  warnings.warn(
Failed to process job: null value in column "experience_level" of relation "jobs_job" violates not-null constraint
DETAIL:  Failing row contains (447, 2026-06-28 23:39:06.692084+00, 2026-06-28 23:39:06.692093+00, 59b6e414-4837-44bb-8aa4-38e2543f936a, Staff Engineer - Service Platform, stripe-staff-engineer-service-platform-8023813, Dublin, , , null, &lt;h2&gt;&lt;strong&gt;Who we are&lt;/strong&gt;&lt;/h2&gt;
&lt..., null, null, USD, , null, null, active, 0, 0, 1, 1, null, null, f, 8023813, greenhouse, https://stripe.com/jobs/search?gh_jid=8023813, null, 2026-09-26 23:39:06.691925+00, f, ["Missing or invalid company name"], 0.8, {"id": 8023813, "title": "Staff Engineer - Service Platform", "l..., null, EGP, null, null, 2026-06-28 23:39:06.69192+00, , scraped).

/usr/local/lib/python3.11/site-packages/django/db/models/fields/__init__.py:1595: RuntimeWarning: DateTimeField Job.expires_at received a naive datetime (2026-09-26 23:39:06.695292) while time zone support is active.
  warnings.warn(
Failed to process job: null value in column "experience_level" of relation "jobs_job" violates not-null constraint
DETAIL:  Failing row contains (448, 2026-06-28 23:39:06.695445+00, 2026-06-28 23:39:06.695454+00, fe407dfb-d20b-4978-8e45-6bccb72b406a, Staff Frontend Engineer, Stripe Dashboard, stripe-staff-frontend-engineer-stripe-dashboard-7746721, Seattle, , , null, &lt;h2&gt;Who we are&lt;/h2&gt;
&lt;h3&gt;About Stripe&lt;/h3&gt..., null, null, USD, , null, null, active, 0, 0, 1, 1, null, null, f, 7746721, greenhouse, https://stripe.com/jobs/search?gh_jid=7746721, null, 2026-09-26 23:39:06.695292+00, f, ["Missing or invalid company name"], 0.8, {"id": 7746721, "title": "Staff Frontend Engineer, Stripe Dashbo..., null, EGP, null, null, 2026-06-28 23:39:06.695288+00, , scraped).

/usr/local/lib/python3.11/site-packages/django/db/models/fields/__init__.py:1595: RuntimeWarning: DateTimeField Job.expires_at received a naive datetime (2026-09-26 23:39:06.699527) while time zone support is active.
  warnings.warn(
Failed to process job: null value in column "experience_level" of relation "jobs_job" violates not-null constraint
DETAIL:  Failing row contains (449, 2026-06-28 23:39:06.699683+00, 2026-06-28 23:39:06.699695+00, fa97b937-0918-40de-9c26-3083262d96e1, Staff Full Stack Engineer, Identity, stripe-staff-full-stack-engineer-identity-7895467, Remote, , , null, &lt;h2&gt;Who we are&lt;/h2&gt;
&lt;h3&gt;About Stripe&lt;/h3&gt..., null, null, USD, , null, null, active, 0, 0, 1, 1, null, null, f, 7895467, greenhouse, https://stripe.com/jobs/search?gh_jid=7895467, null, 2026-09-26 23:39:06.699527+00, f, ["Missing or invalid company name"], 0.8, {"id": 7895467, "title": "Staff Full Stack Engineer, Identity", ..., null, EGP, null, null, 2026-06-28 23:39:06.699523+00, , scraped).

/usr/local/lib/python3.11/site-packages/django/db/models/fields/__init__.py:1595: RuntimeWarning: DateTimeField Job.expires_at received a naive datetime (2026-09-26 23:39:06.702845) while time zone support is active.
  warnings.warn(
Failed to process job: null value in column "experience_level" of relation "jobs_job" violates not-null constraint
DETAIL:  Failing row contains (450, 2026-06-28 23:39:06.702996+00, 2026-06-28 23:39:06.703005+00, 55f018cf-27f6-4d45-b699-144e31f1c610, Staff Full Stack Engineer - Support Experience, stripe-staff-full-stack-engineer-support-experience-7925073, Dublin, , , null, &lt;h3&gt;&lt;strong&gt;Who we are&lt;/strong&gt;&lt;/h3&gt;
&lt..., null, null, USD, , null, null, active, 0, 0, 1, 1, null, null, f, 7925073, greenhouse, https://stripe.com/jobs/search?gh_jid=7925073, null, 2026-09-26 23:39:06.702845+00, f, ["Missing or invalid company name"], 0.8, {"id": 7925073, "title": "Staff Full Stack Engineer - Support Ex..., null, EGP, null, null, 2026-06-28 23:39:06.702841+00, , scraped).

/usr/local/lib/python3.11/site-packages/django/db/models/fields/__init__.py:1595: RuntimeWarning: DateTimeField Job.expires_at received a naive datetime (2026-09-26 23:39:06.707935) while time zone support is active.
  warnings.warn(
Failed to process job: null value in column "experience_level" of relation "jobs_job" violates not-null constraint
DETAIL:  Failing row contains (451, 2026-06-28 23:39:06.708099+00, 2026-06-28 23:39:06.708112+00, 28c6d21f-0f2e-4b15-8e61-090bd5979355, Staff Product Manager, Cards Monetization, stripe-staff-product-manager-cards-monetization-7980498, Seattle, San Francisco, New York, US - Remote, , , null, &lt;p&gt;&lt;strong&gt;About Stripe&lt;/strong&gt;&lt;/p&gt;
&lt..., null, null, USD, , null, null, active, 0, 0, 1, 1, null, null, f, 7980498, greenhouse, https://stripe.com/jobs/search?gh_jid=7980498, null, 2026-09-26 23:39:06.707935+00, f, ["Missing or invalid company name"], 0.8, {"id": 7980498, "title": "Staff Product Manager, Cards Monetizat..., null, EGP, null, null, 2026-06-28 23:39:06.707931+00, , scraped).

/usr/local/lib/python3.11/site-packages/django/db/models/fields/__init__.py:1595: RuntimeWarning: DateTimeField Job.expires_at received a naive datetime (2026-09-26 23:39:06.711979) while time zone support is active.
  warnings.warn(
Failed to process job: null value in column "experience_level" of relation "jobs_job" violates not-null constraint
DETAIL:  Failing row contains (452, 2026-06-28 23:39:06.712171+00, 2026-06-28 23:39:06.71218+00, 40738b5e-a78c-4ac8-84ad-60edb7ecfc2a, Staff Product Manager, Dashboard, stripe-staff-product-manager-dashboard-7913702, San Francisco, Seattle, NYC, Chicago, Atlanta, US Remote, , , null, &lt;h2&gt;Who we are&lt;/h2&gt;
&lt;h3&gt;About Stripe&lt;/h3&gt..., null, null, USD, , null, null, active, 0, 0, 1, 1, null, null, f, 7913702, greenhouse, https://stripe.com/jobs/search?gh_jid=7913702, null, 2026-09-26 23:39:06.711979+00, f, ["Missing or invalid company name"], 0.8, {"id": 7913702, "title": "Staff Product Manager, Dashboard", "lo..., null, EGP, null, null, 2026-06-28 23:39:06.711975+00, , scraped).

/usr/local/lib/python3.11/site-packages/django/db/models/fields/__init__.py:1595: RuntimeWarning: DateTimeField Job.expires_at received a naive datetime (2026-09-26 23:39:06.715649) while time zone support is active.
  warnings.warn(
Failed to process job: null value in column "experience_level" of relation "jobs_job" violates not-null constraint
DETAIL:  Failing row contains (453, 2026-06-28 23:39:06.715818+00, 2026-06-28 23:39:06.715828+00, 1804d10a-9b8d-400e-b2c6-61af1e244c15, Staff Product Manager, Enterprise (Industries) , stripe-staff-product-manager-enterprise-industries-7812856, San Francisco, Seattle, New York, Chicago, Atlanta, Remote, , , null, &lt;h2&gt;Who we are&lt;/h2&gt;
&lt;h3&gt;About Stripe&lt;/h3&gt..., null, null, USD, , null, null, active, 0, 0, 1, 1, null, null, f, 7812856, greenhouse, https://stripe.com/jobs/search?gh_jid=7812856, null, 2026-09-26 23:39:06.715649+00, f, ["Missing or invalid company name"], 0.8, {"id": 7812856, "title": "Staff Product Manager, Enterprise (Ind..., null, EGP, null, null, 2026-06-28 23:39:06.715644+00, , scraped).

/usr/local/lib/python3.11/site-packages/django/db/models/fields/__init__.py:1595: RuntimeWarning: DateTimeField Job.expires_at received a naive datetime (2026-09-26 23:39:06.720030) while time zone support is active.
  warnings.warn(
Failed to process job: null value in column "experience_level" of relation "jobs_job" violates not-null constraint
DETAIL:  Failing row contains (454, 2026-06-28 23:39:06.7202+00, 2026-06-28 23:39:06.72021+00, 5b77bd38-faa8-477b-8c20-6cef73605485, Staff Product Manager, Global Expansion, stripe-staff-product-manager-global-expansion-7570242, Bengaluru, , , null, &lt;h2&gt;Who we are&lt;/h2&gt;
&lt;h3&gt;About Stripe&lt;/h3&gt..., null, null, USD, , null, null, active, 0, 0, 1, 1, null, null, f, 7570242, greenhouse, https://stripe.com/jobs/search?gh_jid=7570242, null, 2026-09-26 23:39:06.72003+00, f, ["Missing or invalid company name"], 0.8, {"id": 7570242, "title": "Staff Product Manager, Global Expansio..., null, EGP, null, null, 2026-06-28 23:39:06.720026+00, , scraped).

/usr/local/lib/python3.11/site-packages/django/db/models/fields/__init__.py:1595: RuntimeWarning: DateTimeField Job.expires_at received a naive datetime (2026-09-26 23:39:06.723562) while time zone support is active.
  warnings.warn(
Failed to process job: null value in column "experience_level" of relation "jobs_job" violates not-null constraint
DETAIL:  Failing row contains (455, 2026-06-28 23:39:06.723716+00, 2026-06-28 23:39:06.723725+00, 224c9b11-cdd9-4540-b5df-f6fbe2428501, Staff Product Manager, Payments, stripe-staff-product-manager-payments-7819059, SF, SEA, NYC, Remote, , , null, &lt;h2&gt;&lt;strong&gt;Who we are&lt;/strong&gt;&lt;/h2&gt;
&lt..., null, null, USD, , null, null, active, 0, 0, 1, 1, null, null, f, 7819059, greenhouse, https://stripe.com/jobs/search?gh_jid=7819059, null, 2026-09-26 23:39:06.723562+00, f, ["Missing or invalid company name"], 0.8, {"id": 7819059, "title": "Staff Product Manager, Payments", "loc..., null, EGP, null, null, 2026-06-28 23:39:06.723558+00, , scraped).

/usr/local/lib/python3.11/site-packages/django/db/models/fields/__init__.py:1595: RuntimeWarning: DateTimeField Job.expires_at received a naive datetime (2026-09-26 23:39:06.726999) while time zone support is active.
  warnings.warn(
Failed to process job: null value in column "experience_level" of relation "jobs_job" violates not-null constraint
DETAIL:  Failing row contains (456, 2026-06-28 23:39:06.727157+00, 2026-06-28 23:39:06.727167+00, e5500e2a-a669-4a7e-aa3b-374b8029fd0b, Staff Product Manager, Support Experience, stripe-staff-product-manager-support-experience-7920219, San Francisco, California, United States, , , null, &lt;h2&gt;Who we are&lt;/h2&gt;
&lt;h3&gt;About Stripe&lt;/h3&gt..., null, null, USD, , null, null, active, 0, 0, 1, 1, null, null, f, 7920219, greenhouse, https://stripe.com/jobs/search?gh_jid=7920219, null, 2026-09-26 23:39:06.726999+00, f, ["Missing or invalid company name"], 0.8, {"id": 7920219, "title": "Staff Product Manager, Support Experie..., null, EGP, null, null, 2026-06-28 23:39:06.726995+00, , scraped).

/usr/local/lib/python3.11/site-packages/django/db/models/fields/__init__.py:1595: RuntimeWarning: DateTimeField Job.expires_at received a naive datetime (2026-09-26 23:39:06.730555) while time zone support is active.
  warnings.warn(
Failed to process job: null value in column "experience_level" of relation "jobs_job" violates not-null constraint
DETAIL:  Failing row contains (457, 2026-06-28 23:39:06.730708+00, 2026-06-28 23:39:06.730718+00, 6fb0a095-cab2-4e33-9efe-891342bfa4bd, Staff Software Engineer, Data Engineering Solutions, stripe-staff-software-engineer-data-engineering-solutions-801322..., Seattle, , , null, &lt;h2&gt;Who we are&lt;/h2&gt;
&lt;h3&gt;About Stripe&lt;/h3&gt..., null, null, USD, , null, null, active, 0, 0, 1, 1, null, null, f, 8013220, greenhouse, https://stripe.com/jobs/search?gh_jid=8013220, null, 2026-09-26 23:39:06.730555+00, f, ["Missing or invalid company name"], 0.8, {"id": 8013220, "title": "Staff Software Engineer, Data Engineer..., null, EGP, null, null, 2026-06-28 23:39:06.730552+00, , scraped).

/usr/local/lib/python3.11/site-packages/django/db/models/fields/__init__.py:1595: RuntimeWarning: DateTimeField Job.expires_at received a naive datetime (2026-09-26 23:39:06.735020) while time zone support is active.
  warnings.warn(
Failed to process job: null value in column "experience_level" of relation "jobs_job" violates not-null constraint
DETAIL:  Failing row contains (458, 2026-06-28 23:39:06.735185+00, 2026-06-28 23:39:06.735195+00, dc4eeadd-b2a4-4e68-acc7-d6abb0fb8a19, Staff Software Engineer, Machine Learning Platform, stripe-staff-software-engineer-machine-learning-platform-7939868, San Francisco, Seattle, , , null, &lt;h2&gt;Who we are&lt;/h2&gt;
&lt;h3&gt;About Stripe&lt;/h3&gt..., null, null, USD, , null, null, active, 0, 0, 1, 1, null, null, f, 7939868, greenhouse, https://stripe.com/jobs/search?gh_jid=7939868, null, 2026-09-26 23:39:06.73502+00, f, ["Missing or invalid company name"], 0.8, {"id": 7939868, "title": "Staff Software Engineer, Machine Learn..., null, EGP, null, null, 2026-06-28 23:39:06.735016+00, , scraped).

/usr/local/lib/python3.11/site-packages/django/db/models/fields/__init__.py:1595: RuntimeWarning: DateTimeField Job.expires_at received a naive datetime (2026-09-26 23:39:06.739056) while time zone support is active.
  warnings.warn(
Failed to process job: null value in column "experience_level" of relation "jobs_job" violates not-null constraint
DETAIL:  Failing row contains (459, 2026-06-28 23:39:06.739255+00, 2026-06-28 23:39:06.739266+00, 340414f9-8f8d-4624-94f5-63db8affd7a8, Staff Software Engineer, Machine Learning Platform, stripe-staff-software-engineer-machine-learning-platform-7712852, Toronto, , , null, &lt;h2&gt;Who we are&lt;/h2&gt;
&lt;h3&gt;About Stripe&lt;/h3&gt..., null, null, USD, , null, null, active, 0, 0, 1, 1, null, null, f, 7712852, greenhouse, https://stripe.com/jobs/search?gh_jid=7712852, null, 2026-09-26 23:39:06.739056+00, f, ["Missing or invalid company name"], 0.8, {"id": 7712852, "title": "Staff Software Engineer, Machine Learn..., null, EGP, null, null, 2026-06-28 23:39:06.739052+00, , scraped).

/usr/local/lib/python3.11/site-packages/django/db/models/fields/__init__.py:1595: RuntimeWarning: DateTimeField Job.expires_at received a naive datetime (2026-09-26 23:39:06.742526) while time zone support is active.
  warnings.warn(
Failed to process job: null value in column "experience_level" of relation "jobs_job" violates not-null constraint
DETAIL:  Failing row contains (460, 2026-06-28 23:39:06.742678+00, 2026-06-28 23:39:06.742687+00, ac123655-3be5-453b-a234-a9b169d83e80, Staff Software Engineer, Stream Compute, stripe-staff-software-engineer-stream-compute-7767063, San Francisco, Seattle, New York, Toronto, , , null, &lt;h2&gt;Who we are&lt;/h2&gt;
&lt;h3&gt;About Stripe&lt;/h3&gt..., null, null, USD, , null, null, active, 0, 0, 1, 1, null, null, f, 7767063, greenhouse, https://stripe.com/jobs/search?gh_jid=7767063, null, 2026-09-26 23:39:06.742526+00, f, ["Missing or invalid company name"], 0.8, {"id": 7767063, "title": "Staff Software Engineer, Stream Comput..., null, EGP, null, null, 2026-06-28 23:39:06.742523+00, , scraped).

/usr/local/lib/python3.11/site-packages/django/db/models/fields/__init__.py:1595: RuntimeWarning: DateTimeField Job.expires_at received a naive datetime (2026-09-26 23:39:06.746141) while time zone support is active.
  warnings.warn(
Failed to process job: null value in column "experience_level" of relation "jobs_job" violates not-null constraint
DETAIL:  Failing row contains (461, 2026-06-28 23:39:06.746287+00, 2026-06-28 23:39:06.746296+00, 12c472c6-fcc9-4347-a1b5-107a782b283f, Strategic Finance Partner, stripe-strategic-finance-partner-7577505, San Francisco, , , null, &lt;h2&gt;Who we are&lt;/h2&gt;
&lt;h3&gt;About Stripe&lt;/h3&gt..., null, null, USD, , null, null, active, 0, 0, 1, 1, null, null, f, 7577505, greenhouse, https://stripe.com/jobs/search?gh_jid=7577505, null, 2026-09-26 23:39:06.746141+00, f, ["Missing or invalid company name"], 0.8, {"id": 7577505, "title": "Strategic Finance Partner", "location"..., null, EGP, null, null, 2026-06-28 23:39:06.746138+00, , scraped).

/usr/local/lib/python3.11/site-packages/django/db/models/fields/__init__.py:1595: RuntimeWarning: DateTimeField Job.expires_at received a naive datetime (2026-09-26 23:39:06.749385) while time zone support is active.
  warnings.warn(
Failed to process job: null value in column "experience_level" of relation "jobs_job" violates not-null constraint
DETAIL:  Failing row contains (462, 2026-06-28 23:39:06.749545+00, 2026-06-28 23:39:06.749555+00, 347e613d-2942-4a8e-bcf4-7d00aab22729, Strategy and Analytics Business Partner, stripe-strategy-and-analytics-business-partner-7813411, Bengaluru, , , null, &lt;h2&gt;&lt;strong&gt;Who we are&lt;/strong&gt;&lt;/h2&gt;
&lt..., null, null, USD, , null, null, active, 0, 0, 1, 1, null, null, f, 7813411, greenhouse, https://stripe.com/jobs/search?gh_jid=7813411, null, 2026-09-26 23:39:06.749385+00, f, ["Missing or invalid company name"], 0.8, {"id": 7813411, "title": "Strategy and Analytics Business Partne..., null, EGP, null, null, 2026-06-28 23:39:06.749381+00, , scraped).

/usr/local/lib/python3.11/site-packages/django/db/models/fields/__init__.py:1595: RuntimeWarning: DateTimeField Job.expires_at received a naive datetime (2026-09-26 23:39:06.752759) while time zone support is active.
  warnings.warn(
Failed to process job: null value in column "experience_level" of relation "jobs_job" violates not-null constraint
DETAIL:  Failing row contains (463, 2026-06-28 23:39:06.752906+00, 2026-06-28 23:39:06.752914+00, 1f283d4a-6212-4ac2-ae42-955128ff4ce5, Support Process Program Manager, stripe-support-process-program-manager-7858716, Mexico City, Mexico, , , null, &lt;h2&gt;Who we are&lt;/h2&gt;
&lt;h3&gt;About Stripe&lt;/h3&gt..., null, null, USD, , null, null, active, 0, 0, 1, 1, null, null, f, 7858716, greenhouse, https://stripe.com/jobs/search?gh_jid=7858716, null, 2026-09-26 23:39:06.752759+00, f, ["Missing or invalid company name"], 0.8, {"id": 7858716, "title": "Support Process Program Manager", "loc..., null, EGP, null, null, 2026-06-28 23:39:06.752756+00, , scraped).

/usr/local/lib/python3.11/site-packages/django/db/models/fields/__init__.py:1595: RuntimeWarning: DateTimeField Job.expires_at received a naive datetime (2026-09-26 23:39:06.756032) while time zone support is active.
  warnings.warn(
Failed to process job: null value in column "experience_level" of relation "jobs_job" violates not-null constraint
DETAIL:  Failing row contains (464, 2026-06-28 23:39:06.756168+00, 2026-06-28 23:39:06.756176+00, 4ea2c214-28dd-4ae0-9de8-bc0700015e14, Talent and Development Facilitator, stripe-talent-and-development-facilitator-7954511, CDMX, , , null, &lt;h2&gt;Who we are&lt;/h2&gt;
&lt;h3&gt;About Stripe&lt;/h3&gt..., null, null, USD, , null, null, active, 0, 0, 1, 1, null, null, f, 7954511, greenhouse, https://stripe.com/jobs/search?gh_jid=7954511, null, 2026-09-26 23:39:06.756032+00, f, ["Missing or invalid company name"], 0.8, {"id": 7954511, "title": "Talent and Development Facilitator", "..., null, EGP, null, null, 2026-06-28 23:39:06.756028+00, , scraped).

/usr/local/lib/python3.11/site-packages/django/db/models/fields/__init__.py:1595: RuntimeWarning: DateTimeField Job.expires_at received a naive datetime (2026-09-26 23:39:06.759756) while time zone support is active.
  warnings.warn(
Failed to process job: null value in column "experience_level" of relation "jobs_job" violates not-null constraint
DETAIL:  Failing row contains (465, 2026-06-28 23:39:06.759998+00, 2026-06-28 23:39:06.760012+00, b329a32a-4f04-4cbf-b82a-5f100b80dde0, Tax Technology Lead, stripe-tax-technology-lead-7905025, San Francisco, Seattle, New York, , , null, &lt;h2&gt;&lt;strong&gt;Who we are &lt;/strong&gt;&lt;/h2&gt;
&l..., null, null, USD, , null, null, active, 0, 0, 1, 1, null, null, f, 7905025, greenhouse, https://stripe.com/jobs/search?gh_jid=7905025, null, 2026-09-26 23:39:06.759756+00, f, ["Missing or invalid company name"], 0.8, {"id": 7905025, "title": "Tax Technology Lead", "location": "San..., null, EGP, null, null, 2026-06-28 23:39:06.759751+00, , scraped).

/usr/local/lib/python3.11/site-packages/django/db/models/fields/__init__.py:1595: RuntimeWarning: DateTimeField Job.expires_at received a naive datetime (2026-09-26 23:39:06.764322) while time zone support is active.
  warnings.warn(
Failed to process job: null value in column "experience_level" of relation "jobs_job" violates not-null constraint
DETAIL:  Failing row contains (466, 2026-06-28 23:39:06.764679+00, 2026-06-28 23:39:06.764694+00, 80b97cbe-bab6-43a6-9a4a-7e022001e442, Technical Account Manager, stripe-technical-account-manager-7549012, London, , , null, &lt;h2&gt;Who we are&lt;/h2&gt;
&lt;h3&gt;About Stripe&lt;/h3&gt..., null, null, USD, , null, null, active, 0, 0, 1, 1, null, null, f, 7549012, greenhouse, https://stripe.com/jobs/search?gh_jid=7549012, null, 2026-09-26 23:39:06.764322+00, f, ["Missing or invalid company name"], 0.8, {"id": 7549012, "title": "Technical Account Manager", "location"..., null, EGP, null, null, 2026-06-28 23:39:06.764315+00, , scraped).

/usr/local/lib/python3.11/site-packages/django/db/models/fields/__init__.py:1595: RuntimeWarning: DateTimeField Job.expires_at received a naive datetime (2026-09-26 23:39:06.768689) while time zone support is active.
  warnings.warn(
Failed to process job: null value in column "experience_level" of relation "jobs_job" violates not-null constraint
DETAIL:  Failing row contains (467, 2026-06-28 23:39:06.768954+00, 2026-06-28 23:39:06.768968+00, 76a5362e-809c-41b0-981f-eb0b38859a8d, Technical Account Manager, stripe-technical-account-manager-6613516, Dublin, , , null, &lt;h2&gt;Who we are&lt;/h2&gt;
&lt;h3&gt;About Stripe&lt;/h3&gt..., null, null, USD, , null, null, active, 0, 0, 1, 1, null, null, f, 6613516, greenhouse, https://stripe.com/jobs/search?gh_jid=6613516, null, 2026-09-26 23:39:06.768689+00, f, ["Missing or invalid company name"], 0.8, {"id": 6613516, "title": "Technical Account Manager", "location"..., null, EGP, null, null, 2026-06-28 23:39:06.768683+00, , scraped).

/usr/local/lib/python3.11/site-packages/django/db/models/fields/__init__.py:1595: RuntimeWarning: DateTimeField Job.expires_at received a naive datetime (2026-09-26 23:39:06.772739) while time zone support is active.
  warnings.warn(
Failed to process job: null value in column "experience_level" of relation "jobs_job" violates not-null constraint
DETAIL:  Failing row contains (468, 2026-06-28 23:39:06.77292+00, 2026-06-28 23:39:06.77293+00, a2aed850-d8d1-4285-a1cb-ffc96f514eeb, Technical Account Manager, stripe-technical-account-manager-8023524, Mexico City, , , null, &lt;h2&gt;&lt;strong&gt;Who we are&lt;/strong&gt;&lt;/h2&gt;
&lt..., null, null, USD, , null, null, active, 0, 0, 1, 1, null, null, f, 8023524, greenhouse, https://stripe.com/jobs/search?gh_jid=8023524, null, 2026-09-26 23:39:06.772739+00, f, ["Missing or invalid company name"], 0.8, {"id": 8023524, "title": "Technical Account Manager", "location"..., null, EGP, null, null, 2026-06-28 23:39:06.772735+00, , scraped).

/usr/local/lib/python3.11/site-packages/django/db/models/fields/__init__.py:1595: RuntimeWarning: DateTimeField Job.expires_at received a naive datetime (2026-09-26 23:39:06.776556) while time zone support is active.
  warnings.warn(
Failed to process job: null value in column "experience_level" of relation "jobs_job" violates not-null constraint
DETAIL:  Failing row contains (469, 2026-06-28 23:39:06.776707+00, 2026-06-28 23:39:06.776716+00, 489e2f5e-81b7-4972-a45f-e629e76ca626, Technical Account Manager, AI User Segment, stripe-technical-account-manager-ai-user-segment-7918088, San Francisco, CA, , , null, &lt;h2&gt;&lt;strong&gt;Who we are &lt;/strong&gt;&lt;/h2&gt;
&l..., null, null, USD, , null, null, active, 0, 0, 1, 1, null, null, f, 7918088, greenhouse, https://stripe.com/jobs/search?gh_jid=7918088, null, 2026-09-26 23:39:06.776556+00, f, ["Missing or invalid company name"], 0.8, {"id": 7918088, "title": "Technical Account Manager, AI User Seg..., null, EGP, null, null, 2026-06-28 23:39:06.776552+00, , scraped).

/usr/local/lib/python3.11/site-packages/django/db/models/fields/__init__.py:1595: RuntimeWarning: DateTimeField Job.expires_at received a naive datetime (2026-09-26 23:39:06.780632) while time zone support is active.
  warnings.warn(
Failed to process job: null value in column "experience_level" of relation "jobs_job" violates not-null constraint
DETAIL:  Failing row contains (470, 2026-06-28 23:39:06.780802+00, 2026-06-28 23:39:06.780812+00, 6bc71cb6-63c5-4147-ad55-bbd83eab00e6, Technical Account Manager, German OR Polish OR Ukrainian Speakin..., stripe-technical-account-manager-german-or-polish-or-ukra-759437..., Dublin, , , null, &lt;h2&gt;Who we are&lt;/h2&gt;
&lt;h3&gt;About Stripe&lt;/h3&gt..., null, null, USD, , null, null, active, 0, 0, 1, 1, null, null, f, 7594376, greenhouse, https://stripe.com/jobs/search?gh_jid=7594376, null, 2026-09-26 23:39:06.780632+00, f, ["Missing or invalid company name"], 0.8, {"id": 7594376, "title": "Technical Account Manager, German OR P..., null, EGP, null, null, 2026-06-28 23:39:06.780628+00, , scraped).

/usr/local/lib/python3.11/site-packages/django/db/models/fields/__init__.py:1595: RuntimeWarning: DateTimeField Job.expires_at received a naive datetime (2026-09-26 23:39:06.784103) while time zone support is active.
  warnings.warn(
Failed to process job: null value in column "experience_level" of relation "jobs_job" violates not-null constraint
DETAIL:  Failing row contains (471, 2026-06-28 23:39:06.784254+00, 2026-06-28 23:39:06.784263+00, f7f9e634-6807-480c-b904-9e24adfb94dd, Technical Account Manager, German Speaking , stripe-technical-account-manager-german-speaking-7076173, Berlin, , , null, &lt;h2&gt;&lt;strong&gt;Who we are&lt;/strong&gt;&lt;/h2&gt;
&lt..., null, null, USD, , null, null, active, 0, 0, 1, 1, null, null, f, 7076173, greenhouse, https://stripe.com/jobs/search?gh_jid=7076173, null, 2026-09-26 23:39:06.784103+00, f, ["Missing or invalid company name"], 0.8, {"id": 7076173, "title": "Technical Account Manager, German Spea..., null, EGP, null, null, 2026-06-28 23:39:06.7841+00, , scraped).

/usr/local/lib/python3.11/site-packages/django/db/models/fields/__init__.py:1595: RuntimeWarning: DateTimeField Job.expires_at received a naive datetime (2026-09-26 23:39:06.788527) while time zone support is active.
  warnings.warn(
Failed to process job: null value in column "experience_level" of relation "jobs_job" violates not-null constraint
DETAIL:  Failing row contains (472, 2026-06-28 23:39:06.7887+00, 2026-06-28 23:39:06.78871+00, a00f9699-89fd-4a61-8680-382b929b06a8, Technical Account Manager, Terminal, stripe-technical-account-manager-terminal-7366283, Remote, US, , , null, &lt;h2&gt;&lt;strong&gt;Who we are&lt;/strong&gt;&lt;/h2&gt;
&lt..., null, null, USD, , null, null, active, 0, 0, 1, 1, null, null, f, 7366283, greenhouse, https://stripe.com/jobs/search?gh_jid=7366283, null, 2026-09-26 23:39:06.788527+00, f, ["Missing or invalid company name"], 0.8, {"id": 7366283, "title": "Technical Account Manager, Terminal", ..., null, EGP, null, null, 2026-06-28 23:39:06.788523+00, , scraped).

/usr/local/lib/python3.11/site-packages/django/db/models/fields/__init__.py:1595: RuntimeWarning: DateTimeField Job.expires_at received a naive datetime (2026-09-26 23:39:06.793003) while time zone support is active.
  warnings.warn(
Failed to process job: null value in column "experience_level" of relation "jobs_job" violates not-null constraint
DETAIL:  Failing row contains (473, 2026-06-28 23:39:06.793232+00, 2026-06-28 23:39:06.793245+00, c9534e46-2358-45ec-bfdb-18a26903bd45, Technical Enablement Business Partner, stripe-technical-enablement-business-partner-7812348, US-NYC, , , null, &lt;h2&gt;Who we are&lt;/h2&gt;
&lt;h3&gt;About Stripe&lt;/h3&gt..., null, null, USD, , null, null, active, 0, 0, 1, 1, null, null, f, 7812348, greenhouse, https://stripe.com/jobs/search?gh_jid=7812348, null, 2026-09-26 23:39:06.793003+00, f, ["Missing or invalid company name"], 0.8, {"id": 7812348, "title": "Technical Enablement Business Partner"..., null, EGP, null, null, 2026-06-28 23:39:06.792998+00, , scraped).

/usr/local/lib/python3.11/site-packages/django/db/models/fields/__init__.py:1595: RuntimeWarning: DateTimeField Job.expires_at received a naive datetime (2026-09-26 23:39:06.798468) while time zone support is active.
  warnings.warn(
Failed to process job: null value in column "experience_level" of relation "jobs_job" violates not-null constraint
DETAIL:  Failing row contains (474, 2026-06-28 23:39:06.798704+00, 2026-06-28 23:39:06.798717+00, 23d2165f-c3bc-4715-8569-732faa00e8c9, Technical Partner Manager, AMER Banks, stripe-technical-partner-manager-amer-banks-7719602, US-Remote; US-Chicago; US-Atlanta, , , null, &lt;h2&gt;Who we are&lt;/h2&gt;
&lt;h3&gt;About Stripe&lt;/h3&gt..., null, null, USD, , null, null, active, 0, 0, 1, 1, null, null, f, 7719602, greenhouse, https://stripe.com/jobs/search?gh_jid=7719602, null, 2026-09-26 23:39:06.798468+00, f, ["Missing or invalid company name"], 0.8, {"id": 7719602, "title": "Technical Partner Manager, AMER Banks"..., null, EGP, null, null, 2026-06-28 23:39:06.798461+00, , scraped).

/usr/local/lib/python3.11/site-packages/django/db/models/fields/__init__.py:1595: RuntimeWarning: DateTimeField Job.expires_at received a naive datetime (2026-09-26 23:39:06.803839) while time zone support is active.
  warnings.warn(
Failed to process job: null value in column "experience_level" of relation "jobs_job" violates not-null constraint
DETAIL:  Failing row contains (475, 2026-06-28 23:39:06.804025+00, 2026-06-28 23:39:06.804035+00, aae6db7f-bbed-4221-b180-7e444a593d00, Technical Partner Manager - Networks, stripe-technical-partner-manager-networks-7543679, US-Remote; US-Chicago; US-Atlanta; Canada-Toronto, , , null, &lt;h2&gt;&lt;strong&gt;Who we are&lt;/strong&gt;&lt;/h2&gt;
&lt..., null, null, USD, , null, null, active, 0, 0, 1, 1, null, null, f, 7543679, greenhouse, https://stripe.com/jobs/search?gh_jid=7543679, null, 2026-09-26 23:39:06.803839+00, f, ["Missing or invalid company name"], 0.8, {"id": 7543679, "title": "Technical Partner Manager - Networks",..., null, EGP, null, null, 2026-06-28 23:39:06.803835+00, , scraped).

/usr/local/lib/python3.11/site-packages/django/db/models/fields/__init__.py:1595: RuntimeWarning: DateTimeField Job.expires_at received a naive datetime (2026-09-26 23:39:06.808966) while time zone support is active.
  warnings.warn(
Failed to process job: null value in column "experience_level" of relation "jobs_job" violates not-null constraint
DETAIL:  Failing row contains (476, 2026-06-28 23:39:06.809151+00, 2026-06-28 23:39:06.80916+00, 06a2c209-d5ef-46f7-a668-3dd9a0561da4, Technical Program Manager, stripe-technical-program-manager-7653021, Singapore, , , null, &lt;h2&gt;Who we are&lt;/h2&gt;
&lt;h3&gt;About Stripe&lt;/h3&gt..., null, null, USD, , null, null, active, 0, 0, 1, 1, null, null, f, 7653021, greenhouse, https://stripe.com/jobs/search?gh_jid=7653021, null, 2026-09-26 23:39:06.808966+00, f, ["Missing or invalid company name"], 0.8, {"id": 7653021, "title": "Technical Program Manager", "location"..., null, EGP, null, null, 2026-06-28 23:39:06.808962+00, , scraped).

/usr/local/lib/python3.11/site-packages/django/db/models/fields/__init__.py:1595: RuntimeWarning: DateTimeField Job.expires_at received a naive datetime (2026-09-26 23:39:06.813370) while time zone support is active.
  warnings.warn(
Failed to process job: null value in column "experience_level" of relation "jobs_job" violates not-null constraint
DETAIL:  Failing row contains (477, 2026-06-28 23:39:06.813578+00, 2026-06-28 23:39:06.813592+00, 4a1d29e5-f507-432b-a5c2-a17a89d329e3, Technical Program Manager, Core Infrastructure, stripe-technical-program-manager-core-infrastructure-7589234, Seattle, SF, Remote, , , null, &lt;h2&gt;Who we are&lt;/h2&gt;
&lt;h3&gt;About Stripe&lt;/h3&gt..., null, null, USD, , null, null, active, 0, 0, 1, 1, null, null, f, 7589234, greenhouse, https://stripe.com/jobs/search?gh_jid=7589234, null, 2026-09-26 23:39:06.81337+00, f, ["Missing or invalid company name"], 0.8, {"id": 7589234, "title": "Technical Program Manager, Core Infras..., null, EGP, null, null, 2026-06-28 23:39:06.813365+00, , scraped).

/usr/local/lib/python3.11/site-packages/django/db/models/fields/__init__.py:1595: RuntimeWarning: DateTimeField Job.expires_at received a naive datetime (2026-09-26 23:39:06.818124) while time zone support is active.
  warnings.warn(
Failed to process job: null value in column "experience_level" of relation "jobs_job" violates not-null constraint
DETAIL:  Failing row contains (478, 2026-06-28 23:39:06.818307+00, 2026-06-28 23:39:06.818317+00, bd32cc9c-15ee-411a-810c-ed19208ed5c6, Technical Program Manager,  Extensibility Programs, stripe-technical-program-manager-extensibility-programs-7778643, Remote in the US, Chicago, Atlanta, , , null, &lt;h2&gt;Who we are&lt;/h2&gt;
&lt;h3&gt;About Stripe&lt;/h3&gt..., null, null, USD, , null, null, active, 0, 0, 1, 1, null, null, f, 7778643, greenhouse, https://stripe.com/jobs/search?gh_jid=7778643, null, 2026-09-26 23:39:06.818124+00, f, ["Missing or invalid company name"], 0.8, {"id": 7778643, "title": "Technical Program Manager,  Extensibil..., null, EGP, null, null, 2026-06-28 23:39:06.81812+00, , scraped).

/usr/local/lib/python3.11/site-packages/django/db/models/fields/__init__.py:1595: RuntimeWarning: DateTimeField Job.expires_at received a naive datetime (2026-09-26 23:39:06.822579) while time zone support is active.
  warnings.warn(
Failed to process job: null value in column "experience_level" of relation "jobs_job" violates not-null constraint
DETAIL:  Failing row contains (479, 2026-06-28 23:39:06.82275+00, 2026-06-28 23:39:06.82276+00, 7b1a60df-da7a-4297-b872-380ae4c18d69, Technical Program Manager, Extensibility Programs, stripe-technical-program-manager-extensibility-programs-7749540, Toronto, , , null, &lt;h2&gt;Who we are&lt;/h2&gt;
&lt;h3&gt;About Stripe&lt;/h3&gt..., null, null, USD, , null, null, active, 0, 0, 1, 1, null, null, f, 7749540, greenhouse, https://stripe.com/jobs/search?gh_jid=7749540, null, 2026-09-26 23:39:06.822579+00, f, ["Missing or invalid company name"], 0.8, {"id": 7749540, "title": "Technical Program Manager, Extensibili..., null, EGP, null, null, 2026-06-28 23:39:06.822575+00, , scraped).

/usr/local/lib/python3.11/site-packages/django/db/models/fields/__init__.py:1595: RuntimeWarning: DateTimeField Job.expires_at received a naive datetime (2026-09-26 23:39:06.826164) while time zone support is active.
  warnings.warn(
Failed to process job: null value in column "experience_level" of relation "jobs_job" violates not-null constraint
DETAIL:  Failing row contains (480, 2026-06-28 23:39:06.82632+00, 2026-06-28 23:39:06.826329+00, 93dfb966-4a94-4b3a-95de-3b91d6ed0dc9, Technical Program Manager,  Identity and Access Management Progr..., stripe-technical-program-manager-identity-and-access-mana-741709..., Remote in the US, Chicago, Atlanta, , , null, &lt;h2&gt;Who we are&lt;/h2&gt;
&lt;h3&gt;About Stripe&lt;/h3&gt..., null, null, USD, , null, null, active, 0, 0, 1, 1, null, null, f, 7417090, greenhouse, https://stripe.com/jobs/search?gh_jid=7417090, null, 2026-09-26 23:39:06.826164+00, f, ["Missing or invalid company name"], 0.8, {"id": 7417090, "title": "Technical Program Manager,  Identity a..., null, EGP, null, null, 2026-06-28 23:39:06.82616+00, , scraped).

/usr/local/lib/python3.11/site-packages/django/db/models/fields/__init__.py:1595: RuntimeWarning: DateTimeField Job.expires_at received a naive datetime (2026-09-26 23:39:06.829952) while time zone support is active.
  warnings.warn(
Failed to process job: null value in column "experience_level" of relation "jobs_job" violates not-null constraint
DETAIL:  Failing row contains (481, 2026-06-28 23:39:06.83012+00, 2026-06-28 23:39:06.830129+00, 55b477f7-d863-415a-bb00-02e1f5c06473, Technical Program Manager, Risk, stripe-technical-program-manager-risk-7678655, Bangalore, , , null, &lt;h2&gt;Who we are&lt;/h2&gt;
&lt;h3&gt;About Stripe&lt;/h3&gt..., null, null, USD, , null, null, active, 0, 0, 1, 1, null, null, f, 7678655, greenhouse, https://stripe.com/jobs/search?gh_jid=7678655, null, 2026-09-26 23:39:06.829952+00, f, ["Missing or invalid company name"], 0.8, {"id": 7678655, "title": "Technical Program Manager, Risk", "loc..., null, EGP, null, null, 2026-06-28 23:39:06.829949+00, , scraped).

/usr/local/lib/python3.11/site-packages/django/db/models/fields/__init__.py:1595: RuntimeWarning: DateTimeField Job.expires_at received a naive datetime (2026-09-26 23:39:06.833327) while time zone support is active.
  warnings.warn(
Failed to process job: null value in column "experience_level" of relation "jobs_job" violates not-null constraint
DETAIL:  Failing row contains (482, 2026-06-28 23:39:06.833463+00, 2026-06-28 23:39:06.833471+00, f0ba4f10-fe27-475a-ad5d-40f119598133, Technical Program Manager, Service Infrastructure, stripe-technical-program-manager-service-infrastructure-7985196, Seattle, San Francisco, Remote in the US, , , null, &lt;h2&gt;Who we are&lt;/h2&gt;
&lt;h3&gt;About Stripe&lt;/h3&gt..., null, null, USD, , null, null, active, 0, 0, 1, 1, null, null, f, 7985196, greenhouse, https://stripe.com/jobs/search?gh_jid=7985196, null, 2026-09-26 23:39:06.833327+00, f, ["Missing or invalid company name"], 0.8, {"id": 7985196, "title": "Technical Program Manager, Service Inf..., null, EGP, null, null, 2026-06-28 23:39:06.833324+00, , scraped).

/usr/local/lib/python3.11/site-packages/django/db/models/fields/__init__.py:1595: RuntimeWarning: DateTimeField Job.expires_at received a naive datetime (2026-09-26 23:39:06.836818) while time zone support is active.
  warnings.warn(
Failed to process job: null value in column "experience_level" of relation "jobs_job" violates not-null constraint
DETAIL:  Failing row contains (483, 2026-06-28 23:39:06.836962+00, 2026-06-28 23:39:06.83697+00, cb624366-558d-4a43-9343-6dadd608ba9f, Technical Solutions Engineer, stripe-technical-solutions-engineer-7377101, Remote - California, Remote - Colorado, Remote - Oregon, Remote ..., , , null, &lt;h2&gt;&lt;strong&gt;Who we are &lt;/strong&gt;&lt;/h2&gt;
&l..., null, null, USD, , null, null, active, 0, 0, 1, 1, null, null, f, 7377101, greenhouse, https://stripe.com/jobs/search?gh_jid=7377101, null, 2026-09-26 23:39:06.836818+00, f, ["Missing or invalid company name"], 0.8, {"id": 7377101, "title": "Technical Solutions Engineer", "locati..., null, EGP, null, null, 2026-06-28 23:39:06.836814+00, , scraped).

/usr/local/lib/python3.11/site-packages/django/db/models/fields/__init__.py:1595: RuntimeWarning: DateTimeField Job.expires_at received a naive datetime (2026-09-26 23:39:06.840270) while time zone support is active.
  warnings.warn(
Failed to process job: null value in column "experience_level" of relation "jobs_job" violates not-null constraint
DETAIL:  Failing row contains (484, 2026-06-28 23:39:06.840452+00, 2026-06-28 23:39:06.840463+00, ee65678e-68b0-420a-89f5-2b4270020893, Tech Operations Associate, New Grad (Mexico), stripe-tech-operations-associate-new-grad-mexico-7718947, Mexico City, Mexico, , , null, &lt;h2&gt;Who we are&lt;/h2&gt;
&lt;h3&gt;About Stripe&lt;/h3&gt..., null, null, USD, , null, null, active, 0, 0, 1, 1, null, null, f, 7718947, greenhouse, https://stripe.com/jobs/search?gh_jid=7718947, null, 2026-09-26 23:39:06.84027+00, f, ["Missing or invalid company name"], 0.8, {"id": 7718947, "title": "Tech Operations Associate, New Grad (M..., null, EGP, null, null, 2026-06-28 23:39:06.840267+00, , scraped).

/usr/local/lib/python3.11/site-packages/django/db/models/fields/__init__.py:1595: RuntimeWarning: DateTimeField Job.expires_at received a naive datetime (2026-09-26 23:39:06.844643) while time zone support is active.
  warnings.warn(
Failed to process job: null value in column "experience_level" of relation "jobs_job" violates not-null constraint
DETAIL:  Failing row contains (485, 2026-06-28 23:39:06.8448+00, 2026-06-28 23:39:06.844809+00, 83cd3fa3-ef0d-4726-a9ab-e940724de3fa, Transfer Pricing Specialist  , stripe-transfer-pricing-specialist-7897129, Bengaluru, , , null, &lt;h2&gt;&lt;strong&gt;Who we are&lt;br&gt;&lt;/strong&gt;&lt;/..., null, null, USD, , null, null, active, 0, 0, 1, 1, null, null, f, 7897129, greenhouse, https://stripe.com/jobs/search?gh_jid=7897129, null, 2026-09-26 23:39:06.844643+00, f, ["Missing or invalid company name"], 0.8, {"id": 7897129, "title": "Transfer Pricing Specialist  ", "locat..., null, EGP, null, null, 2026-06-28 23:39:06.844639+00, , scraped).

/usr/local/lib/python3.11/site-packages/django/db/models/fields/__init__.py:1595: RuntimeWarning: DateTimeField Job.expires_at received a naive datetime (2026-09-26 23:39:06.847788) while time zone support is active.
  warnings.warn(
Failed to process job: null value in column "experience_level" of relation "jobs_job" violates not-null constraint
DETAIL:  Failing row contains (486, 2026-06-28 23:39:06.847948+00, 2026-06-28 23:39:06.847957+00, 82e55d08-2e57-43ce-a3cb-4dbd800dab47, Treasury Operations Specialist , stripe-treasury-operations-specialist-7645711, IN - Bengaluru, , , null, &lt;h2&gt;Who we are&lt;/h2&gt;
&lt;h3&gt;About Stripe&lt;/h3&gt..., null, null, USD, , null, null, active, 0, 0, 1, 1, null, null, f, 7645711, greenhouse, https://stripe.com/jobs/search?gh_jid=7645711, null, 2026-09-26 23:39:06.847788+00, f, ["Missing or invalid company name"], 0.8, {"id": 7645711, "title": "Treasury Operations Specialist ", "loc..., null, EGP, null, null, 2026-06-28 23:39:06.847784+00, , scraped).

/usr/local/lib/python3.11/site-packages/django/db/models/fields/__init__.py:1595: RuntimeWarning: DateTimeField Job.expires_at received a naive datetime (2026-09-26 23:39:06.851232) while time zone support is active.
  warnings.warn(
Failed to process job: null value in column "experience_level" of relation "jobs_job" violates not-null constraint
DETAIL:  Failing row contains (487, 2026-06-28 23:39:06.851374+00, 2026-06-28 23:39:06.851383+00, a07909b9-578a-4632-b892-fda24d79f833, UAE Chief Risk Officer and Compliance and Money Laundering Repor..., stripe-uae-chief-risk-officer-and-compliance-and-money-la-775755..., Dubai, UAE, , , null, &lt;h2&gt;Who we are&lt;/h2&gt;
&lt;h3&gt;About Stripe&lt;/h3&gt..., null, null, USD, , null, null, active, 0, 0, 1, 1, null, null, f, 7757554, greenhouse, https://stripe.com/jobs/search?gh_jid=7757554, null, 2026-09-26 23:39:06.851232+00, f, ["Missing or invalid company name"], 0.8, {"id": 7757554, "title": "UAE Chief Risk Officer and Compliance ..., null, EGP, null, null, 2026-06-28 23:39:06.851229+00, , scraped).

/usr/local/lib/python3.11/site-packages/django/db/models/fields/__init__.py:1595: RuntimeWarning: DateTimeField Job.expires_at received a naive datetime (2026-09-26 23:39:06.854434) while time zone support is active.
  warnings.warn(
Failed to process job: null value in column "experience_level" of relation "jobs_job" violates not-null constraint
DETAIL:  Failing row contains (488, 2026-06-28 23:39:06.854578+00, 2026-06-28 23:39:06.854586+00, 8afe3e36-f6f7-4962-8165-bad0be82ad60, User Escalation Specialist , stripe-user-escalation-specialist-7863789, Singapore, , , null, &lt;h2&gt;Who we are&lt;/h2&gt;
&lt;h3&gt;About Stripe&lt;/h3&gt..., null, null, USD, , null, null, active, 0, 0, 1, 1, null, null, f, 7863789, greenhouse, https://stripe.com/jobs/search?gh_jid=7863789, null, 2026-09-26 23:39:06.854434+00, f, ["Missing or invalid company name"], 0.8, {"id": 7863789, "title": "User Escalation Specialist ", "locatio..., null, EGP, null, null, 2026-06-28 23:39:06.854431+00, , scraped).

/usr/local/lib/python3.11/site-packages/django/db/models/fields/__init__.py:1595: RuntimeWarning: DateTimeField Job.expires_at received a naive datetime (2026-09-26 23:39:06.858881) while time zone support is active.
  warnings.warn(
Failed to process job: null value in column "experience_level" of relation "jobs_job" violates not-null constraint
DETAIL:  Failing row contains (489, 2026-06-28 23:39:06.859042+00, 2026-06-28 23:39:06.859053+00, 0e3dd1d1-beca-447c-af5e-4ea587df3555, User Risk Strategist, Ecosystem Risk Strategy, stripe-user-risk-strategist-ecosystem-risk-strategy-7977981, US-Chicago; US-Atlanta; US-Remote, , , null, &lt;h2&gt;Who we are&lt;/h2&gt;
&lt;h3&gt;About Stripe&lt;/h3&gt..., null, null, USD, , null, null, active, 0, 0, 1, 1, null, null, f, 7977981, greenhouse, https://stripe.com/jobs/search?gh_jid=7977981, null, 2026-09-26 23:39:06.858881+00, f, ["Missing or invalid company name"], 0.8, {"id": 7977981, "title": "User Risk Strategist, Ecosystem Risk S..., null, EGP, null, null, 2026-06-28 23:39:06.858877+00, , scraped).

/usr/local/lib/python3.11/site-packages/django/db/models/fields/__init__.py:1595: RuntimeWarning: DateTimeField Job.expires_at received a naive datetime (2026-09-26 23:39:06.862484) while time zone support is active.
  warnings.warn(
Failed to process job: null value in column "experience_level" of relation "jobs_job" violates not-null constraint
DETAIL:  Failing row contains (490, 2026-06-28 23:39:06.862643+00, 2026-06-28 23:39:06.862653+00, 5c343574-61e1-4115-b0f1-0a29de024eed, Workday Compensation Lead, stripe-workday-compensation-lead-7765976, Canada, US-Remote, Chicago, Atlanta, , , null, &lt;h2&gt;&lt;strong&gt;Who we are&lt;/strong&gt;&lt;/h2&gt;
&lt..., null, null, USD, , null, null, active, 0, 0, 1, 1, null, null, f, 7765976, greenhouse, https://stripe.com/jobs/search?gh_jid=7765976, null, 2026-09-26 23:39:06.862484+00, f, ["Missing or invalid company name"], 0.8, {"id": 7765976, "title": "Workday Compensation Lead", "location"..., null, EGP, null, null, 2026-06-28 23:39:06.86248+00, , scraped).

/usr/local/lib/python3.11/site-packages/django/db/models/fields/__init__.py:1595: RuntimeWarning: DateTimeField Job.expires_at received a naive datetime (2026-09-26 23:39:06.866290) while time zone support is active.
  warnings.warn(
Failed to process job: null value in column "experience_level" of relation "jobs_job" violates not-null constraint
DETAIL:  Failing row contains (491, 2026-06-28 23:39:06.866523+00, 2026-06-28 23:39:06.866537+00, cf6bf745-227b-4420-9406-4607beef452f, Workplace Strategy & Operations Manager, stripe-workplace-strategy-operations-manager-8016510, San Francisco, , , null, &lt;h1&gt;Workplace Strategy and Operations Manager&lt;/h1&gt;
&..., null, null, USD, , null, null, active, 0, 0, 1, 1, null, null, f, 8016510, greenhouse, https://stripe.com/jobs/search?gh_jid=8016510, null, 2026-09-26 23:39:06.86629+00, f, ["Missing or invalid company name"], 0.8, {"id": 8016510, "title": "Workplace Strategy & Operations Manage..., null, EGP, null, null, 2026-06-28 23:39:06.866284+00, , scraped).

/usr/local/lib/python3.11/site-packages/django/db/models/fields/__init__.py:1595: RuntimeWarning: DateTimeField Job.expires_at received a naive datetime (2026-09-26 23:39:06.870647) while time zone support is active.
  warnings.warn(
Failed to process job: null value in column "experience_level" of relation "jobs_job" violates not-null constraint
DETAIL:  Failing row contains (492, 2026-06-28 23:39:06.870802+00, 2026-06-28 23:39:06.870812+00, 339e28a8-6b88-4cf4-b146-1383b615cdba, Writer, Content Marketing, stripe-writer-content-marketing-7587814, Remote US, , , null, &lt;h2&gt;Who we are&lt;/h2&gt;
&lt;h3&gt;About Stripe&lt;/h3&gt..., null, null, USD, , null, null, active, 0, 0, 1, 1, null, null, f, 7587814, greenhouse, https://stripe.com/jobs/search?gh_jid=7587814, null, 2026-09-26 23:39:06.870647+00, f, ["Missing or invalid company name"], 0.8, {"id": 7587814, "title": "Writer, Content Marketing", "location"..., null, EGP, null, null, 2026-06-28 23:39:06.870643+00, , scraped).

Lever scrape failed for sumo-digital-lever: 404 Client Error: Not Found for url: https://api.lever.co/v0/postings/sumo-digital-lever?mode=json
BambooHR scrape failed for tlm-partners-bamboohr: 403 Client Error: Forbidden for url: https://www.bamboohr.com
Greenhouse scrape failed for take-two-interactive-greenhouse: 404 Client Error: Not Found for url: https://api.greenhouse.io/v1/boards/take-two-interactive-greenhouse/jobs?content=true
Greenhouse scrape failed for the-new-york-times-greenhouse: 404 Client Error: Not Found for url: https://api.greenhouse.io/v1/boards/the-new-york-times-greenhouse/jobs?content=true
Greenhouse scrape failed for tripwire-greenhouse: 404 Client Error: Not Found for url: https://api.greenhouse.io/v1/boards/tripwire-greenhouse/jobs?content=true
Greenhouse scrape failed for twitch-greenhouse: 404 Client Error: Not Found for url: https://api.greenhouse.io/v1/boards/twitch-greenhouse/jobs?content=true
Greenhouse scrape failed for udemy-greenhouse: 404 Client Error: Not Found for url: https://api.greenhouse.io/v1/boards/udemy-greenhouse/jobs?content=true
Lever scrape failed for unknown-worlds-lever: 404 Client Error: Not Found for url: https://api.lever.co/v0/postings/unknown-worlds-lever?mode=json
Ashby scrape failed for valon-ashby: 404 Client Error: Not Found for url: https://api.ashbyhq.com/posting-api/job-board/valon-ashby
Greenhouse scrape failed for virtex-greenhouse: 404 Client Error: Not Found for url: https://api.greenhouse.io/v1/boards/virtex-greenhouse/jobs?content=true
Ashby scrape failed for voldex-ashby: 404 Client Error: Not Found for url: https://api.ashbyhq.com/posting-api/job-board/voldex-ashby
Lever scrape failed for voodoo-lever: 404 Client Error: Not Found for url: https://api.lever.co/v0/postings/voodoo-lever?mode=json
Greenhouse scrape failed for wildlife-studios-greenhouse: 404 Client Error: Not Found for url: https://api.greenhouse.io/v1/boards/wildlife-studios-greenhouse/jobs?content=true
Greenhouse scrape failed for wizards-of-the-coast-greenhouse: 404 Client Error: Not Found for url: https://api.greenhouse.io/v1/boards/wizards-of-the-coast-greenhouse/jobs?content=true
Lever scrape failed for clevertap-lever: 404 Client Error: Not Found for url: https://api.lever.co/v0/postings/clevertap-lever?mode=json
Greenhouse scrape failed for free-range-games-greenhouse: 404 Client Error: Not Found for url: https://api.greenhouse.io/v1/boards/free-range-games-greenhouse/jobs?content=true
BambooHR scrape failed for gazeus-games-bamboohr: 403 Client Error: Forbidden for url: https://www.bamboohr.com
Lever scrape failed for magnopus-lever: 404 Client Error: Not Found for url: https://api.lever.co/v0/postings/magnopus-lever?mode=json
Lever scrape failed for ramen-vr-lever: 404 Client Error: Not Found for url: https://api.lever.co/v0/postings/ramen-vr-lever?mode=json
Traceback (most recent call last):
  File "/usr/local/lib/python3.11/site-packages/django/db/models/query.py", line 916, in get_or_create
    return self.get(**kwargs), False
           ^^^^^^^^^^^^^^^^^^
  File "/usr/local/lib/python3.11/site-packages/django/db/models/query.py", line 637, in get
    raise self.model.DoesNotExist(
apps.core.models.PipelineHealth.DoesNotExist: PipelineHealth matching query does not exist.

During handling of the above exception, another exception occurred:

Traceback (most recent call last):
  File "/app/manage.py", line 21, in <module>
    main()
  File "/app/manage.py", line 17, in main
    execute_from_command_line(sys.argv)
  File "/usr/local/lib/python3.11/site-packages/django/core/management/__init__.py", line 442, in execute_from_command_line
    utility.execute()
  File "/usr/local/lib/python3.11/site-packages/django/core/management/__init__.py", line 436, in execute
    self.fetch_command(subcommand).run_from_argv(self.argv)
  File "/usr/local/lib/python3.11/site-packages/django/core/management/base.py", line 412, in run_from_argv
    self.execute(*args, **cmd_options)
  File "/usr/local/lib/python3.11/site-packages/django/core/management/base.py", line 458, in execute
    output = self.handle(*args, **options)
             ^^^^^^^^^^^^^^^^^^^^^^^^^^^^^
  File "/app/apps/scraper/management/commands/scrape_jobs.py", line 71, in handle
    result = scrape_all_sources()
             ^^^^^^^^^^^^^^^^^^^^
  File "/usr/local/lib/python3.11/site-packages/celery/local.py", line 182, in __call__
    return self._get_current_object()(*a, **kw)
           ^^^^^^^^^^^^^^^^^^^^^^^^^^^^^^^^^^^^
  File "/usr/local/lib/python3.11/site-packages/celery/app/task.py", line 411, in __call__
    return self.run(*args, **kwargs)
           ^^^^^^^^^^^^^^^^^^^^^^^^^
  File "/app/apps/scraper/tasks.py", line 101, in scrape_all_sources
    raise self.retry(exc=exc, countdown=60 * 10)  # Retry in 10 minutes
          ^^^^^^^^^^^^^^^^^^^^^^^^^^^^^^^^^^^^^^
  File "/usr/local/lib/python3.11/site-packages/celery/app/task.py", line 720, in retry
    raise_with_context(exc or Retry('Task can be retried', None))
  File "/app/apps/scraper/tasks.py", line 74, in scrape_all_sources
    PipelineHealth.objects.update_or_create(
  File "/usr/local/lib/python3.11/site-packages/django/db/models/manager.py", line 87, in manager_method
    return getattr(self.get_queryset(), name)(*args, **kwargs)
           ^^^^^^^^^^^^^^^^^^^^^^^^^^^^^^^^^^^^^^^^^^^^^^^^^^^
  File "/usr/local/lib/python3.11/site-packages/django/db/models/query.py", line 949, in update_or_create
    obj, created = self.select_for_update().get_or_create(defaults, **kwargs)
                   ^^^^^^^^^^^^^^^^^^^^^^^^^^^^^^^^^^^^^^^^^^^^^^^^^^^^^^^^^^
  File "/usr/local/lib/python3.11/site-packages/django/db/models/query.py", line 923, in get_or_create
    return self.create(**params), True
           ^^^^^^^^^^^^^^^^^^^^^
  File "/usr/local/lib/python3.11/site-packages/django/db/models/query.py", line 658, in create
    obj.save(force_insert=True, using=self.db)
  File "/usr/local/lib/python3.11/site-packages/django/db/models/base.py", line 814, in save
    self.save_base(
  File "/usr/local/lib/python3.11/site-packages/django/db/models/base.py", line 877, in save_base
    updated = self._save_table(
              ^^^^^^^^^^^^^^^^^
  File "/usr/local/lib/python3.11/site-packages/django/db/models/base.py", line 1020, in _save_table
    results = self._do_insert(
              ^^^^^^^^^^^^^^^^
  File "/usr/local/lib/python3.11/site-packages/django/db/models/base.py", line 1061, in _do_insert
    return manager._insert(
           ^^^^^^^^^^^^^^^^
  File "/usr/local/lib/python3.11/site-packages/django/db/models/manager.py", line 87, in manager_method
    return getattr(self.get_queryset(), name)(*args, **kwargs)
           ^^^^^^^^^^^^^^^^^^^^^^^^^^^^^^^^^^^^^^^^^^^^^^^^^^^
  File "/usr/local/lib/python3.11/site-packages/django/db/models/query.py", line 1805, in _insert
    return query.get_compiler(using=using).execute_sql(returning_fields)
           ^^^^^^^^^^^^^^^^^^^^^^^^^^^^^^^^^^^^^^^^^^^^^^^^^^^^^^^^^^^^^
  File "/usr/local/lib/python3.11/site-packages/django/db/models/sql/compiler.py", line 1821, in execute_sql
    for sql, params in self.as_sql():
                       ^^^^^^^^^^^^^
  File "/usr/local/lib/python3.11/site-packages/django/db/models/sql/compiler.py", line 1745, in as_sql
    value_rows = [
                 ^
  File "/usr/local/lib/python3.11/site-packages/django/db/models/sql/compiler.py", line 1746, in <listcomp>
    [
  File "/usr/local/lib/python3.11/site-packages/django/db/models/sql/compiler.py", line 1747, in <listcomp>
    self.prepare_value(field, self.pre_save_val(field, obj))
  File "/usr/local/lib/python3.11/site-packages/django/db/models/sql/compiler.py", line 1672, in prepare_value
    raise ValueError(
ValueError: Failed to insert expression "Col(core_pipelinehealth, core.PipelineHealth.run_count) + Value(1)" on core.PipelineHealth.run_count. F() expressions can only be used to update, not to insert.
